5571.14,720.02,2220.18,380.01,250.0,360.0,170.0,600.01,430.01,460.01,550.01,190.0,460.01,260.0,450.01,360.0,850.03,930.03,480.01,650.02,900.03,810.02,500.01,540.01,960.03,1000.04,570.01,9543.36,870.03,690.02,830.03,1540.09,1200.05,1460.08,1680.1,900.03,1210.05,970.03,1350.07,1140.05,1180.05,1200.05,1380.07,1610.1,940.03,880.03,1080.04,1620.1,1300.06,1380.07,1450.08,990.04,1720.11,1890.13,1450.08,1620.1,1360.07,1660.1,1560.09,1490.08,1930.14,1430.08,1750.11,1250.06,1380.07,900.03,1110.05,1560.09,1110.05,950.03,1100.04,1080.04,770.02,790.02,670.02,720.02,1120.05,660.02,690.02,1060.04,630.01,490.01,540.01,550.01,560.01,580.01,750.02,460.01,740.02,600.01,780.02,530.01,860.03,710.02,510.01,750.02,490.01,550.01,370.01,470.01,630.01,710.02,800.02,420.01,680.02,290.0,660.02,830.03,100.0
580.01,320.0,230.0,180.0,240.0,170.0,380.01,380.01,450.01,330.0,180.0,400.01,590.01,590.01,520.01,760.02,1120.05,790.02,980.04,640.02,670.02,440.01,990.04,730.02,570.01,590.01,620.01,610.01,460.01,660.02,630.01,580.01,960.03,720.02,560.01,900.03,780.02,600.01,860.03,510.01,1150.05,590.01,500.01,790.02,400.01,300.0,440.01,490.01,500.01,390.01,350.0,780.02,410.01,700.02,340.0,550.01,510.01,430.01,880.03,720.02,800.02,600.01,440.01,510.01,420.01,530.01,670.02,390.01,710.02,390.01,1010.04,540.01,490.01,470.01,570.01,630.01,320.0,200.0,200.0,360.0,350.0,240.0,360.0,290.0,320.0,280.0,170.0,310.0,150.0,260.0,320.0,140.0,240.0,110.0,190.0,180.0,270.0,190.0,190.0,260.0,220.0,230.0,490.01,280.0,220.0,350.0,210.0,480.01,110.0
320.0,110.0,300.0,200.0,130.0,360.0,240.0,140.0,310.0,270.0,130.0,250.0,300.0,190.0,290.0,320.0,300.0,300.0,290.0,330.0,250.0,400.01,230.0,380.01,390.01,330.0,210.0,280.0,210.0,280.0,280.0,290.0,280.0,170.0,220.0,260.0,160.0,340.0,310.0,410.01,910.03,1530.09,2260.19,2400.21,2500.23,2810.29,2640.26,2900.31,3210.38,2320.2,1820.12,3100.35,1890.13,2360.21,1520.09,2230.18,1280.06,530.01,390.01,250.0,180.0,190.0,330.0,420.01,400.01,210.0,270.0,330.0,220.0,420.01,450.01,230.0,230.0,250.0,310.0,230.0,320.0,160.0,320.0,200.0,250.0,350.0,210.0,280.0,260.0,220.0,300.0,190.0,270.0,140.0,210.0,160.0,250.0,220.0,90.0,480.01,230.0,110.0,260.0,180.0,170.0,180.0,200.0,100.0,110.0,120.0,270.0,160.0,120.0
180.0,160.0,120.0,170.0,70.0,160.0,220.0,130.0,150.0,170.0,130.0,190.0,110.0,160.0,210.0,180.0,250.0,240.0,160.0,160.0,290.0,220.0,290.0,160.0,240.0,280.0,210.0,280.0,430.01,130.0,250.0,420.01,220.0,200.0,150.0,610.01,2160.17,1880.13,2950.32,2570.24,1710.11,1850.13,1520.09,1610.1,1230.06,1640.1,10033.71,11074.52,6281.45,1250.06,1370.07,1240.06,1490.08,1360.07,1690.11,1770.12,2520.23,2090.16,3420.43,2210.18,2050.15,1060.04,270.0,350.0,250.0,190.0,260.0,240.0,320.0,450.01,440.01,290.0,120.0,280.0,270.0,1520.09,380.01,230.0,290.0,190.0,200.0,270.0,340.0,120.0,120.0,300.0,580.01,160.0,210.0,180.0,200.0,170.0,190.0,530.01,120.0,140.0,230.0,260.0,170.0,140.0,190.0,150.0,170.0,150.0,420.01,190.0,130.0,130.0,50.0
90.0,60.0,130.0,150.0,80.0,220.0,210.0,130.0,130.0,120.0,50.0,200.0,200.0,90.0,200.0,130.0,230.0,210.0,240.0,180.0,210.0,180.0,280.0,120.0,210.0,250.0,300.0,220.0,340.0,220.0,190.0,500.01,1390.07,2160.17,2360.21,2370.21,2340.2,4200.65,26646.14,29000.96,16199.67,14958.24,29241.48,55633.83,57551.81,87038.3,74644.77,86514.96,69236.21,46328.96,89453.93,53414.94,66130.78,81212.34,56607.85,81886.37,27808.47,10764.27,1410.07,1310.06,1770.12,2440.22,2530.24,2040.15,1880.13,620.01,340.0,310.0,240.0,350.0,400.01,290.0,290.0,350.0,340.0,6251.44,460.01,190.0,140.0,250.0,230.0,310.0,220.0,220.0,270.0,280.0,180.0,160.0,150.0,150.0,210.0,200.0,300.0,230.0,130.0,270.0,180.0,140.0,290.0,290.0,430.01,200.0,260.0,160.0,200.0,190.0,150.0,110.0,50.0
210.0,100.0,180.0,190.0,170.0,170.0,140.0,190.0,190.0,160.0,130.0,180.0,120.0,220.0,240.0,220.0,190.0,890.03,320.0,340.0,310.0,250.0,190.0,300.0,240.0,240.0,400.01,520.01,370.01,1300.06,3170.37,3120.36,2180.18,1440.08,3860.55,11484.86,83063.49,102173.29,72533.37,93319.84,34213.08,65427.38,34082.76,18532.65,11975.28,16409.92,4100.62,4410.72,7251.94,5120.97,7281.95,6441.53,6311.47,18492.59,13116.34,60595.02,32849.72,76806.8,39427.21,36930.19,31917.5,3670.5,1940.14,1000.04,1840.12,2870.3,1950.14,1030.04,380.01,450.01,500.01,300.0,210.0,290.0,170.0,550.01,310.0,280.0,380.01,410.01,150.0,210.0,210.0,260.0,300.0,160.0,240.0,200.0,240.0,240.0,340.0,170.0,270.0,230.0,280.0,260.0,220.0,220.0,170.0,200.0,200.0,270.0,230.0,100.0,150.0,230.0,130.0,140.0,60.0
240.0,110.0,210.0,330.0,190.0,180.0,210.0,190.0,260.0,420.01,280.0,140.0,300.0,240.0,440.01,440.01,4660.8,630.01,150.0,400.01,490.01,320.0,350.0,420.01,340.0,280.0,750.02,2350.2,3000.33,1860.13,9683.45,47733.82,42717.14,46900.93,54398.84,22288.29,9033.01,21056.33,9053.02,3940.57,7792.24,4600.78,5451.09,7051.83,1510.08,4390.71,2230.18,5150.98,4590.78,4030.6,4100.62,6411.51,3790.53,4460.73,2570.24,8352.57,6931.77,34834.66,59208.92,48707.27,97176.78,47884.35,6471.54,8012.37,1540.09,1460.08,2950.32,3360.42,2410.21,530.01,580.01,250.0,240.0,280.0,280.0,250.0,330.0,200.0,190.0,260.0,280.0,270.0,240.0,350.0,200.0,320.0,250.0,420.01,250.0,200.0,260.0,290.0,240.0,260.0,180.0,150.0,270.0,260.0,230.0,200.0,300.0,300.0,170.0,260.0,230.0,130.0,380.01,130.0,100.0
110.0,110.0,200.0,200.0,240.0,280.0,150.0,360.0,350.0,210.0,210.0,230.0,280.0,270.0,290.0,3940.57,2380.21,870.03,260.0,220.0,380.01,510.01,360.0,380.01,510.01,2510.23,2560.24,1750.11,1370.07,36248.36,74443.68,54167.92,30263.72,25073.15,11524.89,9343.22,7712.19,1550.09,2300.19,1700.11,2800.29,3880.55,4630.79,2960.32,2320.2,4070.61,1420.07,3210.38,1060.04,2880.31,2400.21,2960.32,1960.14,3380.42,2110.16,3410.43,3060.35,1580.09,12876.11,6971.79,21136.45,26896.64,56878.98,42185.48,39828.38,13516.73,2770.28,1470.08,1620.1,2250.19,2580.25,740.02,230.0,490.01,200.0,490.01,270.0,300.0,310.0,300.0,400.01,330.0,290.0,590.01,250.0,300.0,360.0,320.0,190.0,290.0,250.0,260.0,330.0,240.0,190.0,210.0,280.0,270.0,280.0,220.0,400.01,300.0,180.0,430.01,300.0,180.0,170.0,130.0,150.0
190.0,140.0,210.0,170.0,260.0,220.0,220.0,400.01,220.0,180.0,310.0,220.0,160.0,170.0,910.03,5361.06,2140.17,600.01,320.0,590.01,470.01,510.01,570.01,2350.2,3420.43,2180.18,10263.88,50584.13,66160.93,57833.0,27257.35,10674.2,9773.52,4630.79,3120.36,4730.82,3910.56,2830.3,1880.13,2590.25,2530.24,2000.15,2930.32,1200.05,2260.19,1330.07,2090.16,2090.16,2350.2,2730.27,2850.3,3280.4,2460.22,910.03,3850.55,2090.16,2700.27,2840.3,1310.06,1030.04,4670.8,11514.89,5421.08,20946.16,20635.68,77711.93,68190.94,7482.06,1200.05,1380.07,2440.22,3120.36,1300.06,690.02,330.0,380.01,370.01,330.0,310.0,280.0,530.01,420.01,270.0,260.0,420.01,200.0,300.0,240.0,230.0,310.0,160.0,230.0,150.0,250.0,310.0,950.03,320.0,310.0,240.0,190.0,310.0,190.0,210.0,150.0,90.0,120.0,230.0,140.0,60.0
260.0,410.01,130.0,170.0,280.0,230.0,360.0,290.0,270.0,210.0,500.01,370.01,290.0,4670.8,8962.96,1190.05,570.01,560.01,390.01,450.01,320.0,2590.25,3910.56,2090.16,8692.78,41593.66,108411.41,29181.35,10444.02,8442.63,3710.51,1720.11,1920.14,2180.18,2860.3,3210.38,3000.33,2970.32,1910.13,1670.1,1140.05,940.03,2000.15,440.01,1290.06,1210.05,2290.19,2780.28,2110.16,1510.08,2490.23,690.02,1220.05,2010.15,2290.19,2510.23,1810.12,2710.27,2560.24,4290.68,1450.08,3800.53,5251.02,4590.78,10353.95,21747.42,68964.84,44854.02,4830.86,1390.07,1010.04,1830.12,2940.32,1340.07,300.0,350.0,200.0,720.02,250.0,300.0,310.0,190.0,250.0,280.0,290.0,260.0,250.0,320.0,340.0,350.0,200.0,260.0,240.0,240.0,270.0,180.0,380.01,180.0,220.0,230.0,300.0,230.0,290.0,90.0,120.0,220.0,270.0,210.0,60.0
190.0,140.0,220.0,460.01,200.0,430.01,220.0,330.0,330.0,310.0,1120.05,1790.12,320.0,7171.9,7281.95,810.02,280.0,370.01,410.01,730.02,3500.45,2380.21,16079.52,37742.42,67165.84,32939.94,8642.75,4670.8,7652.16,5961.31,2010.15,2780.28,1700.11,580.01,2760.28,2480.23,3510.45,2460.22,1460.08,760.02,2120.17,2140.17,2440.22,1230.06,1430.08,2400.21,1490.08,1730.11,1240.06,2080.16,1280.06,2290.19,1220.05,1440.08,1470.08,2430.22,1030.04,1920.14,1970.14,2360.21,2220.18,2120.17,1840.12,2410.21,4120.63,8682.78,5671.19,37080.6,53404.9,25924.75,3600.48,1150.05,1790.12,2710.27,2100.16,400.01,260.0,260.0,160.0,330.0,260.0,430.01,230.0,220.0,300.0,250.0,360.0,210.0,260.0,190.0,230.0,380.01,260.0,220.0,280.0,270.0,300.0,290.0,210.0,150.0,510.01,320.0,330.0,260.0,220.0,240.0,180.0,470.01,90.0
320.0,160.0,230.0,450.01,280.0,430.01,610.01,1680.1,2060.16,3330.41,7081.85,3180.37,460.01,430.01,240.0,480.01,370.01,420.01,2950.32,2640.26,9993.68,60363.99,84079.73,58977.91,9913.62,7412.02,4960.91,5000.92,3860.55,1260.06,2850.3,2120.17,2910.31,2660.26,3130.36,1860.13,3390.42,1830.12,1550.09,2140.17,2930.32,1860.13,1510.08,1440.08,1630.1,2590.25,1370.07,2590.25,1490.08,2020.15,1520.09,1570.09,1810.12,1900.13,1070.04,2210.18,2650.26,670.02,1380.07,2390.21,4040.6,1150.05,2570.24,2850.3,3210.38,4800.85,4470.74,5160.98,13526.74,61358.43,19013.31,1590.09,1230.06,1460.08,3090.35,3840.54,560.01,310.0,160.0,250.0,280.0,200.0,310.0,300.0,150.0,240.0,360.0,200.0,340.0,230.0,210.0,330.0,240.0,270.0,200.0,210.0,180.0,200.0,200.0,200.0,220.0,140.0,240.0,230.0,110.0,240.0,190.0,340.0,60.0
290.0,150.0,250.0,240.0,450.01,250.0,3200.38,9143.08,6421.52,7952.33,5311.04,610.01,420.01,350.0,360.0,380.01,490.01,3140.36,2400.21,6111.38,104319.53,55563.54,18853.09,11695.04,4590.78,4550.76,2590.25,2290.19,3220.38,3190.38,3400.43,2290.19,2250.19,1610.1,1430.08,2090.16,1530.09,1670.1,3570.47,3360.42,2690.27,1500.08,1040.04,1600.09,1280.06,2280.19,2550.24,2260.19,2560.24,1970.14,2640.26,1540.09,950.03,2910.31,2290.19,1240.06,1980.14,1740.11,2270.19,2080.16,1110.05,4100.62,3660.49,4000.59,4800.85,2970.32,4860.87,4650.8,7362.0,55804.53,41031.95,16630.19,1580.09,1110.05,1700.11,2840.3,2610.25,1080.04,450.01,300.0,360.0,350.0,190.0,220.0,150.0,160.0,340.0,230.0,260.0,250.0,230.0,340.0,190.0,250.0,270.0,250.0,220.0,120.0,280.0,200.0,260.0,160.0,140.0,210.0,630.01,130.0,110.0,130.0,140.0
550.01,200.0,360.0,410.01,610.01,610.01,470.01,5471.1,8562.7,8372.58,890.03,450.01,280.0,370.01,390.01,1830.12,3270.39,1870.13,25734.38,97015.63,44854.02,8582.71,7622.14,6501.56,4300.68,4160.64,1000.04,3290.4,1520.09,1370.07,2270.19,2170.17,4230.66,3750.52,1680.1,1810.12,2040.15,1990.15,3150.37,2280.19,1530.09,1950.14,2090.16,2550.24,3290.4,1240.06,1340.07,1330.07,960.03,580.01,970.03,2290.19,2330.2,2070.16,3550.46,1060.04,2060.16,870.03,2820.29,3370.42,1990.15,3370.42,3790.53,3220.38,3420.43,3030.34,4480.74,4560.77,4720.82,7341.99,46579.82,24001.21,6161.4,1210.05,1110.05,1280.06,2030.15,2570.24,3160.37,850.03,290.0,270.0,270.0,260.0,140.0,320.0,270.0,380.01,210.0,230.0,330.0,220.0,160.0,210.0,150.0,250.0,310.0,450.01,300.0,190.0,210.0,410.01,370.01,220.0,140.0,280.0,150.0,160.0,120.0
360.0,380.01,290.0,380.01,310.0,580.01,6181.41,7752.21,8032.38,1770.12,380.01,410.01,500.01,370.01,1320.06,3030.34,1660.1,7161.89,96713.48,42917.77,6161.4,7281.95,5050.94,4480.74,4210.65,1300.06,2730.27,2580.25,2580.25,3040.34,2490.23,2650.26,2250.19,1360.07,1750.11,980.04,1990.15,930.03,2000.15,2070.16,1750.11,2160.17,1580.09,2570.24,1730.11,2320.2,2040.15,1750.11,1360.07,1860.13,1730.11,1510.08,2250.19,1000.04,1910.13,2130.17,2570.24,2260.19,2320.2,2180.18,2970.32,3030.34,2960.32,3450.44,3360.42,3650.49,2570.24,3610.48,4290.68,5841.26,18542.66,39868.49,74534.17,4000.59,1060.04,1080.04,1130.05,1190.05,2070.16,4190.65,2330.2,750.02,310.0,290.0,170.0,290.0,410.01,250.0,170.0,150.0,230.0,250.0,220.0,280.0,250.0,230.0,230.0,290.0,150.0,330.0,350.0,280.0,270.0,140.0,130.0,120.0,150.0,60.0,50.0
500.01,330.0,310.0,540.01,380.01,8272.52,8862.89,11004.46,1370.07,290.0,340.0,390.01,310.0,3330.41,2970.32,1370.07,59178.78,93843.44,21577.15,6771.69,6121.38,4490.74,5140.97,4410.72,3190.38,3130.36,2840.3,3380.42,2930.32,1770.12,1640.1,1980.14,2310.2,2350.2,2400.21,1950.14,2160.17,2020.15,2840.3,2820.29,2340.2,2600.25,3160.37,1710.11,2140.17,2000.15,1440.08,1360.07,1460.08,2140.17,1860.13,1200.05,4170.64,1630.1,2100.16,780.02,1580.09,910.03,1100.04,440.01,1670.1,2940.32,670.02,1220.05,2490.23,2060.16,2840.3,3080.35,1920.14,4440.73,7612.13,7862.28,44231.99,32158.07,1740.11,920.03,670.02,1180.05,1250.06,1840.12,3210.38,4090.62,2140.17,440.01,360.0,270.0,250.0,240.0,480.01,250.0,210.0,250.0,210.0,270.0,250.0,170.0,360.0,220.0,230.0,370.01,240.0,460.01,190.0,310.0,120.0,170.0,140.0,130.0,90.0
520.01,190.0,510.01,370.01,8062.39,8122.43,8262.52,3830.54,460.01,190.0,230.0,300.0,2460.22,2940.32,1580.09,10424.0,79411.73,49249.23,9633.42,6441.53,5381.07,3960.58,3980.58,3770.52,3050.34,2000.15,2070.16,800.02,1340.07,2080.16,15999.43,1820.12,600.01,440.01,470.01,550.01,550.01,1210.05,1560.09,1920.14,1150.05,1080.04,1300.06,2490.23,2040.15,1860.13,1090.04,1580.09,770.02,1030.04,1860.13,1360.07,2300.19,1790.12,1500.08,2080.16,2200.18,1140.05,1440.08,2410.21,1750.11,2010.15,2570.24,1330.07,1070.04,2540.24,3390.42,1810.12,1540.09,3510.45,6421.52,5010.93,10534.09,44221.95,46037.98,11865.19,950.03,770.02,840.03,680.02,1130.05,2450.22,4010.59,3780.53,780.02,510.01,210.0,270.0,170.0,260.0,160.0,240.0,260.0,210.0,130.0,320.0,200.0,260.0,130.0,250.0,160.0,900.03,240.0,380.01,240.0,210.0,320.0,660.02,70.0
370.01,350.0,320.0,7412.02,8162.45,6941.78,5401.07,710.02,420.01,350.0,110.0,860.03,3290.4,1680.1,4690.81,82369.29,36809.87,11164.59,6981.8,6191.41,6601.61,5110.96,2730.27,1140.05,4320.69,1680.1,6671.64,10794.29,4670.8,11675.02,6181.41,5311.04,4150.63,4340.69,1540.09,2900.31,3610.48,3400.43,3030.34,3990.59,2150.17,2180.18,1620.1,1510.08,1870.13,1930.14,2570.24,1800.12,1450.08,970.03,1270.06,1880.13,1420.07,1090.04,1840.12,1380.07,1620.1,1740.11,1380.07,1110.05,3080.35,2830.3,2300.19,3270.39,1960.14,2310.2,2710.27,2880.31,1990.15,3610.48,4350.7,3040.34,6731.67,6651.63,9963.66,56366.84,2310.2,780.02,730.02,800.02,910.03,1360.07,2080.16,3560.47,5321.04,1090.04,250.0,250.0,220.0,220.0,180.0,250.0,250.0,240.0,250.0,270.0,220.0,210.0,280.0,580.01,220.0,240.0,310.0,440.01,100.0,100.0,120.0,970.03,310.0
270.0,280.0,1770.12,8392.6,4940.9,7412.02,760.02,480.01,300.0,260.0,270.0,3020.34,2080.16,1090.04,51587.89,70653.5,11584.94,10383.97,12525.78,7502.07,8512.67,3570.47,6021.34,6851.73,9913.62,15799.19,15548.9,22548.72,12395.66,1280.06,6001.33,4410.72,3700.5,4320.69,11184.61,6701.65,9943.64,4790.85,3670.5,3800.53,3500.45,4250.67,4800.85,3680.5,2240.18,650.02,1710.11,1930.14,2240.18,1740.11,1980.14,960.03,1290.06,1930.14,1320.06,1070.04,1890.13,1060.04,1700.11,1990.15,1930.14,1840.12,990.04,1350.07,4070.61,3450.44,2490.23,3000.33,2950.32,1240.06,3850.55,4010.59,3850.55,4040.6,7582.12,51166.3,17761.62,8482.65,3440.44,760.02,760.02,870.03,1010.04,1460.08,3990.59,3560.47,480.01,400.01,320.0,160.0,370.01,180.0,290.0,220.0,250.0,230.0,210.0,140.0,260.0,220.0,280.0,170.0,20705.79,230.0,500.01,160.0,340.0,80.0,80.0
210.0,250.0,7992.35,5241.01,4240.66,4980.91,930.03,490.01,280.0,310.0,390.01,3490.45,1710.11,1020.04,39497.41,60715.56,27287.41,10614.15,3480.45,7412.02,8792.85,11925.24,8782.84,12415.68,28439.78,10494.06,6341.48,7291.96,2390.21,2450.22,17050.71,18652.81,9723.48,6481.55,13897.11,5140.97,4230.66,8652.76,18482.58,8272.52,7181.9,15268.59,8812.86,3380.42,6571.59,8772.84,4270.67,3890.56,2650.26,1670.1,1690.11,2770.28,1820.12,1950.14,1070.04,1050.04,2340.2,840.03,1060.04,1900.13,2060.16,1630.1,1590.09,1360.07,2960.32,1320.06,2930.32,4880.88,2170.17,2390.21,2690.27,3500.45,5120.97,3800.53,4390.71,7271.95,33912.33,62825.13,45897.5,3550.46,850.03,790.02,730.02,720.02,1580.09,4840.86,2520.23,380.01,230.0,420.01,270.0,270.0,200.0,250.0,130.0,360.0,230.0,150.0,200.0,220.0,230.0,250.0,360.0,170.0,540.01,170.0,270.0,120.0,30.0
360.0,640.02,6791.7,4700.81,4130.63,2050.15,480.01,580.01,550.01,280.0,240.0,2920.31,1420.07,1170.05,1020.04,1440.08,2020.15,20134.93,19283.69,9373.24,6181.41,16109.56,15598.96,18332.38,6741.67,1290.06,2500.23,5281.03,7111.86,13166.39,18722.91,22769.09,18262.28,14467.71,14217.44,15699.08,7872.28,3830.54,17270.99,19744.36,14537.78,3280.4,790.02,2750.28,4390.71,4740.83,13256.47,3230.38,4310.68,4540.76,1340.07,600.01,1760.11,1770.12,2520.23,1150.05,2050.15,1550.09,1940.14,1710.11,1400.07,760.02,1190.05,1040.04,2390.21,2950.32,1410.07,3240.39,3050.34,4320.69,3850.55,1960.14,3430.43,4070.61,4960.91,4560.77,8282.53,25333.63,72734.45,42536.58,26886.62,2480.23,690.02,680.02,930.03,2280.19,4710.82,2890.31,280.0,280.0,330.0,300.0,350.0,270.0,450.01,430.01,250.0,330.0,340.0,220.0,220.0,360.0,360.0,370.01,310.0,200.0,180.0,190.0,170.0
230.0,4730.82,3720.51,3990.59,1610.1,390.01,320.0,440.01,340.0,330.0,210.0,1930.14,1730.11,1230.06,1190.05,29932.98,53153.92,14467.71,11915.23,8512.67,13877.09,19173.54,12816.05,26495.85,26054.99,20305.18,18803.02,19193.57,19564.1,22308.32,11975.28,14888.16,14657.91,18011.95,13446.66,16920.54,25383.72,25273.52,24993.0,17831.71,13146.37,3700.5,10744.25,24722.5,13536.75,8382.59,9123.07,10123.78,6001.33,6231.43,1290.06,460.01,630.01,3320.41,2760.28,1720.11,1660.1,680.02,1350.07,1500.08,1960.14,1400.07,2520.23,1530.09,1530.09,2710.27,2280.19,1820.12,1830.12,1050.04,2710.27,1810.12,2340.2,4200.65,3260.39,5431.09,5100.96,5221.0,7872.28,43800.59,47161.83,13436.65,3330.41,760.02,800.02,1000.04,1820.12,4980.91,2690.27,360.0,420.01,260.0,330.0,280.0,230.0,320.0,500.01,290.0,210.0,430.01,180.0,230.0,340.0,170.0,240.0,390.01,160.0,180.0,170.0
210.0,5861.27,3870.55,3620.48,630.01,550.01,520.01,370.01,460.01,290.0,600.01,1330.07,2080.16,2340.2,31296.05,63980.5,11544.91,3770.52,6131.38,16610.16,15218.53,18682.85,21807.51,29401.83,20825.97,14617.87,12335.61,17250.96,10784.28,17641.46,17691.53,16449.97,17561.36,5861.27,3000.33,2890.31,19473.97,17301.02,15148.45,20485.45,25303.57,26185.24,20876.05,19654.22,25714.35,4930.9,1270.06,1030.04,2060.16,9583.38,9513.33,1580.09,1040.04,2520.23,2020.15,1740.11,1440.08,1380.07,1910.13,1190.05,1320.06,1800.12,1890.13,1930.14,2140.17,720.02,810.02,2450.22,9843.57,3590.48,1740.11,2970.32,2380.21,3240.39,2810.29,3980.58,4660.8,4320.69,3880.55,6661.64,24311.76,33691.78,52812.59,19584.12,4450.73,1090.04,900.03,1810.12,5561.14,3380.42,520.01,250.0,330.0,370.01,380.01,220.0,330.0,320.0,260.0,380.01,220.0,330.0,300.0,270.0,240.0,210.0,190.0,170.0,110.0
300.0,5421.08,4250.67,1410.07,700.02,560.01,900.03,780.02,390.01,280.0,380.01,450.01,2320.2,2500.23,29802.7,78013.65,7942.32,9033.01,11795.13,14557.81,10534.09,16289.77,24532.16,15649.02,11414.8,17931.84,9813.55,16419.93,15699.08,15669.04,22118.01,7852.27,7842.27,1310.06,2770.28,49178.97,11434.82,11885.2,15438.78,20265.12,19443.92,20355.26,23249.9,7972.34,1680.1,400.01,470.01,430.01,1160.05,5010.93,8132.44,3680.5,1090.04,1490.08,1150.05,1560.09,1640.1,2010.15,1340.07,1340.07,1700.11,970.03,900.03,1510.08,1420.07,2400.21,1950.14,2490.23,2640.26,800.02,1640.1,2270.19,4050.6,1700.11,3860.55,2110.16,2300.19,3400.43,3600.48,4160.64,5741.21,8722.8,12986.21,33020.13,39677.93,19894.58,2820.29,1370.07,1920.14,3890.56,4130.63,560.01,410.01,270.0,360.0,360.0,220.0,480.01,280.0,280.0,200.0,270.0,370.01,360.0,250.0,260.0,370.01,230.0,40.0
310.0,5991.32,3650.49,690.02,530.01,560.01,410.01,440.01,490.01,430.01,340.0,580.01,1940.14,1600.09,2320.2,91235.74,36308.52,17641.46,13486.7,20455.41,5491.11,15919.33,19003.3,16560.1,18973.26,22238.21,14868.14,13186.4,23420.2,17601.41,4320.69,2940.32,1520.09,1270.06,1930.14,1870.13,9953.65,13276.49,14687.95,14167.39,18412.49,7091.85,1720.11,1690.11,2030.15,1120.05,1370.07,9873.59,22438.54,19243.64,4290.68,7241.93,4540.76,1360.07,1490.08,2200.18,2100.16,1940.14,1570.09,1520.09,2280.19,1690.11,2080.16,2060.16,1900.13,2330.2,980.04,1110.05,1390.07,2800.29,1070.04,1510.08,1310.06,2920.31,2630.25,2340.2,1960.14,2810.29,1830.12,2980.33,4910.89,4470.74,5361.06,12215.5,12355.62,52531.5,59761.33,24081.35,2000.15,2770.28,4000.59,3140.36,390.01,320.0,270.0,300.0,330.0,210.0,240.0,260.0,240.0,340.0,330.0,230.0,130.0,380.01,140.0,450.01,250.0
430.01,5871.27,3660.49,1060.04,590.01,440.01,400.01,570.01,590.01,280.0,430.01,350.0,1350.07,1590.09,1510.08,9593.39,41994.89,22178.11,18883.13,11384.77,14337.57,21416.89,17341.08,23720.72,20755.86,14858.13,19754.37,26846.54,17230.93,6641.63,1810.12,2030.15,1010.04,1870.13,1700.11,1040.04,15178.49,17501.28,14397.64,27888.63,8192.47,1510.08,1640.1,2060.16,1440.08,2830.3,11955.26,28099.07,27608.06,13346.56,2020.15,4090.62,9253.15,4220.66,470.01,930.03,1170.05,2380.21,2060.16,2490.23,2110.16,1440.08,600.01,1890.13,810.02,1490.08,2130.17,2440.22,2100.16,1950.14,1940.14,850.03,1460.08,2760.28,1980.14,2220.18,1860.13,2190.18,2910.31,2750.28,3900.56,4600.78,5751.22,4640.79,5861.27,11254.67,31135.69,48185.41,21977.79,1570.09,1880.13,3840.54,1130.05,260.0,310.0,550.01,190.0,370.01,290.0,350.0,250.0,300.0,330.0,500.01,400.01,270.0,150.0,450.01,90.0
290.0,5190.99,3570.47,900.03,530.01,740.02,650.02,400.01,550.01,410.01,420.01,390.01,430.01,2140.17,1270.06,1140.05,1880.13,32077.88,15699.08,13937.15,15418.76,13937.15,16490.02,13456.67,22799.14,23580.47,21156.48,22999.48,24201.57,9663.44,2850.3,1170.05,1480.08,760.02,1460.08,1480.08,6311.47,6751.68,19584.12,17621.44,900.03,410.01,1880.13,2570.24,1950.14,1390.07,1410.07,1430.08,1470.08,1060.04,780.02,920.03,4750.83,6621.62,1400.07,610.01,1120.05,2260.19,2290.19,1570.09,2080.16,1360.07,1580.09,1050.04,840.03,980.04,1470.08,1420.07,1880.13,580.01,2620.25,2300.19,800.02,1490.08,1610.1,2730.27,2440.22,1710.11,2230.18,2060.16,1200.05,2840.3,4020.6,4060.61,4150.63,3430.43,6311.47,24782.61,65075.69,9753.5,1310.06,2220.18,3380.42,810.02,280.0,270.0,290.0,310.0,350.0,290.0,350.0,350.0,210.0,230.0,280.0,170.0,180.0,200.0,100.0
240.0,5401.07,4610.78,540.01,690.02,470.01,480.01,350.0,370.01,590.01,340.0,290.0,330.0,2440.22,1100.04,1080.04,940.03,18282.31,19303.72,16620.17,13817.03,19063.38,15919.33,11765.1,18632.79,20715.8,22919.34,20385.3,25073.15,25183.35,7331.98,1860.13,2610.25,1610.1,1200.05,770.02,7101.86,5321.04,29522.08,5841.26,430.01,310.0,390.01,420.01,720.02,1610.1,2150.17,2290.19,1360.07,1000.04,1980.14,4450.73,13186.4,8082.41,2810.29,3410.43,3370.42,1990.15,3100.35,2170.17,2260.19,2460.22,1260.06,1090.04,1000.04,1530.09,2380.21,1690.11,1550.09,2140.17,710.02,1690.11,710.02,1480.08,1270.06,1660.1,1190.05,1040.04,840.03,1800.12,1950.14,1830.12,2490.23,2450.22,1730.11,3200.38,3420.43,7952.33,29732.54,32368.57,2640.26,1240.06,3050.34,2610.25,380.01,230.0,360.0,320.0,240.0,370.01,240.0,490.01,290.0,380.01,310.0,230.0,170.0,910.03,70.0
190.0,5010.93,7932.32,880.03,450.01,510.01,480.01,720.02,820.02,590.01,400.01,400.01,210.0,1270.06,1300.06,1100.04,860.03,35165.51,16510.04,17411.16,18552.68,23640.58,22087.97,31536.61,35767.08,24672.41,21607.19,23840.93,18412.49,13686.9,17341.08,1780.12,930.03,1920.14,1160.05,800.02,19273.68,18893.15,24622.32,4310.68,760.02,410.01,320.0,350.0,520.01,430.01,1290.06,2010.15,930.03,750.02,2440.22,2570.24,14627.88,5981.32,8002.36,5581.15,1840.12,1870.13,1920.14,2000.15,1350.07,2050.15,490.01,1380.07,1350.07,1130.05,1900.13,1260.06,630.01,1510.08,960.03,2990.33,2190.18,2600.25,2080.16,2670.26,1310.06,1330.07,1080.04,2200.18,1690.11,930.03,870.03,2830.3,2370.21,2470.22,4230.66,6281.45,8552.69,48436.31,37160.82,6451.53,1810.12,3520.46,1140.05,440.01,220.0,230.0,280.0,280.0,290.0,350.0,440.01,380.01,460.01,200.0,200.0,970.03,110.0
290.0,2140.17,8052.39,560.01,390.01,600.01,530.01,620.01,400.01,420.01,380.01,430.01,300.0,590.01,1420.07,1220.05,900.03,46198.52,23219.85,17150.83,23570.46,25283.54,29301.61,19764.38,28519.94,24642.36,18582.72,12685.93,12755.99,17210.91,6861.74,2020.15,1570.09,940.03,1790.12,1150.05,20375.29,16419.93,21356.8,3470.44,490.01,610.01,320.0,200.0,410.01,470.01,470.01,800.02,1140.05,1310.06,2230.18,2330.2,14988.27,14157.38,5331.05,7592.12,1040.04,1210.05,1980.14,1190.05,1530.09,1700.11,1420.07,1030.04,790.02,900.03,1210.05,2260.19,970.03,900.03,1320.06,2030.15,2740.28,2260.19,2540.24,1790.12,1820.12,850.03,1710.11,430.01,1510.08,1540.09,1710.11,1460.08,1390.07,1620.1,3910.56,3790.53,4410.72,9443.29,80820.01,61549.3,7201.91,2500.23,2930.32,690.02,380.01,370.01,330.0,310.0,320.0,350.0,300.0,340.0,260.0,180.0,430.01,180.0,150.0
290.0,190.0,3380.42,510.01,740.02,560.01,460.01,520.01,450.01,590.01,500.01,180.0,760.02,1130.05,1550.09,1010.04,1310.06,37852.73,17120.8,14007.23,14627.88,18873.12,17831.71,17491.27,17230.93,19453.94,16099.55,13126.35,12315.59,12826.06,3350.41,1290.06,1120.05,1740.11,2810.29,1450.08,14077.3,19083.41,17931.84,3170.37,510.01,360.0,330.0,310.0,460.01,340.0,590.01,360.0,330.0,340.0,430.01,1680.1,2030.15,17821.7,12485.74,4530.76,4570.77,3930.57,2720.27,1420.07,2170.17,1370.07,1580.09,1920.14,1170.05,1330.07,1170.05,1080.04,1550.09,2050.15,1150.05,1150.05,1170.05,1740.11,1780.12,1170.05,670.02,1700.11,2420.22,890.03,1140.05,1270.06,1270.06,1590.09,2990.33,3400.43,1860.13,2260.19,3020.34,7522.08,22618.84,88074.96,40339.88,2860.3,4410.72,1420.07,300.0,300.0,320.0,510.01,400.01,330.0,600.01,970.03,1070.04,340.0,200.0,710.02,100.0
510.01,280.0,380.01,350.0,500.01,450.01,500.01,320.0,200.0,640.02,430.01,620.01,1760.11,1180.05,1690.11,990.04,1400.07,23430.21,48024.85,14517.76,12225.51,10784.28,11404.79,14908.19,18092.06,21446.94,15228.54,12045.34,13486.7,2510.23,2010.15,1760.11,1120.05,970.03,1490.08,920.03,3690.5,20956.17,15088.38,970.03,380.01,400.01,320.0,360.0,350.0,330.0,2090.16,1690.11,280.0,280.0,260.0,350.0,590.01,10153.8,19433.91,11044.49,5341.05,4170.64,2970.32,2470.22,2400.21,1700.11,2130.17,1120.05,900.03,1100.04,1300.06,1480.08,1150.05,2420.22,2200.18,2060.16,1770.12,2570.24,1410.07,1780.12,1250.06,980.04,1220.05,1690.11,1080.04,1860.13,800.02,2310.2,1140.05,2280.19,1390.07,1210.05,4930.9,3900.56,6391.51,23600.51,85689.75,11925.24,2270.19,3740.52,750.02,370.01,410.01,280.0,250.0,390.01,390.01,250.0,190.0,220.0,240.0,200.0,50.0
280.0,280.0,410.01,570.01,540.01,380.01,510.01,560.01,320.0,670.02,390.01,320.0,3140.36,2280.19,1570.09,1180.05,1110.05,2270.19,65467.57,16109.56,10524.08,12215.5,11254.67,20595.62,22488.62,13036.26,16520.05,13166.39,2630.25,1330.07,1130.05,1300.06,1310.06,1240.06,940.03,1870.13,10263.88,20795.92,20916.11,1700.11,470.01,360.0,380.01,260.0,260.0,250.0,1580.09,2350.2,1590.09,460.01,240.0,570.01,810.02,680.02,3170.37,14027.25,6511.56,4300.68,820.02,2140.17,3050.34,1920.14,1720.11,1300.06,1800.12,1400.07,1630.1,920.03,1370.07,1900.13,910.03,1460.08,1630.1,2000.15,1380.07,1710.11,1510.08,670.02,1450.08,2350.2,900.03,2950.32,1010.04,1490.08,1450.08,770.02,1710.11,2310.2,2400.21,4270.67,6301.46,10824.32,69618.16,29572.19,2980.33,4110.62,1300.06,450.01,430.01,430.01,290.0,190.0,270.0,190.0,200.0,120.0,150.0,120.0,150.0
340.0,200.0,780.02,550.01,550.01,380.01,420.01,450.01,340.0,290.0,400.01,460.01,3290.4,2030.15,1580.09,1010.04,950.03,970.03,53565.53,23670.63,11044.49,13396.61,13286.5,22849.23,15168.47,13056.28,14557.81,7091.85,1200.05,1250.06,1470.08,1660.1,950.03,1370.07,1680.1,1290.06,5751.22,22989.46,21887.64,6901.75,720.02,300.0,250.0,390.01,270.0,290.0,1850.13,1390.07,1390.07,820.02,960.03,2060.16,5561.14,3230.38,1810.12,21987.8,12485.74,6981.8,3800.53,1770.12,1500.08,2070.16,1900.13,710.02,1390.07,1610.1,950.03,1650.1,1340.07,2140.17,2050.15,1810.12,2170.17,1080.04,1360.07,1290.06,1660.1,1470.08,800.02,730.02,2120.17,2630.25,1310.06,2450.22,2230.18,1270.06,2300.19,1490.08,2670.26,3040.34,5741.21,5881.27,50724.65,85911.14,12916.14,2590.25,2880.31,470.01,380.01,320.0,320.0,210.0,360.0,440.01,250.0,240.0,330.0,280.0,120.0
400.01,330.0,390.01,590.01,550.01,900.03,310.0,280.0,310.0,310.0,370.01,390.01,2510.23,1900.13,1440.08,1220.05,1340.07,1110.05,33250.7,26465.79,9453.29,11114.55,16550.09,19203.58,14167.39,17270.99,18813.03,6351.49,1090.04,830.03,1160.05,1230.06,780.02,930.03,1350.07,1930.14,13766.98,19994.72,20275.14,18973.26,2720.27,390.01,320.0,440.01,400.01,430.01,660.02,3090.35,1810.12,1410.07,6181.41,14037.26,23069.6,5891.28,1150.05,8792.85,22368.42,8332.56,3580.47,2190.18,1780.12,460.01,2230.18,950.03,2170.17,1590.09,820.02,1370.07,2110.16,1620.1,510.01,770.02,1780.12,1910.13,1500.08,920.03,1710.11,1410.07,880.03,1280.06,450.01,1260.06,2490.23,1540.09,1210.05,1630.1,2350.2,1840.12,1870.13,2700.27,2530.24,5301.04,20265.12,97972.47,35847.29,3860.55,3670.5,570.01,280.0,220.0,260.0,340.0,230.0,270.0,150.0,210.0,120.0,310.0,140.0
310.0,300.0,420.01,640.02,590.01,700.02,350.0,470.01,200.0,330.0,250.0,350.0,1210.05,2510.23,1440.08,850.03,1120.05,850.03,43309.01,47232.07,20755.86,15809.21,17541.33,18052.0,22408.49,23780.82,32639.21,6501.56,1080.04,1190.05,1770.12,1690.11,1160.05,1200.05,1330.07,6781.69,23139.72,18272.3,16870.48,20415.35,18512.62,2510.23,390.01,400.01,380.01,460.01,440.01,850.03,1390.07,1070.04,5401.07,17110.78,14768.03,6841.72,3510.45,7091.85,26085.05,14507.75,4560.77,1960.14,2370.21,1670.1,2610.25,1390.07,1480.08,940.03,1690.11,1110.05,740.02,1260.06,1840.12,1180.05,1740.11,1630.1,1580.09,1210.05,1190.05,720.02,520.01,920.03,1040.04,1440.08,990.04,1660.1,1520.09,1870.13,3270.39,1570.09,1810.12,2980.33,2890.31,2180.18,8412.61,17240.95,64020.69,22759.07,3110.36,2440.22,450.01,330.0,370.01,470.01,480.01,360.0,210.0,160.0,300.0,120.0,100.0
180.0,400.01,320.0,470.01,690.02,560.01,470.01,310.0,580.01,390.01,540.01,540.01,660.02,1960.14,770.02,990.04,980.04,790.02,64904.88,29532.11,17070.73,18142.12,15849.25,14828.1,14437.68,19013.31,14537.78,12395.66,2860.3,1920.14,1960.14,1300.06,1060.04,1920.14,5731.21,25734.38,26395.65,15809.21,25744.4,17421.18,21867.61,12385.65,1000.04,430.01,600.01,180.0,400.01,380.01,240.0,750.02,1200.05,2780.28,7271.95,3910.56,12225.51,12976.2,19233.62,14758.02,2020.15,670.02,750.02,1450.08,1920.14,1850.13,1310.06,590.01,930.03,2040.15,1020.04,1330.07,1120.05,2200.18,2080.16,850.03,930.03,1030.04,1020.04,770.02,800.02,1060.04,630.01,1340.07,1200.05,1130.05,1960.14,1440.08,1810.12,1620.1,1050.04,2060.16,2060.16,2800.29,5551.14,11334.73,77219.12,9493.32,2160.17,3440.44,490.01,430.01,220.0,260.0,280.0,240.0,340.0,310.0,380.01,320.0,150.0
270.0,370.01,650.02,490.01,430.01,680.02,550.01,570.01,610.01,370.01,470.01,660.02,350.0,2200.18,770.02,980.04,870.03,6841.72,39276.77,16800.4,17991.92,17321.05,13436.65,12535.79,14457.7,22809.16,11054.5,20054.81,2050.15,1530.09,1860.13,1500.08,1020.04,4620.79,10414.0,29822.74,6171.4,1680.1,6851.73,11755.09,12685.93,19574.11,5831.25,2110.16,390.01,320.0,450.01,340.0,300.0,360.0,1410.07,1280.06,1730.11,2070.16,17441.2,7001.81,6191.41,10864.35,8882.91,4040.6,660.02,1280.06,1500.08,1410.07,2650.26,1380.07,500.01,1020.04,1000.04,1230.06,115902.97,1740.11,1860.13,1950.14,440.01,530.01,1670.1,740.02,1180.05,1640.1,1160.05,1180.05,510.01,1120.05,2530.24,1870.13,1080.04,2300.19,1290.06,2410.21,1960.14,2200.18,3680.5,25283.54,51688.27,27547.94,2700.27,3240.39,1270.06,230.0,390.01,250.0,520.01,260.0,460.01,170.0,530.01,320.0,150.0
540.01,310.0,310.0,550.01,520.01,290.0,510.01,440.01,390.01,360.0,400.01,400.01,380.01,920.03,1580.09,1110.05,940.03,60514.66,27147.13,13917.13,19754.37,13466.68,18001.93,22057.91,23700.68,10033.71,11624.98,13947.17,8252.51,2300.19,1760.11,5000.92,10173.81,15819.22,27127.09,2660.26,1220.05,1390.07,7742.21,17561.36,19884.56,19754.37,11374.77,1170.05,570.01,350.0,150.0,200.0,280.0,280.0,390.01,330.0,740.02,1050.04,31346.17,25133.26,7221.92,6041.35,4780.84,8382.59,890.03,740.02,3170.37,2750.28,860.03,1970.14,1490.08,1260.06,1250.06,1370.07,1540.09,1100.04,760.02,1070.04,1430.08,1240.06,1340.07,1520.09,1680.1,1850.13,840.03,1050.04,1860.13,1790.12,980.04,2240.18,4450.73,1980.14,1330.07,1550.09,1630.1,2960.32,1720.11,12505.76,22358.41,101901.25,17971.9,3410.43,1940.14,470.01,420.01,450.01,360.0,140.0,190.0,170.0,120.0,130.0,90.0
510.01,350.0,380.01,460.01,530.01,380.01,690.02,450.01,430.01,350.0,530.01,460.01,330.0,1480.08,1170.05,1390.07,1310.06,40951.71,17781.64,14828.1,16930.56,15659.03,18562.69,29031.03,35185.57,13807.02,12665.91,11204.63,16560.1,3500.45,10914.39,19574.11,15298.62,20315.2,9743.5,2330.2,1190.05,1600.09,4940.9,16159.62,18762.96,17250.96,19764.38,5411.08,1430.08,770.02,320.0,410.01,370.01,280.0,320.0,540.01,630.01,2750.28,17220.92,21326.75,1180.05,3820.54,11504.88,6481.55,1400.07,650.02,2940.32,2070.16,1680.1,2210.18,1850.13,1600.09,1100.04,1060.04,1180.05,2160.17,2230.18,1540.09,1520.09,2190.18,1290.06,980.04,720.02,1550.09,1950.14,1810.12,1780.12,1430.08,1200.05,1030.04,1020.04,2640.26,3840.54,1910.13,2780.28,2630.25,3630.49,5891.28,6461.54,82530.25,23650.6,2900.31,3320.41,470.01,360.0,270.0,420.01,520.01,330.0,140.0,250.0,220.0,100.0
280.0,250.0,510.01,600.01,760.02,710.02,380.01,520.01,510.01,450.01,1390.07,450.01,670.02,1250.06,1340.07,1090.04,1050.04,52973.22,26756.36,21537.08,14457.7,13907.12,14097.32,25473.89,26936.71,34333.39,16369.87,13296.51,18182.18,19964.68,25493.93,18552.68,17561.36,17391.14,4370.7,1970.14,2550.24,1530.09,1290.06,2580.25,12285.56,15709.09,15358.69,22368.42,5351.06,2090.16,1380.07,750.02,350.0,490.01,720.02,860.03,1960.14,2630.25,23039.55,27778.41,1920.14,1630.1,650.02,22047.9,3330.41,830.03,720.02,2080.16,1850.13,1710.11,1530.09,1090.04,1470.08,1830.12,1420.07,1070.04,1630.1,1800.12,870.03,1520.09,1630.1,2310.2,650.02,910.03,610.01,1160.05,1650.1,1210.05,1050.04,1450.08,1680.1,2860.3,1960.14,1460.08,2500.23,3070.35,3900.56,1760.11,9933.64,29973.07,43038.15,6341.48,3650.49,1030.04,260.0,370.01,320.0,270.0,460.01,200.0,270.0,200.0,90.0
280.0,300.0,310.0,610.01,570.01,550.01,430.01,400.01,440.01,500.01,660.02,430.01,490.01,1690.11,1120.05,1260.06,2820.29,70774.12,18302.34,17291.01,13666.88,16129.58,2860.3,3300.4,21036.3,39577.64,29421.87,14818.09,23720.72,18843.08,27738.33,20515.5,24171.51,8312.55,2290.19,1200.05,1740.11,1720.11,1160.05,1530.09,17321.05,17250.96,14758.02,17941.86,22208.16,2370.21,1080.04,1380.07,1960.14,1350.07,1060.04,1430.08,2590.25,5421.08,31937.55,27958.78,11785.12,17311.04,560.01,8692.78,12015.32,1800.12,470.01,640.02,1880.13,1950.14,1440.08,820.02,1830.12,850.03,1200.05,1490.08,1710.11,1960.14,1700.11,1710.11,1190.05,1530.09,1890.13,1910.13,350.0,820.02,2660.26,1430.08,1320.06,1080.04,1070.04,3020.34,680.02,1890.13,2110.16,1300.06,3480.45,4770.84,14397.64,37160.82,63648.95,12725.97,3520.46,1490.08,730.02,320.0,430.01,260.0,180.0,340.0,250.0,310.0,80.0
260.0,420.01,360.0,620.01,430.01,620.01,760.02,580.01,490.01,440.01,640.02,390.01,390.01,2110.16,1260.06,1330.07,50012.01,48125.2,28620.16,35977.64,15438.78,7351.99,2280.19,1590.09,16710.28,38735.22,24982.98,20795.92,24832.7,15929.35,17150.83,33481.26,21146.47,2660.26,1140.05,1290.06,1320.06,1250.06,1660.1,960.03,8922.93,24071.34,19123.47,15178.49,20345.24,3730.51,1500.08,1800.12,1910.13,8452.63,890.03,1190.05,2260.19,13977.2,26616.08,16159.62,24341.82,5701.2,1440.08,1570.09,9383.24,5261.02,760.02,320.0,520.01,980.04,2980.33,1760.11,1290.06,760.02,1160.05,800.02,1100.04,2280.19,1930.14,1790.12,1360.07,1430.08,580.01,2330.2,2150.17,1530.09,1830.12,1420.07,1370.07,1280.06,1910.13,1350.07,2050.15,2540.24,1650.1,1330.07,1680.1,5331.05,4770.84,22087.97,69588.01,12505.76,2650.26,2660.26,330.0,500.01,380.01,330.0,240.0,520.01,170.0,240.0,140.0
690.02,680.02,500.01,470.01,680.02,420.01,530.01,320.0,350.0,300.0,500.01,1460.08,730.02,1960.14,1030.04,1110.05,90198.84,43569.85,52089.8,25674.27,17260.97,5271.02,780.02,6511.56,18292.32,36428.84,25503.95,24251.65,23550.42,15999.43,15929.35,14677.93,4410.72,1080.04,1240.06,1170.05,1200.05,1320.06,1350.07,1240.06,1470.08,12415.68,17651.48,21987.8,16700.27,5140.97,3300.4,2610.25,1540.09,1900.13,1960.14,4990.92,19343.78,18142.12,4410.72,1480.08,6621.62,24872.78,4710.82,1160.05,3170.37,6871.74,920.03,390.01,790.02,1340.07,1290.06,1740.11,2380.21,2110.16,920.03,1050.04,1380.07,1210.05,1230.06,1480.08,2320.2,1050.04,510.01,1780.12,1610.1,1250.06,1280.06,1280.06,1610.1,420.01,1340.07,1090.04,1310.06,610.01,1500.08,1090.04,1230.06,3290.4,3900.56,29993.11,55643.87,44392.51,7141.88,3290.4,630.01,350.0,380.01,290.0,850.03,420.01,170.0,270.0,100.0
470.01,320.0,710.02,460.01,760.02,580.01,540.01,540.01,550.01,630.01,590.01,410.01,900.03,1800.12,960.03,1550.09,74071.65,15999.43,15078.37,11725.06,13997.22,2240.18,5401.07,18382.44,19353.79,25534.01,30534.32,27808.47,18762.96,17301.02,17901.8,9733.49,2870.3,1270.06,720.02,980.04,1990.15,850.03,770.02,2260.19,1350.07,3290.4,10534.09,17401.15,15819.22,16620.17,2700.27,2160.17,2530.24,6561.59,14137.36,13947.17,15749.14,6531.57,2180.18,970.03,2470.22,13426.64,21487.0,19684.27,10273.89,15639.01,2090.16,580.01,780.02,1740.11,3030.34,1670.1,1450.08,1800.12,2350.2,980.04,700.02,1260.06,1880.13,790.02,970.03,1230.06,860.03,1810.12,1350.07,1970.14,2580.25,2050.15,1560.09,1560.09,1200.05,1400.07,1640.1,41041.98,1510.08,1630.1,1100.04,1770.12,2440.22,17671.5,53023.41,92927.16,5050.94,3900.56,1480.08,360.0,610.01,230.0,760.02,490.01,450.01,310.0,110.0
630.01,610.01,350.0,660.02,480.01,570.01,530.01,440.01,650.02,540.01,570.01,460.01,1510.08,1430.08,1200.05,27237.31,50684.5,12205.49,13676.89,13676.89,12806.04,10784.28,19283.69,16530.06,17230.93,20785.91,23069.6,20525.51,16379.88,17020.67,24512.12,6101.37,1890.13,1510.08,4340.69,870.03,720.02,1650.1,1300.06,920.03,910.03,3410.43,26375.61,15208.52,16349.85,25664.25,16970.61,11044.49,14577.83,11124.56,21306.72,18863.1,4110.62,1930.14,2850.3,740.02,1520.09,20785.91,22879.27,9323.2,14687.95,9713.48,1590.09,910.03,2070.16,1840.12,1400.07,1220.05,2360.21,2700.27,1300.06,1120.05,1080.04,1440.08,980.04,1460.08,2780.28,1040.04,910.03,850.03,460.01,1720.11,1400.07,790.02,1040.04,18833.06,1720.11,1900.13,770.02,1410.07,2480.23,2030.15,1810.12,2990.33,5491.11,25483.91,56557.64,32589.09,5331.05,3440.44,1360.07,390.01,410.01,340.0,530.01,310.0,90.0,410.01,100.0
460.01,440.01,660.02,870.03,730.02,620.01,560.01,330.0,570.01,500.01,650.02,470.01,580.01,1500.08,970.03,3740.52,54328.56,33421.11,18752.95,13987.21,22158.08,18923.19,16409.92,16139.59,20976.2,21136.45,18502.61,17381.13,18062.01,20515.5,22338.37,4410.72,1170.05,1170.05,1350.07,1170.05,1870.13,1810.12,1340.07,2480.23,1300.06,1890.13,16870.48,11985.29,19103.44,21246.62,14697.96,21036.3,22268.26,17661.49,12165.45,3020.34,1660.1,1440.08,1710.11,1150.05,3340.41,22729.02,20725.82,22108.0,22889.29,20906.09,5931.3,4180.64,3390.42,2950.32,2880.31,2140.17,1810.12,1810.12,1950.14,1750.11,1080.04,1780.12,1530.09,2390.21,2210.18,1550.09,760.02,1640.1,910.03,840.03,2660.26,1420.07,1080.04,2000.15,1470.08,1110.05,1150.05,1220.05,1640.1,2060.16,2230.18,1370.07,3050.34,6791.7,32077.88,64151.31,13046.27,2630.25,3410.43,570.01,640.02,400.01,270.0,180.0,270.0,270.0,30.0
1080.04,430.01,460.01,630.01,440.01,550.01,730.02,520.01,600.01,520.01,520.01,520.01,570.01,1930.14,1570.09,1700.11,38805.42,30664.62,22428.52,19463.95,20164.97,20064.83,17281.0,12315.59,6681.64,4690.81,8672.77,23289.97,20124.91,20134.93,21737.4,2520.23,1510.08,1460.08,1490.08,1800.12,1660.1,1250.06,680.02,630.01,690.02,750.02,12455.72,15058.35,17921.83,12285.56,20415.35,16179.64,16339.83,7922.31,940.03,1330.07,2560.24,2060.16,1780.12,930.03,15548.9,20846.0,6791.7,5000.92,6611.61,16580.12,9643.43,7642.15,1110.05,1990.15,2220.18,1780.12,770.02,940.03,1600.09,1990.15,1410.07,1160.05,1170.05,1410.07,1600.09,2370.21,1150.05,1780.12,2620.25,2370.21,1340.07,920.03,1430.08,1350.07,1230.06,1070.04,500.01,1140.05,1540.09,2070.16,1670.1,2030.15,3620.48,3520.46,19453.94,72975.74,14798.07,2770.28,1430.08,580.01,350.0,350.0,250.0,220.0,470.01,180.0,100.0
580.01,490.01,450.01,810.02,740.02,680.02,730.02,430.01,430.01,800.02,600.01,500.01,720.02,1730.11,1490.08,24632.34,27618.08,19924.62,21547.1,24021.24,21006.25,18512.62,9513.33,3550.46,3080.35,1970.14,1840.12,18112.08,17240.95,20795.92,10814.31,2950.32,1280.06,1080.04,1290.06,1290.06,1000.04,650.02,710.02,720.02,1460.08,1020.04,2120.17,10994.45,7972.34,19744.36,16059.5,13346.56,13426.64,1500.08,720.02,920.03,1160.05,1390.07,2030.15,10584.13,25664.25,7311.97,1500.08,690.02,1470.08,7211.92,14717.98,4040.6,470.01,500.01,490.01,3340.41,2670.26,3670.5,2300.19,2370.21,1560.09,930.03,1330.07,640.02,910.03,1760.11,560.01,890.03,740.02,830.03,1830.12,1340.07,910.03,1700.11,780.02,1730.11,1210.05,1530.09,2130.17,1580.09,2260.19,2330.2,2160.17,3370.42,9643.43,72724.39,16459.98,2780.28,2630.25,490.01,330.0,380.01,860.03,180.0,160.0,500.01,150.0
570.01,560.01,520.01,480.01,560.01,750.02,620.01,460.01,730.02,570.01,540.01,640.02,830.03,1170.05,1250.06,72764.6,18682.85,17631.45,15468.81,17291.01,16289.77,15458.8,1650.1,990.04,540.01,630.01,1430.08,10794.29,26966.77,16409.92,4490.74,1890.13,1220.05,1240.06,720.02,1550.09,1040.04,670.02,670.02,1420.07,1880.13,1510.08,2270.19,16219.69,18412.49,19003.3,14687.95,13116.34,16379.88,2030.15,2490.23,2600.25,1710.11,4610.78,19143.5,12916.14,12936.16,1640.1,1350.07,1430.08,1530.09,1700.11,12445.71,8072.4,2150.17,630.01,570.01,1370.07,2790.29,1810.12,1810.12,1100.04,900.03,1220.05,810.02,460.01,1020.04,2630.25,1900.13,2650.26,950.03,370.01,1970.14,1430.08,770.02,1730.11,850.03,970.03,1720.11,440.01,1440.08,2310.2,1450.08,1730.11,3960.58,5241.01,21967.77,32689.34,36198.22,2910.31,2730.27,440.01,350.0,420.01,250.0,150.0,150.0,210.0,60.0
360.0,380.01,370.01,410.01,650.02,640.02,650.02,560.01,330.0,400.01,450.01,490.01,1210.05,1170.05,9383.24,33661.71,21707.35,16439.95,16750.33,15418.76,13837.05,4610.78,1550.09,2220.18,1190.05,1180.05,1380.07,4530.76,20255.11,10754.26,2850.3,1110.05,1600.09,1760.11,1340.07,870.03,680.02,1700.11,680.02,2170.17,1510.08,1490.08,2510.23,19143.5,18803.02,20996.23,16850.46,14387.62,18262.28,15659.03,14357.59,20886.06,21336.76,20815.96,18392.46,16780.37,1620.1,1250.06,1440.08,1110.05,1240.06,8022.37,8622.74,10684.21,2600.25,660.02,3050.34,2040.15,1870.13,2230.18,3750.52,3260.39,1080.04,580.01,590.01,830.03,1110.05,1130.05,870.03,2050.15,900.03,1180.05,1820.12,2120.17,990.04,1780.12,1750.11,1510.08,1980.14,970.03,960.03,2190.18,2550.24,1700.11,2240.18,10213.84,19363.81,79804.02,33230.65,3440.44,3240.39,650.02,230.0,1870.13,150.0,530.01,370.01,370.01,70.0
650.02,540.01,560.01,640.02,470.01,390.01,550.01,630.01,380.01,550.01,370.01,450.01,1590.09,1340.07,53655.89,26225.32,21987.8,16990.63,14237.47,7892.29,12115.41,3220.38,1500.08,1110.05,890.03,1390.07,2090.16,7802.24,20525.51,8602.73,1870.13,1520.09,1150.05,1250.06,1120.05,1230.06,1310.06,1210.05,1490.08,1930.14,1570.09,2810.29,17441.2,18212.22,12866.1,7822.25,24622.32,16980.62,21216.58,21687.32,29101.18,12846.08,14127.35,16670.24,14327.56,4800.85,970.03,1140.05,1590.09,1670.1,17881.78,22498.64,15018.31,15258.58,4250.67,1080.04,2080.16,1810.12,1990.15,1220.05,2920.31,2760.28,1680.1,1300.06,1000.04,870.03,1350.07,820.02,1720.11,1140.05,780.02,1300.06,1430.08,1050.04,490.01,1110.05,2010.15,760.02,1480.08,1450.08,1420.07,1290.06,2030.15,3110.36,2220.18,4750.83,8752.82,77611.35,31897.45,2870.3,3340.41,700.02,330.0,360.0,200.0,220.0,210.0,220.0,130.0
670.02,390.01,210.0,550.01,450.01,500.01,660.02,520.01,400.01,770.02,570.01,630.01,1150.05,1170.05,87159.07,23279.96,12665.91,11024.48,9603.4,10514.07,9883.6,12605.85,10524.08,6441.53,2860.3,2370.21,1980.14,18632.79,18482.58,4560.77,1230.06,1590.09,3250.39,1210.05,600.01,1480.08,660.02,1270.06,1130.05,890.03,3750.52,20515.5,25253.48,6981.8,2200.18,1460.08,2790.29,10734.24,14768.03,17190.88,13706.92,16890.51,13736.95,14617.87,24972.96,10634.17,2270.19,1670.1,780.02,1650.1,21196.55,11054.5,4640.79,22829.19,5401.07,820.02,890.03,3250.39,2740.28,3530.46,1520.09,1680.1,940.03,1310.06,1610.1,1250.06,2070.16,510.01,880.03,1040.04,1290.06,1720.11,1650.1,1500.08,1350.07,1090.04,1180.05,1640.1,1700.11,1160.05,1610.1,700.02,1660.1,1320.06,2020.15,3310.4,15729.11,35185.57,58053.94,3690.5,3820.54,550.01,600.01,460.01,180.0,200.0,140.0,290.0,90.0
760.02,630.01,570.01,430.01,710.02,620.01,470.01,690.02,580.01,660.02,540.01,1670.1,1340.07,15749.14,55001.26,14818.09,11655.0,8962.96,9503.33,9323.2,10153.8,11805.13,10994.45,10664.19,10984.44,13266.48,14888.16,26425.71,18082.04,3950.57,1790.12,1990.15,1740.11,930.03,2140.17,2060.16,1330.07,2490.23,1950.14,4820.86,21026.28,21476.98,15849.25,1600.09,1650.1,820.02,2850.3,1040.04,4960.91,21987.8,18402.47,18272.3,26325.51,24001.21,22578.77,39617.76,16840.45,2470.22,910.03,830.03,14267.5,25594.12,15108.41,8172.46,6681.64,13126.35,8772.84,3970.58,2800.29,2100.16,1480.08,1950.14,1190.05,1560.09,1860.13,980.04,730.02,1400.07,1610.1,650.02,650.02,1790.12,580.01,1250.06,1130.05,490.01,1720.11,1060.04,1320.06,2160.17,1240.06,2210.18,1140.05,1860.13,3450.44,3910.56,6361.49,26255.38,36539.14,3060.35,3220.38,650.02,470.01,400.01,870.03,190.0,410.01,300.0,100.0
710.02,510.01,420.01,660.02,370.01,810.02,1070.04,500.01,540.01,540.01,1780.12,1750.11,1330.07,67065.35,19554.08,12055.35,9923.63,9843.57,10804.3,10504.06,12275.55,12005.31,11074.52,11815.14,10494.06,16730.31,15348.68,15068.36,19824.47,2690.27,1800.12,1230.06,980.04,1310.06,1050.04,1450.08,1350.07,2770.28,10253.87,26836.52,19163.52,15699.08,5421.08,1230.06,1030.04,740.02,600.01,1480.08,6741.67,23660.61,18092.06,21306.72,21466.97,34824.64,39848.43,21076.36,25493.93,8572.71,1350.07,1330.07,7111.86,20074.84,20555.56,22568.76,16299.78,15248.56,7982.35,3650.49,1710.11,2810.29,2280.19,3180.37,1470.08,1950.14,1380.07,1560.09,1930.14,1760.11,2000.15,1140.05,580.01,1490.08,1090.04,480.01,1710.11,1460.08,520.01,1170.05,1910.13,2230.18,1080.04,1300.06,1260.06,850.03,2910.31,1960.14,4750.83,70743.96,11905.22,2810.29,2720.27,450.01,510.01,280.0,300.0,300.0,260.0,250.0,120.0
750.02,770.02,580.01,760.02,910.03,660.02,540.01,480.01,590.01,1080.04,2160.17,1560.09,2760.28,52099.84,15989.42,12395.66,10824.32,9833.56,8662.76,8502.66,8942.95,8042.38,10343.94,15618.99,18412.49,10844.33,11374.77,12545.8,16009.44,3050.34,1150.05,2180.18,990.04,1820.12,3710.51,4750.83,14677.93,24381.89,14477.72,24912.85,14898.18,18642.8,1510.08,1310.06,1380.07,710.02,1610.1,6771.69,23049.56,18372.43,22829.19,22087.97,14687.95,27608.06,25984.86,16439.95,19574.11,21587.16,3310.4,1970.14,2070.16,1080.04,2780.28,30093.34,14137.36,8572.71,14667.92,2410.21,1350.07,2150.17,2520.23,2860.3,2590.25,1610.1,1450.08,1590.09,1710.11,2080.16,1910.13,1500.08,390.01,1780.12,670.02,1250.06,1880.13,1750.11,1810.12,2300.19,1000.04,1350.07,1130.05,940.03,1840.12,1460.08,3670.5,6111.38,15869.27,63206.89,28449.8,2190.18,2950.32,690.02,520.01,600.01,370.01,220.0,280.0,180.0,70.0
740.02,370.01,440.01,550.01,710.02,780.02,650.02,650.02,470.01,460.01,1720.11,1370.07,36729.65,32428.71,14657.91,10504.06,11534.9,9583.38,10223.85,10414.0,11094.53,11224.64,14968.25,18021.96,16159.62,16560.1,18232.24,13706.92,13736.95,8042.38,3870.55,9813.55,11364.76,8062.39,17771.63,21236.61,23810.88,13456.67,22298.31,21156.48,15318.64,20225.06,1910.13,1930.14,1790.12,1660.1,6051.35,26335.54,21056.33,16860.47,12165.45,7341.99,6741.67,13156.38,30554.37,17801.67,15588.95,25674.27,19263.67,2080.16,1570.09,1030.04,9573.38,29632.32,18041.99,8152.45,11695.04,4820.86,4050.6,2670.26,2350.2,1680.1,1880.13,1470.08,2570.24,3710.51,2080.16,1040.04,1830.12,2620.25,1250.06,2510.23,2340.2,1280.06,1500.08,990.04,1800.12,1520.09,1040.04,2110.16,560.01,980.04,2410.21,1720.11,7061.84,4940.9,47051.45,91708.91,21476.98,3440.44,2960.32,970.03,310.0,470.01,200.0,280.0,140.0,600.01,190.0
460.01,390.01,600.01,480.01,890.03,570.01,970.03,810.02,690.02,2180.18,2200.18,1220.05,78456.2,32158.07,12715.96,11334.73,11965.27,10914.39,10694.21,13466.68,22228.19,19994.72,16750.33,8012.37,15108.41,15088.38,18702.88,14868.14,13696.91,15789.18,17461.23,21817.53,24542.18,31797.22,25313.59,9773.52,10173.81,26856.55,19944.65,19083.41,13396.61,23670.63,4270.67,1350.07,1360.07,7011.81,25884.67,18762.96,19233.62,8372.58,3450.44,1590.09,1210.05,1510.08,5471.1,33972.48,18953.23,21456.95,24452.01,27237.31,12916.14,11865.19,26024.94,26145.17,25373.71,27297.43,24812.67,5821.25,1540.09,1370.07,2320.2,2550.24,2130.17,2020.15,990.04,1640.1,2600.25,3230.38,2150.17,990.04,610.01,1540.09,1240.06,380.01,1120.05,2450.22,1830.12,1150.05,1290.06,2000.15,1490.08,1770.12,1620.1,1940.14,7772.23,13766.98,11584.94,49741.01,12185.47,2880.31,2300.19,550.01,320.0,480.01,320.0,530.01,190.0,250.0,100.0
800.02,350.0,580.01,930.03,1170.05,820.02,800.02,650.02,1680.1,2460.22,1900.13,4090.62,51477.47,20525.51,12715.96,9623.41,10794.29,10213.84,9273.17,13086.31,13386.6,11394.78,12826.06,13466.68,15338.67,13026.25,15568.93,19704.3,12886.12,20144.94,23139.72,18122.09,25163.31,23560.44,5661.18,2070.16,11404.79,17511.29,20946.16,16640.2,15929.35,25193.37,2920.31,2150.17,1250.06,15468.81,18672.84,18672.84,7692.18,4880.88,810.02,2110.16,1630.1,1480.08,2180.18,7712.19,28459.82,18903.16,24622.32,18893.15,20936.14,26576.0,14147.37,28970.9,31797.22,23129.7,16910.53,7372.0,1980.14,1260.06,2920.31,1920.14,3010.33,1890.13,1600.09,950.03,1880.13,2230.18,410.01,430.01,1430.08,1980.14,2040.15,1620.1,700.02,1690.11,1430.08,730.02,1000.04,2000.15,1420.07,2500.23,2730.27,5971.31,2350.2,5811.24,41082.1,104581.53,14017.24,1890.13,1880.13,560.01,480.01,400.01,290.0,460.01,350.0,280.0,670.02
1550.09,430.01,850.03,570.01,670.02,1020.04,730.02,1070.04,1980.14,2520.23,1460.08,3430.43,34654.2,14207.44,11144.58,10624.16,9293.18,11534.9,15068.36,12665.91,7722.2,11224.64,9903.61,9123.07,15598.96,12715.96,16079.52,21657.27,23430.21,40640.78,23450.25,22789.12,20355.26,9453.29,2980.33,1800.12,2320.2,13136.36,24341.82,16059.5,17020.67,24752.56,1360.07,1820.12,1270.06,14808.08,19784.41,11434.82,2600.25,1450.08,1040.04,1230.06,1420.07,1330.07,2070.16,9123.07,24482.07,23400.16,23289.97,17761.62,21737.4,10434.01,10564.11,22057.91,16099.55,20856.02,17200.9,10414.0,13446.66,5391.07,3280.4,2150.17,950.03,1690.11,1920.14,3020.34,2190.18,1460.08,1870.13,5631.17,830.03,1340.07,1490.08,530.01,1340.07,1960.14,1590.09,1120.05,1580.09,1000.04,1500.08,1390.07,3380.42,5311.04,1640.1,3610.48,30804.93,70271.52,29241.48,1940.14,1810.12,520.01,220.0,380.01,150.0,1540.09,9903.61,5901.28,90.0
700.02,410.01,900.03,650.02,910.03,720.02,1000.04,1370.07,2380.21,1930.14,1790.12,86303.62,18913.17,10073.74,9223.13,19744.36,18312.35,16269.75,13947.17,7241.93,11484.86,12866.1,12655.9,16690.26,13326.54,13997.22,15208.52,27888.63,28890.73,25774.46,18202.2,17291.01,3760.52,1220.05,1660.1,2740.28,2590.25,7191.91,17120.8,27237.31,22358.41,1810.12,1120.05,1290.06,1950.14,18482.58,19353.79,8712.8,1850.13,2280.19,870.03,1200.05,1390.07,1010.04,2880.31,21236.61,21937.72,19353.79,21867.61,17741.59,22017.85,15388.72,18923.19,24822.69,23720.72,22498.64,16359.86,8962.96,8992.98,13676.89,1770.12,1220.05,3200.38,3030.34,1520.09,2950.32,1380.07,800.02,2030.15,1490.08,850.03,1540.09,2600.25,2050.15,1580.09,1790.12,2250.19,1480.08,1990.15,2830.3,1980.14,1290.06,3320.41,7372.0,5361.06,10754.26,31656.89,109490.03,22498.64,4090.62,1600.09,400.01,460.01,190.0,420.01,14417.66,11675.02,12255.53,310.0
620.01,600.01,1430.08,820.02,820.02,1100.04,950.03,2320.2,1680.1,1520.09,2300.19,67718.58,23650.6,11414.8,18011.95,21436.92,19253.65,22418.51,16900.52,22288.29,15448.79,14057.28,13166.39,12185.47,14417.66,15228.54,15528.88,26105.09,25063.13,22859.24,18903.16,4550.76,1760.11,1370.07,1510.08,1210.05,1530.09,6051.35,14928.21,21046.31,1640.1,790.02,1890.13,900.03,3280.4,26115.11,26736.32,70703.75,3540.46,1570.09,1500.08,2280.19,2540.24,3480.45,15639.01,21547.1,21957.75,15188.5,25924.75,7822.25,5170.99,1860.13,3060.35,14978.26,27808.47,20245.09,19213.59,31075.55,8862.89,5251.02,1220.05,570.01,430.01,2110.16,2980.33,2340.2,1270.06,1000.04,2170.17,1400.07,1490.08,2290.19,1240.06,1170.05,1370.07,790.02,2300.19,550.01,1420.07,2630.25,2290.19,3470.44,3760.52,6501.56,4870.87,6851.73,43058.22,85740.07,21487.0,2400.21,1030.04,450.01,290.0,360.0,490.01,10253.87,8702.79,12475.73,270.0
840.03,530.01,1000.04,740.02,780.02,800.02,660.02,2190.18,1960.14,1480.08,81212.34,81403.48,20956.17,14217.44,15038.33,11124.56,12075.37,11775.11,12535.79,15769.16,16039.47,10574.12,12515.77,13586.8,20906.09,17401.15,14507.75,16960.59,22859.24,17100.77,19183.55,2730.27,2540.24,1050.04,1190.05,1480.08,7402.02,15979.4,18242.26,10063.73,1190.05,850.03,1050.04,1520.09,9243.15,25724.36,23269.94,18993.28,11544.91,9453.29,12715.96,10133.78,19473.97,19704.3,11855.18,4200.65,6311.47,22588.79,1950.14,1640.1,1180.05,2120.17,1610.1,1900.13,23820.89,8122.43,1360.07,1620.1,2760.28,10454.03,14057.28,1410.07,1090.04,440.01,2150.17,2070.16,2140.17,1930.14,1360.07,2080.16,2100.16,570.01,650.02,1660.1,1700.11,1990.15,2040.15,560.01,1850.13,4600.78,2250.19,3530.46,2460.22,5251.02,6961.79,9943.64,75871.56,39858.46,6371.5,2120.17,930.03,310.0,330.0,310.0,2020.15,8582.71,7892.29,7562.11,200.0
950.03,500.01,760.02,670.02,920.03,740.02,1130.05,2210.18,1690.11,4400.71,107594.95,80216.44,25854.61,14978.26,11434.82,10664.19,18072.03,14447.69,13776.99,9012.99,10744.25,11084.53,12355.62,10494.06,3400.43,12465.72,13376.59,20365.27,16109.56,17961.88,8892.91,3270.39,2120.17,1560.09,1670.1,14167.39,30855.05,25283.54,16289.77,5090.95,1070.04,1440.08,1390.07,4480.74,17080.74,29091.15,34433.64,26415.69,19514.02,24271.69,16960.59,14768.03,10704.22,4050.6,5901.28,15498.85,25333.63,2180.18,1840.12,660.02,1580.09,1060.04,1050.04,1040.04,23830.91,12465.72,2200.18,1620.1,1290.06,6211.42,8432.62,4070.61,950.03,300.0,680.02,2330.2,1760.11,2410.21,1660.1,2440.22,2360.21,2200.18,1440.08,1040.04,2540.24,1100.04,2000.15,1510.08,2640.26,2450.22,1620.1,1390.07,4380.71,1700.11,2780.28,21136.45,69316.62,37892.84,4350.7,1720.11,620.01,360.0,390.01,440.01,660.02,2570.24,1920.14,700.02,230.0
1100.04,880.03,1030.04,800.02,630.01,740.02,1520.09,1750.11,1360.07,33461.21,100853.47,55453.09,25473.89,10924.4,8972.97,22488.62,15729.11,11394.78,10654.18,9413.26,11074.52,12185.47,9453.29,1030.04,4440.73,13817.03,17521.31,16079.52,15098.4,11735.07,5811.24,2800.29,2460.22,11815.14,16530.06,27578.0,18482.58,19884.56,15138.44,1680.1,1010.04,2480.23,2130.17,12936.16,17541.33,22628.85,13306.52,25193.37,30704.7,27798.45,19784.41,12105.4,18182.18,12305.58,13947.17,22298.31,3740.52,1770.12,1460.08,1610.1,2040.15,880.03,540.01,650.02,12836.07,20235.08,7392.01,2350.2,1890.13,8802.85,14677.93,3470.44,680.02,280.0,660.02,1250.06,1570.09,2480.23,2010.15,1240.06,490.01,920.03,1010.04,1730.11,2030.15,2250.19,1400.07,620.01,1650.1,3230.38,1230.06,2640.26,3380.42,6151.39,4910.89,42957.9,72865.15,69427.18,4020.6,1480.08,710.02,400.01,240.0,280.0,770.02,180.0,240.0,720.02,130.0
910.03,900.03,1060.04,800.02,870.03,700.02,2430.22,1630.1,1770.12,76092.79,128273.54,22538.71,13406.62,13476.69,22678.94,18172.16,13967.18,13626.84,14597.85,13586.8,11124.56,15148.45,2440.22,5391.07,10624.16,11204.63,17060.72,12215.5,17321.05,12245.52,4420.72,2220.18,6351.49,20335.23,25183.35,15869.27,24071.34,14447.69,21466.97,2280.19,1660.1,4900.88,11284.69,17741.59,21096.39,3950.57,2270.19,2270.19,2550.24,11124.56,25564.06,22648.89,16389.89,15038.33,22899.31,6141.39,1580.09,2650.26,1290.06,1710.11,1420.07,2090.16,1340.07,2090.16,12816.05,21076.36,18712.9,2910.31,7412.02,5381.07,7181.9,2960.32,720.02,670.02,660.02,1540.09,2570.24,1780.12,1790.12,1500.08,780.02,1830.12,1880.13,1840.12,2440.22,2040.15,1440.08,1470.08,1150.05,3380.42,2880.31,4130.63,1940.14,4570.77,17831.71,37000.38,50313.12,17471.24,2110.16,1350.07,510.01,320.0,280.0,350.0,150.0,520.01,190.0,350.0,170.0
1170.05,1260.06,800.02,1260.06,1030.04,2810.29,2150.17,1510.08,38083.38,82791.84,42014.96,12735.98,10664.19,15548.9,19734.34,18933.2,16389.89,13857.07,11675.02,13887.1,16820.42,18252.27,21627.22,15458.8,12065.36,19443.92,17991.92,13446.66,16369.87,12185.47,3800.53,3180.37,8802.85,24772.59,19884.56,20565.58,16149.61,15979.4,8322.55,2010.15,6011.33,14277.51,21707.35,22017.85,4900.88,2820.29,1300.06,1710.11,920.03,1370.07,4000.59,13947.17,22168.1,19133.48,12655.9,1530.09,1660.1,1310.06,2800.29,1240.06,1520.09,1460.08,1500.08,11064.51,14197.42,22077.95,18031.97,4450.73,6741.67,12906.14,12916.14,3150.37,1060.04,1140.05,2040.15,1930.14,2230.18,1140.05,1250.06,2440.22,1060.04,1470.08,1040.04,700.02,930.03,1620.1,770.02,880.03,1700.11,3520.46,2080.16,5120.97,7562.11,10944.41,17751.61,43379.24,70643.44,7742.21,1790.12,830.03,270.0,380.01,1370.07,630.01,240.0,500.01,170.0,370.01,130.0
3660.49,820.02,1190.05,1110.05,1980.14,2950.32,2230.18,27066.97,93078.19,85226.85,14878.15,10484.05,14057.28,12175.46,17991.92,15989.42,13676.89,15058.35,12976.2,14697.96,16800.4,16449.97,16760.35,13526.74,12685.93,20385.3,13336.55,15448.79,19113.45,20485.45,14557.81,19604.15,21386.84,24912.85,19504.01,12055.35,9293.18,5271.02,1320.06,4400.71,13226.44,18442.53,20785.91,8722.8,2820.29,1480.08,830.03,960.03,1530.09,1330.07,1680.1,2820.29,15759.15,24371.87,6831.72,1700.11,1290.06,1570.09,1550.09,1960.14,1910.13,3950.57,12215.5,11865.19,15669.04,5291.03,19093.43,10233.86,1240.06,2010.15,7311.97,7111.86,4200.65,1750.11,2010.15,1900.13,1230.06,480.01,2470.22,2300.19,1450.08,2520.23,1090.04,1050.04,1600.09,600.01,550.01,1650.1,1330.07,2430.22,1810.12,1540.09,5110.96,4170.64,11194.62,39457.29,94185.8,15498.85,1430.08,880.03,1150.05,3350.41,4030.6,2720.27,1780.12,1300.06,180.0,140.0,130.0
1160.05,780.02,1260.06,1400.07,3360.42,3100.35,2360.21,104611.76,83254.67,24902.83,11074.52,9893.61,14147.37,17000.64,15809.21,17010.66,9953.65,11995.3,10764.27,11214.63,12826.06,12605.85,12265.54,12475.73,15428.77,15959.38,11284.69,13817.03,15218.53,15849.25,19654.22,20355.26,20395.32,13847.06,1950.14,1970.14,1040.04,1350.07,1030.04,3950.57,8112.42,16399.91,20565.58,4540.76,1820.12,1880.13,840.03,1260.06,1690.11,960.03,1030.04,940.03,6991.8,25944.78,26555.96,5090.95,2060.16,1670.1,1420.07,1690.11,6801.7,19133.48,16049.49,22418.51,7582.12,20335.23,23540.4,21426.91,5381.07,6051.35,14798.07,5851.26,3760.52,1320.06,380.01,1730.11,2670.26,3380.42,1400.07,22588.79,520.01,41724.06,890.03,1730.11,1670.1,1020.04,930.03,3200.38,1280.06,1920.14,4360.7,5281.03,4620.79,9603.4,22809.16,38544.67,51035.81,2880.31,840.03,660.02,1880.13,2150.17,2800.29,1510.08,2930.32,2920.31,1000.04,240.0,60.0
1100.04,840.03,870.03,2380.21,2980.33,2840.3,70100.64,124872.03,27698.24,13666.88,12435.7,16129.58,12215.5,10424.0,12515.77,15849.25,11094.53,8532.68,9623.41,10804.3,12595.84,12145.43,11735.07,10003.69,20255.11,16630.19,16229.7,15528.88,22829.19,22939.37,24211.58,24902.83,2540.24,1460.08,1130.05,1900.13,960.03,980.04,1440.08,3550.46,19934.63,18312.35,30023.18,4560.77,1590.09,760.02,980.04,1380.07,1240.06,1490.08,1310.06,1460.08,3330.41,24662.39,21036.3,25874.65,25353.67,4370.7,2310.2,4000.59,5541.13,26155.19,22017.85,6391.51,18943.22,16720.3,17170.86,100450.5,15839.24,15558.92,27227.29,9553.36,4800.85,1750.11,370.01,1270.06,2150.17,2010.15,2500.23,560.01,2030.15,2440.22,2140.17,2620.25,560.01,810.02,2630.25,720.02,1640.1,3170.37,3170.37,1600.09,2200.18,12695.94,66030.29,72905.36,40008.9,2380.21,760.02,510.01,1210.05,1540.09,2060.16,2640.26,2060.16,3480.45,2140.17,350.0,120.0
1990.15,960.03,1600.09,3080.35,3160.37,25123.24,98989.81,100319.53,17731.58,13346.56,14878.15,14307.54,11054.5,11184.61,11755.09,14707.97,8512.67,10444.02,10183.82,12375.64,12005.31,15018.31,14878.15,16500.03,14087.31,14477.72,32799.6,25894.69,12525.78,23881.0,2540.24,880.03,2360.21,1330.07,900.03,1280.06,1320.06,930.03,1540.09,9203.12,19804.44,21697.34,16159.62,2510.23,860.03,1990.15,1790.12,1320.06,1980.14,1980.14,1280.06,1380.07,5941.3,20034.78,12816.05,29622.3,20445.39,28419.74,11424.81,12996.22,16970.61,24091.37,9393.25,14247.48,18092.06,19724.33,24442.0,11895.21,16830.43,22578.77,20154.96,4690.81,4890.88,2710.27,490.01,1560.09,1910.13,2990.33,1180.05,860.03,1520.09,1510.08,1270.06,1710.11,1310.06,1460.08,2540.24,1690.11,1010.04,2390.21,3560.47,2900.31,3820.54,27247.33,53495.26,71035.48,13706.92,1310.06,850.03,400.01,1080.04,1490.08,1640.1,2180.18,1540.09,1970.14,3920.57,2550.24,150.0
1180.05,660.02,2600.25,2900.31,1690.11,98345.15,108965.83,53184.04,13096.32,10133.78,14808.08,10894.37,9243.15,10704.22,11224.64,10233.86,8662.76,9953.65,10023.7,11945.26,21096.39,13266.48,10023.7,11054.5,14667.92,22698.97,13726.94,21497.02,27487.82,5150.98,1230.06,950.03,1800.12,1900.13,890.03,1030.04,1120.05,670.02,1040.04,8152.45,16570.11,27838.53,6521.57,2460.22,1530.09,1870.13,1550.09,1810.12,6521.57,3370.42,1580.09,2020.15,17661.49,14567.82,12936.16,22118.01,14527.77,15318.64,29141.26,25223.42,23159.75,15669.04,12275.55,14267.5,26716.28,4990.92,1180.05,3080.35,8582.71,18542.66,25173.33,22859.24,5991.32,7412.02,1000.04,2690.27,5110.96,1890.13,1880.13,1350.07,2960.32,1840.12,1300.06,870.03,1050.04,1920.14,2310.2,1500.08,2390.21,2410.21,1600.09,4920.89,6331.48,7922.31,70402.19,41222.53,6421.52,840.03,1630.1,370.01,1120.05,1210.05,1280.06,1460.08,1180.05,1110.05,1820.12,2560.24,100.0
1020.04,840.03,3220.38,20014.75,36489.0,67969.83,84572.78,19063.38,12055.35,11655.0,10283.9,9663.44,10043.72,9783.53,10053.72,10634.17,11054.5,10664.19,10954.42,13576.79,12145.43,8762.83,12235.51,12856.09,33411.09,14397.64,14918.2,25784.48,9173.1,1170.05,960.03,980.04,1600.09,1170.05,1720.11,1610.1,1510.08,1090.04,1500.08,15679.05,15198.51,14247.48,3040.34,1010.04,1300.06,1190.05,1270.06,3910.56,19323.75,4500.75,2060.16,3980.58,26155.19,14697.96,15448.79,16920.54,15068.36,23259.92,21737.4,19964.68,18953.23,12275.55,13316.53,30223.63,6521.57,1380.07,370.01,2030.15,2470.22,7662.16,27788.43,23901.03,6841.72,9983.67,2020.15,2400.21,1960.14,2800.29,1880.13,1390.07,3240.39,1500.08,2590.25,129303.24,670.02,1680.1,3170.37,2630.25,2470.22,1530.09,840.03,2080.16,2240.18,21186.53,52742.32,54459.08,3880.55,1090.04,530.01,460.01,1170.05,1130.05,1320.06,1310.06,1440.08,910.03,1060.04,1920.14,140.0
1310.06,2350.2,25934.76,39166.45,97881.81,60695.46,13927.14,11264.67,11835.16,11705.05,10383.97,8592.72,9713.48,12936.16,9823.56,9943.64,8982.97,8862.89,10243.87,10934.4,11544.91,11885.2,12655.9,19093.43,15689.07,17230.93,23480.3,10854.34,1480.08,940.03,1310.06,2260.19,1360.07,710.02,1420.07,1080.04,880.03,1410.07,6371.5,13086.31,22548.72,4460.73,910.03,950.03,1500.08,1080.04,1340.07,10754.26,18152.13,3230.38,4580.77,13466.68,14197.42,15478.82,12575.83,14327.56,21727.38,22879.27,22047.9,20815.96,24872.78,12005.31,25243.46,9203.12,1980.14,530.01,550.01,2000.15,2710.27,19413.88,22057.91,4590.78,6541.58,3490.45,690.02,1780.12,2640.26,2340.2,1340.07,1930.14,1310.06,1470.08,2020.15,1460.08,1180.05,1920.14,1480.08,580.01,2120.17,1800.12,3360.42,3320.41,3910.56,45185.12,17491.27,8952.95,1080.04,650.02,200.0,390.01,1190.05,1170.05,1140.05,1180.05,1380.07,830.03,1090.04,1280.06,160.0
1100.04,2270.19,73850.45,65146.03,73961.05,18712.9,9633.42,10624.16,11955.26,9473.31,7612.13,7912.31,8462.64,11244.66,8482.65,9393.25,9613.4,9413.26,10323.93,10063.73,10744.25,11074.52,12645.89,22168.1,23650.6,17731.58,3480.45,2300.19,2050.15,2400.21,980.04,1040.04,900.03,540.01,1390.07,2330.2,1160.05,3890.56,13887.1,12856.09,15869.27,1940.14,1530.09,1420.07,1380.07,1270.06,2770.28,19674.26,18722.91,6941.78,6651.63,19694.28,13416.63,20976.2,13847.06,15048.34,22879.27,20174.99,20515.5,20255.11,21827.54,19183.55,18462.55,3480.45,1770.12,540.01,1750.11,2080.16,9713.48,25103.2,26495.85,4930.9,2390.21,4550.76,750.02,1790.12,2410.21,2230.18,1950.14,1850.13,2380.21,1760.11,1300.06,1460.08,930.03,2520.23,3050.34,2020.15,1940.14,1480.08,3780.53,2140.17,2900.31,49600.5,11865.19,2430.22,980.04,470.01,230.0,500.01,1080.04,720.02,930.03,26686.22,1170.05,1130.05,860.03,1110.05,100.0
2160.17,1870.13,96179.71,31616.8,12135.42,11224.64,9033.01,12095.39,9503.33,8212.48,8862.89,7722.2,9053.02,11294.7,6741.67,10884.36,9893.61,10564.11,9743.5,9073.03,10103.76,10974.44,17451.22,27608.06,13847.06,3830.54,1480.08,1700.11,750.02,980.04,670.02,690.02,510.01,520.01,880.03,780.02,510.01,11995.3,12665.91,10193.83,2980.33,1740.11,1480.08,1380.07,1170.05,1080.04,1730.11,9103.05,20054.81,17070.73,15018.31,18913.17,17891.79,18662.83,19654.22,17991.92,20134.93,28409.71,26335.54,21947.74,17010.66,4960.91,2010.15,1840.12,1190.05,500.01,320.0,1870.13,20595.62,30694.68,17341.08,8092.41,10674.2,1330.07,500.01,2800.29,1880.13,1070.04,2310.2,2520.23,1750.11,2140.17,2350.2,2330.2,2090.16,2080.16,950.03,570.01,3390.42,2860.3,5851.26,5030.93,29632.32,79643.07,33992.53,2350.2,890.03,390.01,230.0,740.02,1160.05,820.02,810.02,730.02,540.01,1030.04,1230.06,1250.06,80.0
1830.12,9843.57,100420.27,17951.87,9743.5,9012.99,10484.05,7622.14,9333.21,8682.78,8202.48,10654.18,10734.24,6381.5,9333.21,7432.03,7952.33,8062.39,8302.54,8442.63,10464.03,16580.12,20725.82,9083.04,1830.12,2150.17,1120.05,1010.04,590.01,600.01,1450.08,1410.07,1600.09,1030.04,1090.04,820.02,950.03,7341.99,6771.69,2790.29,1820.12,2790.29,1850.13,1320.06,1390.07,1640.1,2530.24,12615.86,25964.82,19504.01,27377.59,27738.33,25263.5,17731.58,12445.71,15088.38,22518.67,23390.15,9633.42,2820.29,1280.06,1700.11,1680.1,1790.12,1100.04,550.01,260.0,1340.07,23620.54,10594.13,1360.07,10494.06,5211.0,790.02,570.01,2940.32,910.03,940.03,1580.09,680.02,1720.11,2570.24,1950.14,1570.09,1510.08,2150.17,1340.07,2510.23,1020.04,2100.16,5050.94,4150.63,47352.49,23630.56,16660.22,1300.06,660.02,240.0,410.01,890.03,1120.05,1020.04,860.03,970.03,1060.04,770.02,910.03,1180.05,200.0
4910.89,89091.56,30353.92,10213.84,6941.78,7542.1,7071.84,8462.64,8262.52,11695.04,9883.6,12245.52,14758.02,17901.8,16019.45,9263.16,6821.71,7832.26,12555.81,15689.07,20265.12,17331.06,6631.62,2010.15,1420.07,1140.05,2100.16,700.02,1340.07,2550.24,2270.19,960.03,1600.09,1160.05,870.03,880.03,1140.05,1320.06,1250.06,1400.07,1390.07,920.03,1860.13,1600.09,1050.04,1240.06,4870.87,24762.58,20966.19,17000.64,17160.85,17721.57,19554.08,21046.31,14247.48,18702.88,14768.03,9933.64,2080.16,890.03,1340.07,1230.06,1500.08,1810.12,750.02,1390.07,440.01,2110.16,29522.08,3870.55,5451.09,9123.07,2920.31,680.02,910.03,1440.08,1890.13,1260.06,3210.38,1390.07,2450.22,2250.19,800.02,2430.22,1810.12,2000.15,2320.2,2850.3,1600.09,4610.78,8332.56,19003.3,31165.75,22518.67,5781.23,760.02,380.01,150.0,710.02,770.02,780.02,930.03,720.02,1050.04,910.03,940.03,900.03,1110.05,90.0
38885.65,28560.03,10634.17,9273.17,7552.1,7261.94,7712.19,9083.04,11735.07,10844.33,13386.6,18883.13,9463.3,8452.63,11995.3,14167.39,13286.5,14067.29,15178.49,17561.36,4530.76,2040.15,650.02,1510.08,880.03,860.03,2030.15,2070.16,1840.12,1530.09,1290.06,1020.04,910.03,1150.05,1480.08,490.01,650.02,930.03,1220.05,1110.05,1310.06,2210.18,4600.78,5621.16,4780.84,7812.25,17291.01,20785.91,17531.32,15518.87,14838.11,14587.84,16009.44,20144.94,26034.96,18011.95,13907.12,2580.25,1500.08,1260.06,910.03,1460.08,1390.07,840.03,1640.1,1030.04,510.01,8932.94,17260.97,1650.1,7021.82,10674.2,2340.2,2720.27,2640.26,2760.28,2710.27,2550.24,1040.04,2750.28,870.03,2070.16,2340.2,1500.08,1610.1,2950.32,1710.11,1740.11,7592.12,4540.76,9513.33,20846.0,51346.98,26125.13,1930.14,610.01,350.0,200.0,800.02,830.03,830.03,650.02,680.02,980.04,820.02,1280.06,1450.08,530.01,120.0
58907.61,30554.37,10574.12,8002.36,7872.28,9063.03,10904.38,11725.06,9733.49,25223.42,14177.4,17431.19,13827.04,11124.56,19323.75,14517.76,11875.19,13126.35,14257.49,3430.43,890.03,600.01,610.01,1080.04,680.02,810.02,870.03,1060.04,1680.1,1090.04,800.02,1350.07,950.03,1220.05,950.03,870.03,1020.04,2420.22,1470.08,1930.14,2380.21,8882.91,14717.98,13726.94,18352.4,18452.54,16650.21,18762.96,17621.44,20144.94,20435.38,15428.77,16950.58,28710.35,25093.18,15028.32,3830.54,970.03,2210.18,1380.07,1170.05,690.02,1580.09,1140.05,1390.07,1440.08,4330.69,24672.41,8882.91,2520.23,8162.45,6181.41,2580.25,2620.25,1480.08,1780.12,430.01,1260.06,3250.39,1790.12,1980.14,2250.19,1020.04,1470.08,1540.09,3200.38,1670.1,5050.94,6071.36,5481.11,5100.96,39226.63,36849.98,2310.2,850.03,440.01,190.0,420.01,530.01,510.01,900.03,900.03,880.03,930.03,690.02,910.03,1770.12,440.01,90.0
34744.43,12826.06,10073.74,7922.31,6141.39,10564.11,11134.57,12375.64,12595.84,18021.96,18983.27,13977.2,12435.7,15358.69,15759.15,9533.35,11244.66,13056.28,13136.36,1150.05,650.02,700.02,680.02,1380.07,3090.35,5921.29,6111.38,7782.23,5731.21,3720.51,4260.67,1640.1,1620.1,1590.09,1140.05,1940.14,1710.11,1330.07,1320.06,3440.44,13586.8,24782.61,16640.2,11004.46,21006.25,17681.51,16690.26,16530.06,18672.84,19894.58,26856.55,15538.89,20285.15,21026.28,6621.62,2230.18,1320.06,1040.04,1050.04,1390.07,1440.08,1890.13,870.03,9943.64,1500.08,3970.58,23249.9,26255.38,10984.44,1150.05,3220.38,4330.69,2750.28,2530.24,1410.07,850.03,1210.05,1060.04,1200.05,1100.04,2410.21,2390.21,1010.04,1430.08,1950.14,3720.51,2010.15,3040.34,3420.43,5401.07,9883.6,44793.82,14838.11,1080.04,380.01,430.01,200.0,370.01,310.0,860.03,730.02,1000.04,890.03,840.03,880.03,920.03,570.01,520.01,140.0
12175.46,6541.58,7442.04,8122.43,6331.48,9113.06,14057.28,18422.5,13066.29,17331.06,11604.96,9943.64,11094.53,10844.33,9633.42,10223.85,11755.09,11004.46,9573.38,3430.43,1390.07,2310.2,4470.74,11705.05,13336.55,17551.34,16550.09,12635.88,15679.05,16349.85,23921.07,3730.51,1620.1,1290.06,690.02,670.02,1790.12,880.03,3800.53,19604.15,19714.31,22178.11,17240.95,18642.8,15689.07,13616.83,14768.03,15859.26,21977.79,27347.53,27016.87,19373.82,12545.8,2050.15,1820.12,1040.04,1220.05,1700.11,2200.18,1200.05,1260.06,1990.15,1570.09,1810.12,1590.09,8952.95,24872.78,19794.43,9423.27,13156.38,8312.55,2330.2,2270.19,1780.12,3920.57,2110.16,1200.05,2130.17,2230.18,3400.43,2150.17,1360.07,1480.08,1960.14,3270.39,990.04,850.03,2850.3,3860.55,7191.91,43660.14,35747.03,4920.89,580.01,480.01,240.0,230.0,230.0,730.02,720.02,780.02,620.01,860.03,1060.04,920.03,880.03,730.02,800.02,70.0
9383.24,5110.96,7161.89,7892.29,7572.11,7482.06,10333.93,12695.94,10944.41,10494.06,9493.32,10333.93,10043.72,11855.18,11144.58,10704.22,11434.82,14397.64,19504.01,11574.94,5080.95,10704.22,20805.94,17551.34,13276.49,13456.67,12605.85,21046.31,14387.62,16650.21,19994.72,2420.22,1980.14,1110.05,950.03,730.02,880.03,3930.57,22708.99,18302.34,25053.11,15739.12,22498.64,15228.54,16880.5,19413.88,16930.56,15468.81,22007.83,30183.54,23730.73,15258.58,1980.14,1680.1,1980.14,1860.13,830.03,1000.04,1890.13,1090.04,1880.13,960.03,350.0,800.02,1070.04,10283.9,20445.39,19213.59,19644.21,9333.21,3150.37,1110.05,2280.19,2430.22,2010.15,1290.06,1120.05,2090.16,990.04,3020.34,1910.13,1240.06,1130.05,2740.28,2010.15,1100.04,1300.06,3090.35,4930.9,11885.2,51868.96,9353.22,890.03,280.0,360.0,260.0,120.0,660.02,870.03,700.02,680.02,660.02,800.02,900.03,860.03,650.02,900.03,570.01,90.0
4820.86,5241.01,7452.05,7882.29,6791.7,7331.98,9483.31,10574.12,10484.05,11634.99,11204.63,10183.82,10403.99,11014.47,10744.25,9313.2,10373.96,14828.1,18843.08,24972.96,21036.3,17711.55,16299.78,17591.4,21276.67,15578.94,18923.19,14257.49,10383.97,19814.46,11514.89,1810.12,780.02,1700.11,880.03,1400.07,2230.18,18712.9,21997.82,25734.38,20535.53,17581.38,15308.63,15819.22,17281.0,16490.02,17321.05,17911.82,20886.06,21817.53,10614.15,1920.14,2080.16,2290.19,1660.1,1130.05,1480.08,750.02,540.01,280.0,370.01,330.0,260.0,240.0,520.01,6141.39,25934.76,25744.4,9413.26,6581.6,1050.04,1100.04,1200.05,1650.1,2780.28,1710.11,990.04,1870.13,1410.07,3060.35,1280.06,2420.22,2430.22,690.02,1510.08,3100.35,2900.31,3620.48,4050.6,22027.87,49590.46,6021.34,580.01,490.01,360.0,290.0,230.0,400.01,530.01,620.01,740.02,560.01,990.04,950.03,950.03,920.03,830.03,130.0,90.0
4670.8,5211.0,6181.41,14167.39,11234.65,7902.3,7982.35,9213.13,9623.41,11314.72,9213.13,7812.25,9173.1,10363.96,13436.65,14657.91,14417.66,19113.45,20024.77,19494.0,17341.08,16189.65,15989.42,18392.46,12455.72,15248.56,15058.35,16970.61,17831.71,16199.67,1510.08,2320.2,1730.11,1230.06,960.03,1520.09,15578.94,17391.14,18833.06,15338.67,22368.42,25213.41,14607.86,16159.62,18362.42,18582.72,16600.15,10954.42,9313.2,2340.2,2030.15,1570.09,890.03,1550.09,2060.16,1520.09,4480.74,5391.07,2110.16,350.0,190.0,280.0,190.0,430.01,370.01,3050.34,38775.33,26355.57,14968.25,8362.58,1770.12,1420.07,1330.07,3200.38,1860.13,1370.07,1550.09,1520.09,3210.38,1990.15,2550.24,1030.04,1340.07,1380.07,2570.24,3750.52,2150.17,5351.06,24301.75,48827.7,15608.97,850.03,570.01,280.0,480.01,460.01,210.0,380.01,550.01,660.02,690.02,420.01,810.02,1010.04,730.02,490.01,210.0,120.0,70.0
3390.42,5201.0,13146.37,20485.45,14057.28,10524.08,8462.64,10764.27,9503.33,10143.79,9193.11,11104.54,9723.48,8242.5,8292.53,13076.3,13436.65,12415.68,14107.33,16810.41,14808.08,18532.65,11735.07,14127.35,11414.8,20896.08,16810.41,18913.17,19103.44,1440.08,900.03,1380.07,1390.07,1170.05,2210.18,12395.66,15749.14,15508.86,22558.74,11775.11,22789.12,17130.81,15799.19,19514.02,16259.74,13326.54,8032.38,8772.84,1820.12,2110.16,980.04,800.02,1050.04,1170.05,2450.22,6681.64,12205.49,13286.5,6311.47,1040.04,320.0,2340.2,300.0,660.02,450.01,1600.09,4300.68,4910.89,6721.66,4460.73,1130.05,1000.04,2470.22,2290.19,6941.78,1080.04,2640.26,730.02,3000.33,2020.15,2780.28,1490.08,920.03,3550.46,2230.18,3230.38,1900.13,7011.81,40369.97,32258.31,2690.27,750.02,530.01,470.01,540.01,460.01,260.0,700.02,620.01,720.02,930.03,540.01,390.01,820.02,710.02,290.0,200.0,350.0,70.0
3790.53,9043.01,2560.24,17891.79,8512.67,10454.03,7882.29,9193.11,8202.48,7922.31,9903.61,9783.53,9263.16,12966.19,10564.11,12705.95,13116.34,15929.35,15799.19,12936.16,10714.23,13586.8,15568.93,15879.29,18072.03,18953.23,16700.27,18602.74,2010.15,1210.05,1170.05,1020.04,710.02,5691.19,17521.31,14627.88,14437.68,14838.11,11404.79,16980.62,19103.44,17881.78,19483.98,18462.55,7752.21,5291.03,6451.53,4180.64,1420.07,1020.04,1470.08,1200.05,1540.09,2330.2,8642.75,17871.76,17010.66,16800.4,5471.1,1800.12,690.02,1000.04,1630.1,1690.11,790.02,9513.33,1170.05,2330.2,9193.11,12575.83,1150.05,2320.2,3150.37,2260.19,1590.09,2140.17,2550.24,1600.09,2780.28,1760.11,940.03,1210.05,2130.17,1620.1,1770.12,3780.53,6001.33,14687.95,31265.99,4770.84,800.02,410.01,770.02,230.0,280.0,450.01,550.01,520.01,590.01,800.02,1040.04,460.01,730.02,360.0,180.0,200.0,180.0,990.04,60.0
14167.39,4740.83,11344.74,9843.57,10414.0,10704.22,11695.04,10083.75,9133.07,10353.95,12675.92,12595.84,14047.27,14828.1,17561.36,17080.74,21296.7,15178.49,11084.53,11885.2,12926.15,9783.53,15829.23,17220.92,14758.02,16960.59,18602.74,2620.25,1660.1,1050.04,1510.08,4980.91,13736.95,16690.26,16109.56,19353.79,16249.73,9993.68,10444.02,25023.06,16560.1,18933.2,18442.53,9723.48,8412.61,8452.63,8402.6,8542.69,5120.97,3100.35,4920.89,4270.67,5140.97,12305.58,19744.36,16049.49,13987.21,14167.39,4480.74,1570.09,610.01,2690.27,1620.1,2030.15,1180.05,2540.24,20044.8,22087.97,26275.42,4870.87,1170.05,2040.15,1860.13,2160.17,1140.05,2240.18,1810.12,2090.16,2850.3,2490.23,2260.19,1070.04,3310.4,2500.23,2150.17,5651.18,11624.98,41894.58,9403.26,870.03,400.01,560.01,380.01,230.0,380.01,210.0,210.0,200.0,250.0,610.01,510.01,610.01,370.01,240.0,260.0,190.0,820.02,1080.04,50.0
5130.97,6461.54,5591.15,10133.78,10804.3,11965.27,11524.89,7822.25,9823.56,11845.17,14097.32,12806.04,11975.28,11254.67,13496.71,17731.58,13526.74,11194.62,12225.51,13176.4,11845.17,12515.77,9803.54,11374.77,11224.64,17511.29,2110.16,1020.04,1040.04,1140.05,11084.53,20285.15,16520.05,13276.49,20395.32,18462.55,15388.72,9123.07,27748.35,24502.1,18222.23,16449.97,11314.72,9973.66,14197.42,16960.59,18742.94,16349.85,17591.4,15909.32,18152.13,13606.82,16299.78,18482.58,19473.97,17190.88,15348.68,10984.44,13096.32,6831.72,3250.39,2960.32,6711.66,20385.3,10043.72,17220.92,22678.94,13917.13,4400.71,3220.38,2170.17,4710.82,3320.41,1520.09,2070.16,2320.2,820.02,4250.67,1750.11,950.03,2100.16,1930.14,2180.18,1000.04,3750.52,8302.54,34975.02,10343.94,720.02,650.02,680.02,660.02,270.0,200.0,220.0,530.01,680.02,590.01,830.03,940.03,270.0,300.0,230.0,160.0,230.0,560.01,1100.04,1350.07,260.0
4240.66,3310.4,4530.76,11614.97,9653.43,8922.93,8782.84,9183.11,11474.85,12705.95,10193.83,11384.77,11665.01,9012.99,11705.05,15278.6,12976.2,17661.49,19053.37,15839.24,9873.59,9563.37,13306.52,14077.3,19233.62,5221.0,3340.41,1830.12,1750.11,8072.4,19654.22,12715.96,10403.99,13396.61,18893.15,18112.08,13426.64,22288.29,22448.56,18793.01,15649.02,20946.16,14798.07,15568.93,16289.77,14477.72,14297.53,15468.81,15028.32,15258.58,15939.36,9083.04,15428.77,11955.26,19273.68,15128.43,11534.9,8672.77,10103.76,14137.36,10514.07,13867.08,14687.95,19854.52,17130.81,18082.04,20134.93,6371.5,9963.66,1200.05,4440.73,3820.54,2060.16,1150.05,2420.22,1650.1,1840.12,1880.13,1930.14,1320.06,1200.05,3590.48,2890.31,4530.76,14958.24,39336.95,21036.3,1720.11,540.01,490.01,740.02,550.01,200.0,300.0,840.03,870.03,870.03,1190.05,1070.04,400.01,250.0,300.0,190.0,120.0,1170.05,1110.05,920.03,1490.08,150.0
4460.73,5841.26,9603.4,9773.52,9823.56,8242.5,11054.5,11234.65,10814.31,11604.96,12075.37,10934.4,9743.5,9023.0,11494.87,15308.63,17020.67,12796.03,11034.49,15478.82,10454.03,13026.25,20124.91,18382.44,2520.23,3010.33,3510.45,2680.26,1670.1,10373.96,23931.09,17120.8,18452.54,18803.02,14167.39,14167.39,15098.4,21747.42,20305.18,16860.47,15679.05,15048.34,15078.37,11705.05,13466.68,14197.42,13556.77,13046.27,16660.22,15618.99,14868.14,13616.83,17250.96,15809.21,14657.91,11755.09,10183.82,9683.45,17180.87,27387.61,23370.11,24401.92,22358.41,21246.62,22979.44,14647.9,19463.95,19574.11,2220.18,1660.1,3640.49,5160.98,3130.36,3610.48,920.03,1760.11,2190.18,3070.35,1980.14,2010.15,3900.56,4420.72,3790.53,8362.58,23991.19,21466.97,1560.09,640.02,380.01,600.01,660.02,270.0,200.0,590.01,740.02,910.03,710.02,780.02,400.01,320.0,240.0,240.0,650.02,1260.06,1250.06,1010.04,1220.05,1160.05,150.0
4960.91,6561.59,8352.57,9383.24,8312.55,8652.76,10253.87,9073.03,8662.76,11094.53,11945.26,11044.49,8382.59,7782.23,11554.92,11194.62,22578.77,21336.76,14137.36,13626.84,18863.1,21997.82,20134.93,2740.28,2400.21,2930.32,770.02,990.04,1200.05,1450.08,2330.2,6911.76,18602.74,26335.54,15598.96,16069.51,21887.64,17641.46,15889.3,16560.1,14597.85,12916.14,12755.99,14828.1,11484.86,11104.54,10744.25,13526.74,12355.62,15608.97,12685.93,14307.54,10794.29,11184.61,18392.46,28770.47,32388.61,33751.93,33110.35,23430.21,16289.77,19173.54,17311.04,16249.73,30313.83,16439.95,16980.62,6411.51,930.03,3660.49,6631.62,5811.24,5080.95,2850.3,2590.25,2780.28,1630.1,3300.4,4710.82,1590.09,5321.04,4630.79,6971.79,25964.82,16730.31,2260.19,640.02,470.01,570.01,560.01,390.01,120.0,540.01,940.03,860.03,1060.04,730.02,500.01,160.0,290.0,690.02,970.03,1370.07,1230.06,1280.06,800.02,1410.07,1450.08,120.0
6151.39,5150.98,5110.96,8592.72,9423.27,10243.87,11604.96,9933.64,13496.71,14147.37,8022.37,7221.92,8992.98,10163.81,12075.37,11184.61,23850.95,16600.15,18052.0,17861.75,18082.04,17391.14,4560.77,2120.17,1820.12,1250.06,1460.08,760.02,680.02,770.02,1250.06,940.03,12705.95,24482.07,16469.99,18492.59,15829.23,15248.56,12155.44,13046.27,12796.03,11805.13,10594.13,12105.4,10033.71,12115.41,10634.17,10303.91,8612.73,8722.8,9303.19,31707.01,27437.72,35827.24,27016.87,16069.51,14117.34,26315.5,40971.77,31265.99,36739.68,23740.75,20485.45,18682.85,12695.94,12335.61,13166.39,990.04,1620.1,10834.32,8512.67,1260.06,3340.41,1990.15,1350.07,5671.19,4000.59,1740.11,4940.9,6341.48,5911.29,7101.86,36338.6,18823.05,1350.07,700.02,280.0,580.01,870.03,420.01,260.0,470.01,860.03,860.03,10724.24,2360.21,3130.36,390.01,440.01,520.01,1040.04,1050.04,1260.06,1220.05,1530.09,1370.07,1190.05,690.02,60.0
5381.07,5331.05,5341.05,9053.02,10524.08,12725.97,18652.81,14137.36,17120.8,10874.36,9093.05,7602.13,11374.77,13456.67,17801.67,24792.63,27688.22,22358.41,16469.99,16840.45,18452.54,3800.53,2330.2,1880.13,980.04,650.02,1420.07,1450.08,1250.06,1150.05,2000.15,5281.03,15208.52,22258.24,20355.26,15959.38,15548.9,16269.75,13466.68,11404.79,11715.05,11825.15,10904.38,11174.6,10313.92,11314.72,9673.45,8262.52,12545.8,33992.53,36890.08,37622.09,32448.76,16620.17,1520.09,970.03,730.02,970.03,720.02,790.02,11174.6,32879.79,33451.19,17070.73,17551.34,28529.97,8812.86,790.02,2480.23,16369.87,8572.71,4140.63,4360.7,5961.31,2990.33,6651.63,2830.3,4280.67,5391.07,7662.16,27567.98,33130.4,20966.19,1440.08,530.01,450.01,850.03,700.02,460.01,200.0,330.0,930.03,760.02,1150.05,900.03,150.0,250.0,350.0,2500.23,1370.07,1390.07,1510.08,1340.07,1610.1,1200.05,580.01,1150.05,1330.07,100.0
4120.63,6181.41,6341.48,10824.32,11935.25,12605.85,13506.72,13326.54,24472.05,11795.13,8672.77,9053.02,9213.13,8642.75,11514.89,14217.44,16279.76,13937.15,14657.91,16169.63,2880.31,1740.11,1020.04,780.02,1310.06,2230.18,5010.93,8012.37,10844.33,8322.55,11524.89,16900.52,14918.2,15148.45,15158.46,16189.65,13336.55,12575.83,12515.77,12435.7,13056.28,10734.24,10934.4,10654.18,12986.21,9543.36,7882.29,8842.88,18642.8,24041.28,6741.67,1770.12,640.02,560.01,710.02,480.01,500.01,650.02,640.02,1700.11,610.01,2360.21,12395.66,49399.77,36669.49,15068.36,4130.63,1150.05,14147.37,23299.99,11404.79,6731.67,3040.34,8442.63,3080.35,5561.14,11084.53,8862.89,14127.35,15238.55,46037.98,14377.61,1070.04,550.01,390.01,630.01,680.02,230.0,150.0,140.0,670.02,590.01,1010.04,870.03,250.0,200.0,300.0,450.01,1310.06,1260.06,1310.06,1760.11,1100.04,310.0,940.03,1200.05,1040.04,1470.08,80.0
4700.81,5721.21,9743.5,11444.83,8472.64,11885.2,12926.15,11164.59,13486.7,9623.41,9373.24,7331.98,9613.4,9973.66,12295.57,13086.31,13276.49,17281.0,15268.59,6661.64,1700.11,1710.11,920.03,1610.1,9953.65,24091.37,19023.33,17821.7,17210.91,14868.14,14097.32,14577.83,12105.4,13246.46,10313.92,10874.36,12896.13,11614.97,12125.42,9823.56,11124.56,8862.89,11855.18,12025.33,9853.58,8252.51,9223.13,20695.77,32559.02,7201.91,1200.05,710.02,740.02,730.02,660.02,440.01,590.01,690.02,560.01,720.02,590.01,690.02,640.02,14237.47,6401.51,710.02,570.01,840.03,17581.38,29351.72,15849.25,13176.4,6411.51,9923.63,10333.93,9353.22,17851.74,13466.68,20715.8,39948.73,19524.04,1000.04,510.01,600.01,570.01,790.02,300.0,230.0,240.0,680.02,660.02,460.01,1010.04,270.0,220.0,160.0,310.0,1080.04,1110.05,1170.05,1380.07,1060.04,360.0,930.03,1570.09,1370.07,1120.05,1490.08,3140.36
5080.95,5761.22,6611.61,7061.84,11745.08,11725.06,8652.76,11865.19,8792.85,8292.53,8672.77,6911.76,9753.5,10564.11,12315.59,16269.75,18352.4,19003.3,10694.21,1870.13,1660.1,640.02,3460.44,14727.99,23941.11,22007.83,16049.49,17040.7,13196.41,13887.1,12115.41,13076.3,12936.16,11084.53,12275.55,13857.07,12265.54,10684.21,8722.8,9173.1,8232.5,9613.4,8432.62,8642.75,7752.21,8972.97,40430.15,16770.36,13286.5,2710.27,1360.07,700.02,520.01,500.01,420.01,400.01,560.01,630.01,460.01,460.01,490.01,650.02,750.02,710.02,390.01,650.02,580.01,730.02,650.02,19734.34,42977.96,45827.26,28980.92,21607.19,32308.42,27467.78,38865.59,32238.26,24762.58,3950.57,930.03,420.01,460.01,500.01,720.02,300.0,130.0,190.0,500.01,1040.04,360.0,730.02,410.01,280.0,130.0,170.0,1000.04,780.02,1220.05,1220.05,1200.05,1220.05,240.0,870.03,1290.06,1250.06,1060.04,1290.06,130.0
5441.09,5160.98,5891.28,16650.21,12425.69,10544.1,11344.74,9643.43,9843.57,9093.05,9783.53,10414.0,13296.51,13306.52,17971.9,3880.55,12926.15,18782.99,4640.79,1730.11,3410.43,24812.67,17331.06,11895.21,15829.23,13126.35,13526.74,13146.37,11454.83,12295.57,12205.49,12005.31,10534.09,10504.06,9833.56,9903.61,10303.91,10023.7,10203.84,9173.1,9843.57,8942.95,7432.03,8602.73,12025.33,38283.94,21296.7,6131.38,860.03,640.02,630.01,670.02,470.01,700.02,510.01,670.02,610.01,620.01,760.02,660.02,530.01,830.03,800.02,780.02,990.04,680.02,540.01,770.02,710.02,1120.05,8272.52,19163.52,35115.39,43399.3,29832.76,31095.59,15649.02,1320.06,740.02,850.03,420.01,250.0,510.01,870.03,220.0,130.0,250.0,450.01,840.03,900.03,210.0,290.0,390.01,200.0,240.0,680.02,27477.8,1080.04,2580.25,1190.05,1190.05,590.01,570.01,1320.06,1350.07,1140.05,1150.05,1310.06,110.0
4670.8,3190.38,7672.17,14968.25,11935.25,16449.97,9323.2,10173.81,12185.47,9293.18,9373.24,12035.34,13216.43,15388.72,12515.77,6221.43,17511.29,17411.16,3650.49,4990.92,19534.05,12806.04,11384.77,13817.03,13366.58,14768.03,13256.47,11364.76,12505.76,12105.4,11775.11,11634.99,12045.34,10844.33,9563.37,10093.75,11845.17,11094.53,8822.87,6281.45,5811.24,7331.98,7982.35,15148.45,40299.76,24522.14,2320.2,660.02,500.01,330.0,440.01,650.02,350.0,510.01,9383.24,790.02,870.03,550.01,780.02,630.01,9793.53,380.01,370.01,360.0,3210.38,330.0,400.01,570.01,550.01,1980.14,620.01,700.02,690.02,980.04,1000.04,810.02,5641.17,450.01,430.01,530.01,580.01,690.02,960.03,280.0,120.0,240.0,170.0,760.02,930.03,570.01,370.01,200.0,140.0,130.0,1010.04,1210.05,1190.05,2350.2,1470.08,870.03,2400.21,1940.14,1820.12,1530.09,1390.07,1290.06,1200.05,1250.06,60.0
5681.19,8842.88,15398.73,17160.85,22678.94,13186.4,13586.8,16359.86,12295.57,10614.15,12595.84,11184.61,25674.27,15669.04,15779.17,18122.09,16710.28,10183.82,8882.91,21296.7,20585.61,12105.4,12375.64,12155.44,12315.59,13867.08,12665.91,9853.58,11665.01,11204.63,11164.59,8802.85,9403.26,10964.43,13686.9,11965.27,9012.99,6981.8,4700.81,6701.65,5881.27,7852.27,24121.42,49008.35,20205.03,1630.1,830.03,720.02,660.02,1960.14,530.01,390.01,670.02,2250.19,620.01,860.03,490.01,270.0,370.01,220.0,460.01,290.0,160.0,210.0,160.0,450.01,290.0,320.0,250.0,370.01,530.01,410.01,390.01,700.02,610.01,470.01,390.01,230.0,210.0,1140.05,820.02,610.01,90.0,180.0,130.0,230.0,380.01,590.01,360.0,410.01,290.0,270.0,310.0,1200.05,1050.04,1380.07,680.02,1360.07,1300.06,1460.08,1470.08,1720.11,1570.09,900.03,1360.07,1260.06,1380.07,1050.04,70.0
11104.54,10924.4,13847.06,20795.92,11244.66,10964.43,16540.08,10183.82,12085.38,15969.39,15318.64,15438.78,16419.93,14978.26,13596.81,19053.37,13446.66,13696.91,20615.65,23870.98,22017.85,16610.16,15068.36,13746.96,12145.43,13636.85,11124.56,10614.15,13076.3,11755.09,12075.37,12125.42,11114.55,12796.03,9823.56,8142.44,5791.24,6991.8,7512.08,10373.96,13266.48,18292.32,31065.52,20014.75,1610.1,800.02,600.01,440.01,630.01,630.01,490.01,510.01,350.0,610.01,370.01,180.0,290.0,200.0,520.01,210.0,260.0,310.0,200.0,200.0,170.0,200.0,120.0,200.0,180.0,270.0,400.01,420.01,220.0,360.0,280.0,270.0,310.0,500.01,960.03,840.03,690.02,780.02,450.01,250.0,450.01,710.02,1030.04,620.01,810.02,1140.05,390.01,310.0,200.0,1130.05,890.03,1260.06,370.01,1090.04,1560.09,1540.09,1130.05,1970.14,1650.1,440.01,1210.05,1450.08,1350.07,1430.08,130.0
6021.34,6031.34,15659.03,12796.03,9193.11,17601.41,10954.42,12886.12,16740.32,16620.17,16890.51,16429.94,17781.64,16870.48,19003.3,17230.93,17060.72,27066.97,21316.73,18983.27,14437.68,14287.52,14367.6,13026.25,15008.3,11244.66,11925.24,11875.19,11795.13,11955.26,11444.83,12605.85,11194.62,10434.01,9903.61,10724.24,7041.83,9803.54,11164.59,18742.94,20615.65,27447.74,35145.46,18282.31,1260.06,500.01,670.02,460.01,320.0,620.01,450.01,380.01,500.01,390.01,220.0,280.0,310.0,330.0,490.01,650.02,760.02,760.02,600.01,460.01,300.0,560.01,540.01,480.01,340.0,270.0,210.0,410.01,350.0,210.0,300.0,550.01,810.02,830.03,650.02,390.01,840.03,890.03,130.0,520.01,1030.04,1140.05,1030.04,1010.04,1200.05,780.02,260.0,230.0,520.01,1410.07,1330.07,1320.06,1120.05,860.03,1470.08,1330.07,1450.08,1490.08,1640.1,350.0,1460.08,1280.06,1090.04,1250.06,140.0
6321.47,9533.35,10764.27,10524.08,16690.26,12705.95,16289.77,20034.78,17891.79,17721.57,17541.33,17220.92,16890.51,16279.76,17771.63,22458.57,19964.68,17711.55,16980.62,18983.27,17070.73,17471.24,18552.68,19093.43,14988.27,13857.07,10524.08,11534.9,13026.25,11294.7,10634.17,10133.78,5351.06,7722.2,15709.09,19964.68,26646.14,14988.27,19293.71,23850.95,23640.58,25984.86,41092.13,2790.29,1000.04,1040.04,680.02,560.01,750.02,440.01,700.02,570.01,370.01,150.0,530.01,390.01,410.01,370.01,560.01,690.02,1040.04,810.02,810.02,630.01,770.02,570.01,700.02,620.01,270.0,200.0,200.0,420.01,660.02,600.01,570.01,830.03,800.02,950.03,520.01,720.02,980.04,630.01,610.01,1130.05,800.02,1170.05,1560.09,1000.04,770.02,80.0,1390.07,410.01,570.01,870.03,1550.09,950.03,840.03,1070.04,1330.07,1300.06,1610.1,1470.08,580.01,650.02,1200.05,1420.07,1700.11,1510.08,80.0
