0.0,537.51,50.0,87.5,87.5,75.0,362.5,0.0,12.5,112.5,75.0,50.0,212.5,125.0,137.5,487.51,137.5,137.5,300.0,475.01,387.51,312.5,387.51,512.51,962.53,450.01,362.5,575.01,437.51,725.02,975.03,1862.63,2612.75,1900.13,7614.61,1562.59,887.53,1275.06,875.03,662.52,1562.59,1350.07,950.03,1287.56,1600.09,2137.67,1812.62,2312.69,1412.57,1812.62,1650.1,1200.05,1875.13,2312.69,2950.32,2700.26,1712.61,2662.76,2625.25,2650.26,3087.85,2012.65,3900.55,1837.62,2400.21,2250.18,2550.24,2212.68,2475.22,2462.72,2325.2,2162.67,1525.08,1250.06,712.52,787.52,2025.15,1087.54,1675.1,612.51,700.02,562.51,587.51,812.52,537.51,737.52,625.01,900.03,775.02,987.54,925.03,525.01,425.01,700.02,387.51,300.0,600.01,187.5,312.5,487.51,162.5,175.0,312.5,175.0,112.5,150.0,237.5,112.5,50.0
0.0,25.0,25.0,412.51,250.0,137.5,312.5,437.51,187.5,287.5,225.0,412.51,1925.13,975.03,1200.05,1212.55,1125.05,975.03,1287.56,925.03,700.02,462.51,362.5,2912.81,762.52,950.03,1250.06,875.03,712.52,912.53,1337.56,1237.56,862.53,1487.58,1075.04,1112.54,687.52,1137.55,600.01,887.53,825.02,1250.06,1000.04,1350.07,1437.58,787.52,1175.05,762.52,1000.04,787.52,1062.54,800.02,375.01,1462.58,1112.54,675.02,662.52,762.52,1162.55,562.51,762.52,950.03,750.02,937.53,1075.04,487.51,412.51,412.51,487.51,862.53,1237.56,875.03,562.51,637.51,400.01,487.51,475.01,475.01,62.5,362.5,437.51,325.0,250.0,250.0,175.0,200.0,150.0,187.5,137.5,300.0,175.0,262.5,87.5,237.5,150.0,237.5,75.0,50.0,75.0,50.0,87.5,12.5,62.5,50.0,62.5,25.0,87.5,25.0,37.5
25.0,475.01,125.0,162.5,600.01,200.0,550.01,312.5,275.0,287.5,100.0,225.0,275.0,375.01,212.5,312.5,125.0,312.5,237.5,300.0,225.0,350.0,662.52,337.5,387.51,200.0,562.51,225.0,525.01,312.5,325.0,400.01,287.5,287.5,637.51,312.5,175.0,225.0,325.0,350.0,175.0,462.51,837.53,600.01,787.52,675.02,925.03,612.51,875.03,875.03,587.51,725.02,487.51,700.02,450.01,1037.54,562.51,212.5,400.01,200.0,300.0,137.5,262.5,250.0,237.5,362.5,125.0,350.0,475.01,250.0,337.5,475.01,312.5,262.5,262.5,450.01,87.5,237.5,250.0,125.0,125.0,137.5,75.0,300.0,150.0,125.0,200.0,75.0,187.5,87.5,75.0,375.01,412.51,500.01,150.0,100.0,62.5,137.5,62.5,62.5,25.0,37.5,25.0,25.0,75.0,50.0,37.5,62.5,0.0
125.0,100.0,112.5,187.5,87.5,112.5,25.0,50.0,137.5,162.5,100.0,175.0,125.0,287.5,137.5,237.5,137.5,150.0,262.5,400.01,262.5,250.0,325.0,162.5,125.0,150.0,150.0,175.0,300.0,50.0,762.52,262.5,237.5,237.5,125.0,237.5,350.0,625.01,900.03,862.53,1025.04,575.01,1237.56,1150.05,975.03,1062.54,1612.59,5113.45,8715.26,1175.05,887.53,1987.64,1187.55,975.03,1112.54,925.03,912.53,837.53,850.03,1000.04,675.02,375.01,187.5,475.01,312.5,175.0,300.0,225.0,287.5,425.01,325.0,300.0,312.5,437.51,262.5,350.0,275.0,87.5,125.0,125.0,225.0,487.51,1950.14,125.0,87.5,100.0,62.5,162.5,287.5,350.0,112.5,112.5,175.0,50.0,237.5,100.0,137.5,50.0,37.5,87.5,75.0,12.5,62.5,137.5,37.5,12.5,12.5,37.5,0.0
0.0,37.5,37.5,87.5,100.0,75.0,75.0,787.52,25.0,100.0,87.5,25.0,50.0,125.0,87.5,87.5,100.0,137.5,600.01,125.0,137.5,137.5,137.5,250.0,175.0,187.5,137.5,100.0,100.0,287.5,150.0,75.0,237.5,800.02,800.02,950.03,1112.54,4075.6,19075.71,16372.23,18524.96,16247.08,25799.16,43769.48,70454.84,68118.12,80534.9,100112.73,89779.32,79969.12,97607.33,81339.61,90836.22,90521.66,68758.8,68432.18,46766.81,14970.64,2162.67,1187.55,1037.54,925.03,1062.54,1137.55,462.51,212.5,250.0,1787.62,175.0,287.5,287.5,350.0,237.5,162.5,112.5,300.0,100.0,162.5,87.5,87.5,100.0,162.5,137.5,112.5,62.5,137.5,75.0,50.0,100.0,75.0,150.0,150.0,175.0,87.5,212.5,62.5,62.5,137.5,25.0,150.0,12.5,37.5,587.51,75.0,25.0,25.0,75.0,50.0,0.0
12.5,37.5,0.0,0.0,125.0,12.5,25.0,75.0,50.0,62.5,325.0,75.0,75.0,50.0,112.5,175.0,162.5,37.5,150.0,362.5,137.5,312.5,100.0,100.0,112.5,175.0,212.5,237.5,262.5,287.5,637.51,725.02,1075.04,1212.55,1662.6,1512.58,57620.34,127247.94,86319.8,84357.69,113856.42,88030.59,101699.29,124106.96,103185.29,109823.85,79214.77,81088.14,103764.63,44659.83,96977.91,112633.93,54997.14,101951.15,94108.1,112747.35,56929.98,88659.6,38328.29,26926.31,48033.66,9778.47,1250.06,1050.04,1112.54,1900.13,850.03,475.01,300.0,2012.65,200.0,275.0,187.5,137.5,225.0,262.5,825.02,187.5,162.5,175.0,250.0,212.5,250.0,2487.72,137.5,75.0,137.5,237.5,62.5,187.5,87.5,50.0,112.5,175.0,187.5,100.0,100.0,62.5,37.5,37.5,25.0,50.0,37.5,62.5,25.0,25.0,187.5,25.0,25.0
25.0,25.0,112.5,100.0,112.5,87.5,125.0,37.5,100.0,50.0,87.5,162.5,175.0,187.5,137.5,337.5,200.0,250.0,287.5,175.0,225.0,250.0,300.0,362.5,325.0,225.0,175.0,512.51,1175.05,975.03,1525.08,21241.38,48397.43,74048.63,71799.26,118634.02,45274.33,90873.97,103978.74,120348.81,86370.11,115835.33,102492.65,98287.15,65819.48,61361.46,95870.19,101888.19,97745.81,99243.98,114915.18,119831.83,72339.58,112671.74,52386.99,95895.36,70756.39,96940.14,72842.23,88898.63,76612.61,70153.31,17461.07,10128.72,1587.59,1450.08,1050.04,1112.54,650.02,250.0,375.01,287.5,175.0,325.0,475.01,425.01,162.5,200.0,287.5,1787.62,187.5,325.0,250.0,87.5,125.0,562.51,137.5,200.0,150.0,312.5,62.5,75.0,150.0,187.5,50.0,37.5,87.5,62.5,25.0,87.5,100.0,62.5,25.0,62.5,87.5,50.0,187.5,62.5,0.0
0.0,0.0,987.54,150.0,275.0,87.5,137.5,100.0,37.5,150.0,100.0,187.5,75.0,175.0,150.0,162.5,400.01,262.5,350.0,487.51,262.5,512.51,187.5,337.5,412.51,600.01,925.03,1225.05,1587.59,4875.86,52424.64,111436.75,113881.63,107631.64,89049.61,106044.4,87099.69,88760.24,32463.24,33164.91,76486.91,94800.32,127967.06,120273.15,38955.04,86231.75,78435.33,95719.15,56063.94,97431.09,111562.76,93617.26,65769.25,72628.6,86433.01,66208.85,116364.77,25085.34,97443.68,112646.54,107581.25,86533.64,91364.71,78196.48,80157.71,28629.74,4663.29,1487.58,1175.05,1300.06,775.02,487.51,350.0,325.0,250.0,100.0,400.01,237.5,262.5,350.0,162.5,100.0,600.01,75.0,175.0,500.01,200.0,425.01,200.0,125.0,212.5,100.0,112.5,225.0,162.5,150.0,125.0,362.5,75.0,325.0,62.5,62.5,50.0,50.0,50.0,137.5,100.0,162.5,37.5
0.0,0.0,100.0,412.51,300.0,150.0,487.51,112.5,137.5,200.0,112.5,62.5,162.5,125.0,200.0,1925.13,300.0,300.0,275.0,262.5,275.0,187.5,475.01,625.01,1137.55,1125.05,2212.68,35821.55,64538.44,99306.93,88168.97,119781.39,123842.09,117486.75,84772.73,123236.68,106510.48,109193.89,64475.64,107808.02,72779.39,81000.12,95643.62,84948.81,79906.25,83867.21,85150.05,101107.46,111966.02,123072.73,107908.8,90496.5,116427.8,53541.43,57344.2,109093.09,95190.5,93516.59,31222.87,57909.05,68407.06,138253.31,99898.68,109256.88,65605.97,83653.42,89225.74,31160.23,1787.62,1475.08,1075.04,950.03,362.5,437.51,325.0,350.0,237.5,312.5,287.5,212.5,275.0,237.5,412.51,262.5,275.0,100.0,287.5,250.0,187.5,137.5,137.5,250.0,212.5,212.5,100.0,137.5,125.0,150.0,150.0,162.5,50.0,25.0,37.5,12.5,75.0,0.0,125.0,112.5,0.0
0.0,37.5,212.5,137.5,237.5,437.51,312.5,137.5,287.5,500.01,187.5,212.5,387.51,137.5,712.52,562.51,350.0,312.5,200.0,187.5,44672.37,900.03,825.02,1125.05,2187.67,22994.19,72980.45,111424.15,116629.49,115986.6,69487.45,60997.35,30834.49,79855.96,77957.63,107833.22,94838.08,109307.28,49915.34,118268.39,25448.5,56038.84,44220.92,12668.33,73520.81,22543.45,71145.88,95240.84,97997.6,67088.09,72414.98,16710.14,57545.03,52148.59,85904.71,102593.4,90156.78,126528.86,57858.85,118154.92,46076.99,115192.47,99974.23,103789.82,122555.65,109105.68,88206.7,94435.32,10729.18,1687.6,1075.04,1275.06,937.53,2525.23,350.0,287.5,225.0,900.03,50.0,175.0,175.0,500.01,100.0,25.0,250.0,162.5,125.0,112.5,287.5,100.0,150.0,175.0,175.0,100.0,262.5,62.5,87.5,12.5,125.0,87.5,50.0,125.0,187.5,75.0,50.0,75.0,75.0,162.5,12.5
0.0,37.5,87.5,500.01,612.51,887.53,362.5,262.5,275.0,62.5,225.0,300.0,237.5,225.0,525.01,312.5,162.5,300.0,262.5,475.01,687.52,1425.07,1850.12,18199.52,57532.48,118205.35,134529.18,96789.08,124409.67,112583.52,110592.48,111663.58,107845.82,21929.96,47143.09,118104.49,101334.12,109735.66,67979.95,42452.86,56980.19,101749.67,99294.33,53215.16,65643.65,121546.77,92988.02,72251.63,80446.89,127651.65,59842.3,96348.51,91742.2,60306.81,33966.86,98047.95,40885.63,78435.33,102379.31,116932.05,103046.77,78762.18,39092.93,88936.38,109849.06,117827.13,99105.48,120928.86,100843.03,35044.55,5401.06,1537.59,19801.73,1287.56,750.02,262.5,362.5,175.0,150.0,287.5,11617.4,200.0,1225.05,150.0,100.0,187.5,112.5,175.0,125.0,275.0,125.0,187.5,212.5,75.0,62.5,75.0,150.0,100.0,87.5,25.0,112.5,112.5,100.0,12.5,75.0,50.0,37.5,225.0,12.5
0.0,200.0,125.0,387.51,325.0,300.0,312.5,712.52,537.51,412.51,362.5,437.51,300.0,175.0,275.0,212.5,350.0,200.0,562.51,1387.57,1325.06,32763.95,52023.12,95681.39,115205.08,112293.67,136056.58,109874.26,99974.23,79265.06,80585.19,60595.58,101674.11,105956.23,114347.98,72653.73,109861.66,61336.35,69688.46,87854.46,106775.01,96449.21,104898.17,80208.0,78510.76,134781.63,70178.44,86546.22,80937.25,139680.11,90710.4,82358.14,92333.64,130149.88,45587.86,68545.23,93516.59,44233.45,15396.1,103008.97,109193.89,42628.4,70366.9,90282.6,78209.05,154449.14,108185.96,125305.24,102782.29,106170.36,36698.85,2875.3,1362.57,1237.56,1000.04,837.53,262.5,250.0,187.5,225.0,200.0,387.51,387.51,300.0,225.0,212.5,100.0,200.0,150.0,250.0,75.0,125.0,237.5,287.5,137.5,125.0,112.5,62.5,75.0,75.0,162.5,37.5,225.0,87.5,37.5,37.5,87.5,25.0,0.0
0.0,100.0,275.0,400.01,625.01,312.5,437.51,325.0,675.02,537.51,287.5,250.0,337.5,500.01,362.5,312.5,287.5,1250.06,1300.06,2087.66,39594.36,88131.22,122934.0,116389.98,121912.48,117209.39,104507.72,90735.56,114864.75,130616.78,103424.59,100931.17,69173.37,72791.96,133304.86,47243.43,58210.32,87502.24,99017.35,121143.23,125078.19,117978.42,32763.95,83640.84,41913.71,87665.77,130604.15,123224.08,114474.01,113743.0,134516.56,95102.39,34405.44,68809.05,92962.86,24108.59,96046.41,111776.99,78762.18,98224.2,65065.91,83137.81,104394.36,96159.69,118444.9,108412.75,92723.74,123577.22,117058.12,116226.1,47130.55,42352.56,3100.35,1162.55,962.53,925.03,1100.04,512.51,325.0,75.0,312.5,75.0,275.0,175.0,212.5,300.0,125.0,212.5,137.5,387.51,225.0,212.5,275.0,162.5,50.0,162.5,275.0,112.5,62.5,162.5,37.5,100.0,100.0,62.5,125.0,37.5,162.5,75.0,37.5
75.0,187.5,387.51,1025.04,475.01,387.51,212.5,325.0,600.01,712.52,325.0,425.01,462.51,587.51,275.0,437.51,1037.54,1637.6,7039.3,50254.07,116087.44,111348.54,121357.61,110416.07,114889.97,116768.17,41587.73,62026.94,88420.57,35332.79,65392.46,48083.84,90836.22,120235.32,115558.01,38453.64,122694.38,112394.48,114763.92,132610.7,107266.31,130452.73,94246.54,137293.78,116831.2,134466.07,27302.05,38792.08,85112.32,11041.93,33252.62,61148.02,123602.44,80195.43,91024.97,44760.15,78146.19,50492.44,74312.55,147144.77,105830.26,92685.99,113049.82,120298.37,111550.16,113579.15,102631.18,101170.42,115356.34,123135.79,107908.8,38466.17,10228.8,2337.7,1137.55,1025.04,787.52,462.51,600.01,262.5,225.0,150.0,237.5,625.01,225.0,175.0,312.5,125.0,312.5,175.0,150.0,87.5,287.5,62.5,137.5,187.5,437.51,137.5,75.0,25.0,75.0,87.5,87.5,100.0,25.0,62.5,37.5,300.0,75.0
0.0,237.5,250.0,612.51,562.51,362.5,412.51,587.51,500.01,375.01,237.5,412.51,275.0,350.0,587.51,975.03,1675.1,3412.92,37576.22,116755.56,111184.72,105968.81,117574.99,119113.13,109319.88,59741.86,95354.13,125343.08,114978.19,112545.72,125456.61,122404.31,118949.22,116780.78,122543.03,34631.01,103399.39,55863.12,63584.02,116276.53,124939.44,66472.62,81050.41,143620.34,100049.78,112911.2,97632.52,54595.55,103147.51,72578.33,72553.2,60696.02,98664.83,89741.58,55950.98,111310.73,127159.62,100402.33,86734.9,88018.01,95819.84,104218.03,112054.23,103865.38,106762.42,97833.94,118167.53,101195.6,98413.04,110869.69,109634.87,98904.04,108387.54,19851.81,1650.1,1175.05,1425.07,1025.04,712.52,562.51,987.54,425.01,212.5,125.0,700.02,225.0,200.0,575.01,225.0,187.5,587.51,100.0,225.0,700.02,125.0,37.5,75.0,175.0,162.5,87.5,75.0,37.5,237.5,112.5,25.0,37.5,25.0,50.0,12.5
62.5,400.01,275.0,512.51,787.52,1112.54,1225.05,975.03,850.03,662.52,412.51,387.51,1187.55,1050.04,2250.18,2475.22,12668.33,102190.41,156800.5,184667.94,164413.54,143355.11,144580.3,173131.97,159620.12,151087.12,207185.04,131209.88,158153.35,135059.34,103487.55,75632.21,159556.9,162566.81,170258.96,90773.31,207895.63,151251.42,161592.95,130377.02,173916.76,151112.41,140008.41,117902.77,124270.93,166640.08,147814.4,17148.18,86143.7,128875.47,176132.17,130313.92,113125.44,122379.09,95706.56,26838.64,91792.54,22380.68,57570.14,16322.17,62152.5,111776.99,46791.89,42979.49,139717.98,100326.78,128522.2,141119.67,88458.31,110983.11,150657.46,99823.14,112558.32,82458.74,6126.36,2087.66,1350.07,1250.06,837.53,1162.55,1575.09,912.53,362.5,237.5,275.0,225.0,200.0,350.0,250.0,250.0,225.0,200.0,362.5,175.0,75.0,137.5,37.5,100.0,250.0,87.5,75.0,50.0,87.5,37.5,62.5,37.5,25.0,87.5,112.5
12.5,237.5,225.0,362.5,500.01,737.52,1450.08,637.51,725.02,362.5,775.02,337.5,475.01,1862.63,1612.59,2862.8,42803.95,133847.59,133557.28,134478.69,129077.35,144062.42,123072.73,116062.23,153020.82,60658.36,19814.25,36335.39,18187.01,19288.5,51006.83,56051.39,9703.42,5326.03,6076.34,5338.54,6626.59,42465.4,20365.05,30696.69,21253.9,29043.11,81528.22,131929.2,106371.91,112381.89,63998.43,89024.45,58109.9,42854.11,115457.18,132446.63,141296.48,83263.56,102152.63,141422.76,121849.42,108815.91,56289.86,79994.26,125759.35,74337.68,115595.83,64186.8,24008.42,84609.23,116717.74,112230.65,71171.02,93717.95,106800.21,113289.27,111638.37,108500.93,87250.64,34230.01,2425.21,1475.08,1312.56,1212.55,700.02,750.02,650.02,425.01,312.5,275.0,1725.11,212.5,1000.04,300.0,112.5,225.0,350.0,137.5,112.5,200.0,112.5,175.0,175.0,37.5,112.5,100.0,150.0,62.5,50.0,50.0,25.0,575.01,0.0
37.5,112.5,512.51,537.51,1187.55,875.03,900.03,800.02,387.51,375.01,275.0,437.51,2187.67,1925.13,1875.13,45550.24,111915.6,86734.9,98274.56,73633.92,136069.2,152477.33,45048.59,19926.91,19976.99,18499.92,73357.45,74488.5,112167.64,128118.46,84923.66,66158.6,75368.27,83414.47,23495.04,34392.91,96222.64,98085.72,104621.07,61399.13,60018.06,58247.97,27540.02,32789.01,40885.63,59566.1,103903.16,130377.02,84659.54,46139.7,56478.13,135652.63,105603.53,86370.11,71460.01,98375.27,113667.37,123804.25,51245.21,53779.85,92975.44,110718.48,120878.42,125645.82,126503.63,27352.15,94938.77,134327.22,92119.71,108148.17,98929.22,112306.26,121307.17,114272.35,104961.15,107745.02,10378.91,1350.07,1125.05,912.53,950.03,1100.04,675.02,475.01,512.51,500.01,200.0,125.0,212.5,87.5,175.0,187.5,137.5,575.01,162.5,150.0,87.5,125.0,112.5,125.0,200.0,137.5,50.0,62.5,37.5,125.0,87.5,37.5,75.0
75.0,300.0,175.0,900.03,1075.04,1312.56,737.52,637.51,737.52,500.01,550.01,1725.11,2037.65,1662.6,12080.3,101019.32,104419.55,105943.63,125305.24,64324.95,118041.46,54557.91,39531.68,28354.17,118432.29,111877.8,140879.74,131765.14,116528.65,6976.77,6876.72,104104.68,123097.96,80082.27,80195.43,91100.46,100188.28,79478.79,107253.71,109483.67,80195.43,90949.47,78686.76,74840.4,36786.59,11780.04,9916.07,65040.8,115167.26,103084.55,82735.4,126112.56,58837.98,96839.44,100477.88,15683.93,80572.62,85049.43,47506.84,103903.16,93554.34,83313.86,87439.34,30959.78,112230.65,113919.45,87590.29,84911.08,104192.84,86822.95,76864.0,108941.9,114486.62,112646.54,123741.19,110504.27,41988.94,11730.0,8089.88,1375.07,875.03,800.02,787.52,787.52,512.51,612.51,350.0,325.0,337.5,262.5,425.01,225.0,337.5,262.5,100.0,112.5,150.0,100.0,100.0,125.0,137.5,87.5,75.0,62.5,62.5,50.0,62.5,75.0,62.5
200.0,162.5,1062.54,862.53,1400.07,2325.2,487.51,812.52,475.01,325.0,1850.12,950.03,2200.18,2475.22,11004.4,68846.74,72063.14,51546.33,11342.17,17248.3,21917.44,31949.53,65806.92,130730.34,143898.22,120903.64,36899.39,60156.16,4738.32,2262.69,49262.99,95228.26,137533.66,116768.17,131929.2,107215.92,8515.13,26976.41,90131.62,129531.58,91452.79,97871.7,100150.5,36962.06,59955.29,69600.51,104810.0,103525.33,116805.98,133090.3,103097.15,93541.75,76864.0,111121.72,133948.56,44283.62,124485.34,56540.88,44797.78,117360.67,101737.08,85062.01,54068.48,66372.13,105049.31,96008.65,88659.6,107833.22,100490.47,107203.32,98929.22,109118.29,119176.17,138821.49,99017.35,120109.23,105439.79,112444.9,67088.09,13994.61,1375.07,987.54,1050.04,837.53,837.53,700.02,512.51,250.0,300.0,350.0,137.5,112.5,187.5,3125.35,187.5,75.0,425.01,162.5,62.5,37.5,412.51,87.5,37.5,87.5,62.5,50.0,212.5,112.5,50.0
137.5,137.5,575.01,1437.58,1537.59,1387.57,850.03,525.01,537.51,337.5,337.5,950.03,2000.15,1425.07,1462.58,1737.61,2062.65,24847.41,59114.16,118760.1,129569.44,127386.71,131689.42,138366.95,86986.48,8952.91,8790.31,28880.26,45851.24,61788.36,112470.1,116238.71,132837.87,114952.98,134289.36,100200.87,57996.93,18737.74,42089.25,120840.59,118255.78,61738.14,3750.51,2362.7,50078.43,126453.16,111247.73,100062.37,106623.85,142710.95,62064.6,7739.68,47795.33,100137.92,134049.54,109685.27,125923.34,109647.46,81653.96,130768.2,38428.57,36448.19,56026.28,38052.52,83653.42,111159.52,76424.06,85489.64,125835.04,128862.86,103323.83,101674.11,107871.01,112797.77,121660.26,112142.45,109748.27,116856.41,100414.92,68105.57,30082.83,8164.92,1637.6,1025.04,937.53,750.02,925.03,600.01,162.5,150.0,287.5,237.5,162.5,150.0,162.5,112.5,1025.04,212.5,100.0,125.0,75.0,237.5,112.5,162.5,25.0,162.5,50.0,75.0,100.0
25.0,362.5,775.02,1412.57,1112.54,687.52,637.51,687.52,487.51,625.01,1125.05,475.01,1450.08,1225.05,1912.63,9878.54,85326.14,79227.35,103298.65,95316.37,145110.84,135387.54,143026.71,102379.31,117991.02,110012.87,122833.11,123741.19,121105.4,122328.64,130124.64,119819.22,100792.67,126289.18,89716.41,73269.48,111802.19,100792.67,98841.09,115658.85,78259.33,40584.74,42829.02,95291.19,95933.13,71686.18,108513.53,117411.1,100477.88,78975.91,14107.23,4575.76,4025.59,70341.77,30195.58,119718.35,97242.27,73194.08,9816.0,104935.95,89993.21,71849.53,114234.54,95203.08,86319.8,99357.28,116906.84,106397.11,39556.75,30558.88,73194.08,105238.25,102794.89,119314.86,119226.6,114789.13,134642.79,107745.02,105301.24,98274.56,90886.56,29293.63,4525.74,2012.65,1100.04,975.03,1162.55,850.03,612.51,837.53,325.0,187.5,500.01,237.5,300.0,300.0,187.5,137.5,150.0,112.5,112.5,87.5,37.5,100.0,50.0,137.5,137.5,37.5,0.0
25.0,225.0,800.02,750.02,600.01,875.03,825.02,337.5,325.0,287.5,287.5,525.01,1612.59,1800.12,12693.35,65631.09,134529.18,101120.06,100830.45,112218.06,133557.28,122114.25,134264.11,118709.67,127273.17,130137.26,119743.56,111739.19,125128.64,125746.73,117007.68,130427.49,127058.69,60507.69,8452.59,3662.99,52675.59,119806.61,117032.9,122051.2,110970.51,99130.66,123564.6,123123.18,108979.69,36723.92,14632.77,3050.34,18324.69,50906.46,100188.28,23257.13,4800.84,68407.06,135614.75,115469.78,110831.9,59641.43,47945.85,108752.91,12881.02,95517.75,117839.74,85477.06,116415.19,85753.78,23795.55,72000.31,102291.16,104369.17,92119.71,82282.69,115053.82,105401.99,130629.39,107178.13,144491.89,106082.19,130023.7,106145.17,110542.08,103349.01,87464.49,51119.74,6951.75,1675.1,1200.05,1150.05,912.53,1050.04,387.51,362.5,337.5,162.5,250.0,75.0,187.5,150.0,175.0,37.5,12.5,62.5,187.5,62.5,50.0,75.0,262.5,100.0,50.0
25.0,562.51,1237.56,1400.07,1087.54,1125.05,1137.55,762.52,600.01,1200.05,712.52,825.02,2750.27,1337.56,10666.63,56013.73,118823.13,99369.88,122971.83,101749.67,119667.91,103890.58,124094.34,134857.36,115205.08,103915.76,131979.68,141965.81,112016.42,110227.07,119907.47,98614.47,26738.44,4775.83,3575.46,3025.33,29118.27,129342.32,127929.21,121231.5,119163.56,114373.18,109055.29,98501.17,16434.81,1812.62,1475.08,575.01,1725.11,11041.93,66786.63,118104.49,20790.69,22631.09,17673.84,13731.85,100377.14,52688.14,27502.45,91515.71,68030.19,80044.55,23081.84,108941.9,93000.6,106598.66,118104.49,72477.81,126995.62,23119.4,38566.45,99823.14,87992.85,98727.78,117839.74,105250.84,100754.89,99646.87,84860.77,120184.89,117108.54,126415.32,82307.84,106535.67,83100.08,48284.53,9278.13,1287.56,1100.04,1087.54,837.53,525.01,350.0,250.0,137.5,137.5,137.5,200.0,100.0,125.0,125.0,150.0,112.5,50.0,87.5,87.5,125.0,212.5,0.0
0.0,775.02,912.53,1812.62,1237.56,2237.68,550.01,1287.56,750.02,262.5,562.51,350.0,675.02,1450.08,1675.1,39306.04,113238.87,136132.33,130503.2,125444.0,85074.58,98387.86,120134.44,112923.79,120588.39,129783.95,109370.27,119983.13,111839.99,108538.72,45161.46,6001.31,4000.58,1875.13,1487.58,2562.74,23382.34,111587.97,110101.06,122694.38,108299.36,85464.49,4650.79,2625.25,3087.85,3150.36,3475.44,4413.21,89590.6,106737.22,107745.02,87628.03,125267.4,29581.75,26262.53,77831.92,130086.79,91062.71,62152.5,91251.46,95568.1,98475.99,102215.6,98601.88,102114.85,74878.1,77391.95,9891.05,69625.64,66987.6,56904.88,63106.83,51860.0,103651.27,101120.06,120437.08,103034.17,56038.84,90685.24,70894.59,131500.13,106321.52,115532.8,148585.11,113667.37,111978.62,88835.73,53867.7,3950.57,1400.07,1062.54,712.52,212.5,287.5,237.5,187.5,512.51,112.5,112.5,50.0,112.5,150.0,137.5,37.5,25.0,75.0,1587.59,112.5,50.0
0.0,987.54,712.52,537.51,1112.54,512.51,625.01,475.01,325.0,1812.62,237.5,675.02,312.5,625.01,1862.63,1562.59,44070.43,116768.17,126705.47,116175.69,102014.12,113856.42,125166.48,131449.64,121937.7,131840.86,113238.87,125809.81,124321.38,144567.68,7376.98,2562.74,2612.75,2025.15,1937.64,1700.1,14770.42,134036.92,139819.01,99105.48,104709.24,3512.95,4025.59,3650.48,3575.46,3087.85,38967.58,124636.71,113591.75,127525.49,25122.91,5038.42,106220.75,103084.55,11467.27,19626.48,13456.57,96310.75,89867.4,93352.98,91201.13,115431.96,44133.14,92019.04,58335.85,32814.07,114171.52,129253.99,136662.54,95328.95,127752.58,8765.29,71510.26,93793.45,75493.95,96222.64,81779.71,84370.27,116314.35,109836.46,117133.76,123968.22,121294.55,119667.91,120500.12,127336.25,87061.95,77278.82,42904.26,3888.05,1375.07,1212.55,537.51,375.01,650.02,275.0,225.0,1075.04,237.5,112.5,325.0,100.0,137.5,137.5,62.5,75.0,100.0,25.0,37.5
12.5,625.01,537.51,887.53,862.53,725.02,1962.64,1087.54,550.01,462.51,800.02,312.5,1187.55,837.53,875.03,875.03,1100.04,29418.9,97796.17,124535.81,95240.84,110050.66,106560.87,107518.26,130276.06,130086.79,103676.47,124106.96,116087.44,149368.52,34355.32,3863.04,3250.38,2225.18,2625.25,1925.13,2550.24,131992.3,123312.37,127916.59,20164.76,1350.07,1512.58,2612.75,2612.75,2312.69,3375.41,3062.84,5263.51,2775.28,2762.78,2462.72,9615.86,53503.78,19150.81,5463.58,6413.99,110038.06,103008.97,90446.17,73885.26,124157.4,102366.72,88030.59,33152.38,39331.11,44409.02,24559.39,43217.74,47632.27,25536.16,113125.44,34242.54,45951.57,63458.44,93969.66,128358.17,94724.8,126339.63,83716.3,25398.41,97305.21,115482.39,138366.95,101888.19,115028.6,92899.93,121584.6,111109.11,23382.34,2175.17,1100.04,837.53,587.51,237.5,100.0,237.5,100.0,62.5,125.0,125.0,87.5,150.0,37.5,137.5,62.5,75.0,25.0,25.0
0.0,487.51,762.52,862.53,900.03,1000.04,562.51,537.51,1100.04,412.51,362.5,962.53,287.5,887.53,1037.54,612.51,1125.05,12355.54,125519.68,122076.42,75204.88,121105.4,128004.91,125885.5,140058.93,120348.81,122252.98,128042.76,133330.09,126705.47,110201.87,5776.21,3200.37,2025.15,2075.16,1825.12,3187.87,133254.37,154107.84,117247.21,4163.13,1262.56,612.51,750.02,937.53,2187.67,2875.3,3062.84,1600.09,2287.69,2725.27,4663.29,32826.6,125494.45,63998.43,68658.3,121786.37,129481.12,105490.16,117511.95,83766.6,117902.77,58448.83,58850.53,26262.53,88508.63,112747.35,111877.8,61738.14,108072.59,24096.07,56365.17,41863.56,54972.05,30320.86,92321.05,36022.07,29644.39,45236.71,62591.98,93931.89,108311.95,103172.7,122845.72,55988.63,93743.12,99898.68,120537.95,91314.38,92321.05,8640.21,1625.1,1462.58,575.01,300.0,175.0,212.5,75.0,137.5,162.5,100.0,125.0,262.5,287.5,37.5,50.0,75.0,50.0,75.0
25.0,712.52,2712.77,675.02,825.02,1075.04,850.03,1712.61,450.01,962.53,987.54,400.01,450.01,350.0,825.02,950.03,925.03,16710.14,134049.54,127639.04,122770.05,116654.71,128282.47,121281.95,133532.05,126150.41,139806.38,134516.56,139452.82,122290.81,128736.69,12330.52,2512.73,1987.64,2150.17,2087.66,20728.09,113301.88,136612.05,101636.34,3037.84,900.03,1275.06,687.52,412.51,450.01,1712.61,3050.34,2100.16,2087.66,3012.83,3487.94,33002.01,92925.1,77479.95,127967.06,75003.79,94183.6,133367.96,96738.74,62466.41,122845.72,69022.62,39280.97,151264.05,61361.46,101875.59,90836.22,12217.92,66811.74,51383.22,95958.3,106283.74,135867.23,93277.47,117196.79,86659.43,45964.11,59515.89,77505.09,98815.91,48108.92,25273.18,117373.28,116730.35,92371.39,112192.85,129140.43,127210.1,135715.74,93768.29,18349.72,1950.14,1075.04,625.01,250.0,175.0,287.5,250.0,187.5,100.0,62.5,62.5,237.5,487.51,125.0,162.5,125.0,12.5
0.0,425.01,625.01,900.03,1700.1,650.02,750.02,550.01,387.51,500.01,800.02,287.5,287.5,425.01,687.52,912.53,1362.57,3825.53,154777.8,138644.72,128989.03,133014.57,118381.86,129518.97,146702.59,151036.58,128522.2,142913.04,137596.78,138808.85,105225.65,11104.48,2362.7,1987.64,2450.22,2400.21,53453.58,113591.75,125153.87,89024.45,2825.29,675.02,750.02,787.52,350.0,762.52,487.51,1700.1,2087.66,1612.59,2312.69,3287.89,27990.93,118091.88,110327.87,138190.18,45688.2,5376.05,118671.84,136713.04,45224.17,109055.29,108198.57,117991.02,118646.63,3713.0,52374.45,105653.92,101397.08,35169.87,76424.06,99357.28,89024.45,109534.06,130705.11,98085.72,94787.73,49250.45,25536.16,14595.23,25736.54,83250.98,69738.71,86206.59,36360.46,87451.91,94573.77,135677.87,105578.33,112671.74,141448.01,89401.88,16234.57,1587.59,1150.05,300.0,325.0,225.0,212.5,187.5,225.0,150.0,37.5,150.0,150.0,112.5,75.0,87.5,50.0
12.5,337.5,525.01,937.53,862.53,987.54,1575.09,787.52,687.52,650.02,512.51,362.5,450.01,3162.86,1250.06,937.53,1300.06,4750.82,128711.45,131840.86,131840.86,111739.19,121874.65,137533.66,139162.41,132774.77,127626.42,147283.74,131373.93,152780.67,28679.85,2400.21,1675.1,1437.58,1962.64,2187.67,66347.0,92258.13,123741.19,73633.92,2150.17,1625.1,612.51,462.51,425.01,462.51,412.51,2512.73,487.51,425.01,412.51,1612.59,2475.22,51295.4,127525.49,75380.83,62139.94,123413.26,154474.42,58612.02,114852.15,36134.87,129922.76,135564.26,116276.53,43455.99,83074.93,89389.3,47281.06,62491.53,51721.99,125330.47,75745.33,76424.06,94158.44,126200.86,6814.19,85162.63,116579.07,54231.62,20690.54,60306.81,55699.96,36836.72,119062.7,132497.12,81603.66,109055.29,75104.33,117133.76,131992.3,112218.06,81679.12,7477.03,1537.59,712.52,312.5,325.0,275.0,250.0,87.5,175.0,75.0,1737.61,600.01,262.5,200.0,212.5,12.5
25.0,387.51,450.01,975.03,850.03,887.53,2275.19,887.53,537.51,812.52,625.01,537.51,425.01,912.53,1212.55,1125.05,1012.54,1687.6,95328.95,133380.58,139149.77,129216.14,121635.04,140412.5,140968.13,135438.03,121433.27,134301.98,129531.58,29168.37,3312.9,2787.78,2025.15,1825.12,2287.69,2050.15,1900.13,88936.38,147839.66,44032.82,1125.05,437.51,387.51,975.03,200.0,300.0,2137.67,2237.68,412.51,350.0,487.51,425.01,937.53,10303.86,93944.48,116188.28,133367.96,133203.88,127273.17,78133.62,131525.36,93025.78,140665.05,84332.54,51860.0,70969.98,57181.02,105477.57,47180.72,117587.6,116566.47,128118.46,129544.2,119743.56,61600.03,124258.32,29844.82,74526.2,26951.36,98891.45,81968.32,51558.88,72829.65,70492.54,73068.42,79202.2,98513.76,13293.92,92937.68,131272.98,129153.05,108324.55,129153.05,30972.31,1987.64,1150.05,400.01,325.0,200.0,187.5,737.52,62.5,125.0,87.5,87.5,175.0,1550.09,237.5,75.0
0.0,475.01,262.5,850.03,825.02,500.01,787.52,487.51,487.51,437.51,387.51,337.5,925.03,1250.06,712.52,1087.54,1000.04,1262.56,41462.35,139010.88,119844.44,129632.53,136574.17,128017.52,138202.81,132800.02,138303.81,140488.26,24258.86,3725.5,2187.67,2025.15,2412.71,1787.62,1787.62,1937.64,2087.66,110189.26,125280.01,55775.27,1350.07,825.02,687.52,675.02,850.03,375.01,2750.27,2350.2,2075.16,925.03,687.52,287.5,1837.62,800.02,1687.6,59428.0,144125.58,153905.59,11704.97,63182.17,112344.08,128496.96,133973.81,132295.19,100251.24,101359.3,73709.32,74664.44,52424.64,124207.86,88395.41,29544.17,97985.01,66836.87,109647.46,23269.65,101384.49,73282.05,20840.77,88848.32,97456.27,48322.17,59503.33,83452.2,56967.63,58172.66,48108.92,92434.31,77039.98,133191.27,116453.02,101006.73,128295.1,83301.29,6939.25,1150.05,725.02,375.01,162.5,262.5,287.5,175.0,137.5,62.5,12.5,112.5,62.5,62.5,50.0
12.5,325.0,687.52,1575.09,612.51,662.52,525.01,575.01,550.01,525.01,462.51,275.0,737.52,1125.05,950.03,800.02,1100.04,1012.54,18049.33,122656.55,132219.46,131071.06,132295.19,136321.69,134289.36,143746.65,144858.21,139111.89,4913.38,3137.86,1850.12,2100.16,2125.16,1725.11,1950.14,2325.2,2575.24,90131.62,131172.01,101938.56,4363.19,1112.54,825.02,575.01,400.01,412.51,2587.74,2037.65,3362.91,2462.72,1175.05,2412.71,5976.3,46465.79,5188.48,56628.74,127828.27,121962.92,117070.72,66937.36,88647.02,80296.01,137445.28,11217.07,51483.59,121307.17,78209.05,106371.91,26475.44,83791.75,108488.33,89011.87,120739.71,46954.95,60947.13,98148.67,90383.26,87426.75,103739.43,8852.85,97884.29,91616.37,81188.73,64048.66,109319.88,101371.9,81000.12,66573.1,96650.62,82483.89,133633.01,112696.94,118936.61,109282.08,34280.13,2500.23,887.53,362.5,475.01,337.5,362.5,125.0,175.0,512.51,0.0,25.0,62.5,5713.69,100.0
0.0,475.01,375.01,362.5,775.02,500.01,475.01,500.01,687.52,325.0,400.01,437.51,737.52,1050.04,862.53,1075.04,950.03,887.53,1450.08,87716.08,145780.36,142660.44,138480.57,142875.15,141448.01,128181.53,151984.43,94183.6,3362.91,2125.16,2150.17,1462.58,1687.6,2087.66,2000.15,1562.59,43869.8,145742.47,141208.08,133279.62,68947.24,2837.79,975.03,587.51,450.01,1100.04,962.53,3125.35,3900.55,2500.23,36949.52,109672.66,124043.89,110327.87,6138.87,14745.39,70894.59,127613.81,126604.54,156990.14,102971.19,8802.81,62679.88,125721.51,75808.17,94208.78,87099.69,71183.58,130642.01,124132.18,74752.42,35884.21,103689.06,119478.77,83427.05,28805.11,79189.63,100855.62,39769.87,82043.77,30333.39,28880.26,120701.88,82597.07,46515.96,91062.71,73307.18,77241.1,61951.59,100263.83,60407.25,94460.49,121118.01,141890.03,62365.96,10529.03,1225.05,700.02,225.0,275.0,400.01,225.0,87.5,687.52,512.51,75.0,62.5,175.0,62.5
0.0,250.0,237.5,725.02,475.01,787.52,575.01,675.02,812.52,362.5,450.01,600.01,475.01,1012.54,1125.05,787.52,787.52,900.03,1850.12,92207.8,150859.66,139263.42,138808.85,143367.73,142710.95,130679.87,121181.06,79390.78,4888.37,2250.18,2100.16,2187.67,1950.14,1750.11,2137.67,5838.74,80333.73,134478.69,130427.49,129544.2,138152.3,71246.4,2262.69,1200.05,675.02,737.52,550.01,775.02,2237.68,2525.23,4088.11,92459.48,131563.22,131815.62,16885.35,25173.0,87124.85,142092.11,121218.9,88697.34,87703.51,120020.96,47933.31,120689.27,73118.68,38691.8,63232.4,91289.2,32124.94,27427.3,122883.55,121521.54,84370.27,119377.91,113995.07,55812.92,56390.27,53114.78,7464.52,13969.58,71635.91,58888.2,47720.07,67766.4,112822.96,89037.03,90345.51,153475.83,60093.39,93013.19,108614.32,58976.07,79516.51,68545.23,95467.4,44697.45,3300.4,1000.04,337.5,300.0,300.0,162.5,212.5,100.0,37.5,75.0,50.0,200.0,87.5
12.5,175.0,512.51,725.02,850.03,787.52,800.02,512.51,575.01,712.52,212.5,912.53,462.51,1100.04,600.01,862.53,950.03,1100.04,57683.11,143531.92,152932.34,144845.57,148938.91,138682.6,127172.24,120865.81,147864.92,111008.3,9465.75,2862.8,1975.14,2337.7,2762.78,2212.68,12393.08,73256.91,140854.48,113100.23,105452.38,144946.63,139781.12,107896.21,13143.77,1662.6,975.03,537.51,350.0,887.53,600.01,987.54,2650.26,3600.47,36097.27,15721.47,69123.12,115772.3,146677.32,112722.15,76838.86,12593.26,4263.16,34731.26,93315.22,60934.57,100880.81,11592.38,31222.87,74614.17,51483.59,52386.99,45663.11,99470.6,82056.34,57959.27,42252.25,37150.06,49865.16,41136.37,42891.72,39569.29,11942.68,43167.58,45612.95,55448.95,113906.84,83276.14,61926.48,114398.39,41938.79,54934.39,124636.71,78510.76,97380.73,72766.82,100805.26,38416.03,2137.67,1300.06,525.01,150.0,587.51,375.01,212.5,175.0,212.5,112.5,112.5,37.5,50.0
0.0,62.5,125.0,350.0,525.01,687.52,387.51,462.51,275.0,800.02,600.01,375.01,650.02,825.02,987.54,650.02,1050.04,1337.56,58837.98,125052.96,131209.88,117171.57,137571.54,124952.05,124371.83,131601.08,112797.77,132787.39,45048.59,3662.99,2937.81,2237.68,2262.69,20878.32,28704.9,127386.71,49024.64,3125.35,2962.82,99785.37,125216.93,142976.19,101913.38,4238.15,775.02,537.51,1087.54,550.01,287.5,475.01,1425.07,2200.18,2150.17,1575.09,57293.99,131045.83,134819.5,127058.69,102467.46,117663.24,10841.77,7952.3,143254.06,54884.2,113743.0,72377.28,28316.6,13756.87,71359.49,51922.74,54181.42,96650.62,89276.07,101359.3,26062.15,3287.89,60696.02,78020.48,54846.55,75418.54,62805.45,60507.69,18750.26,38604.06,87451.91,113843.83,99659.46,91238.88,50454.8,60733.69,108727.71,64513.32,112318.87,119630.08,100679.34,69311.56,5138.46,1375.07,537.51,250.0,200.0,150.0,287.5,450.01,350.0,125.0,100.0,150.0,62.5
0.0,212.5,200.0,350.0,562.51,312.5,1100.04,662.52,400.01,662.52,287.5,500.01,1000.04,487.51,937.53,700.02,750.02,10066.18,87338.7,142698.32,150682.74,129228.76,126427.93,131007.96,134516.56,120588.39,121622.43,131007.96,155106.46,11980.21,3813.03,23219.57,82559.34,96902.38,102530.43,20765.65,3400.42,2100.16,4663.29,86911.01,146576.25,127184.87,112923.79,11692.46,1487.58,1500.08,787.52,537.51,612.51,700.02,500.01,437.51,712.52,1925.13,59001.17,133342.72,95228.26,20640.46,30709.22,82496.47,32814.07,4700.8,82496.47,135160.32,81415.05,62227.84,69927.16,59704.2,83339.02,53742.21,114562.25,32325.41,47996.03,33240.09,104457.34,36347.93,91943.54,57783.53,66975.04,88848.32,74802.69,65116.15,83112.65,102492.65,47619.72,101800.04,84194.2,120399.25,73344.88,41650.42,86370.11,70467.41,102568.22,86734.9,90421.0,115873.15,31523.55,2700.26,687.52,400.01,550.01,325.0,137.5,375.01,825.02,200.0,87.5,62.5,37.5
25.0,350.0,287.5,400.01,1725.11,425.01,1150.05,462.51,300.0,412.51,300.0,337.5,362.5,512.51,1000.04,712.52,1187.55,30057.78,140728.2,121029.74,133721.37,127664.26,127676.88,130389.63,104306.19,114020.28,143153.01,104444.74,146247.78,39544.22,37112.46,105099.7,125254.78,126995.62,90609.74,6213.9,2412.71,2062.65,2450.22,45562.78,133166.02,115709.28,122934.0,92358.8,6013.81,1387.57,837.53,800.02,887.53,375.01,600.01,562.51,737.52,12755.91,68708.55,112054.23,39682.11,2987.82,64488.2,72025.44,42264.79,4638.28,37526.08,95593.28,114915.18,107152.93,110920.1,98337.5,30295.8,73885.26,31573.67,94636.7,151478.91,92761.5,110542.08,112079.43,49125.0,36824.19,47858.05,28454.38,117360.67,75657.34,83125.23,69060.3,78410.18,79365.64,66836.87,108034.79,113276.67,81440.21,121962.92,115205.08,117108.54,127790.43,106485.28,125507.06,75820.74,3075.34,1287.56,312.5,350.0,50.0,150.0,275.0,100.0,62.5,637.51,87.5,25.0
0.0,287.5,687.52,1250.06,1550.09,637.51,1100.04,812.52,512.51,712.52,57080.6,987.54,537.51,1012.54,1212.55,875.03,1625.1,9002.94,164173.21,170790.48,185111.34,159948.9,148079.72,90332.93,137344.28,143607.71,160644.44,158178.63,156105.17,151529.46,134251.49,134554.42,154095.19,136485.81,124346.61,5963.79,3775.52,2675.26,2800.28,3250.38,34681.13,155371.94,166045.46,137634.66,103613.49,7827.22,3450.43,2900.31,1025.04,700.02,637.51,1937.64,3700.5,3400.42,86659.43,132787.39,54407.31,5038.42,2775.28,52550.12,146437.28,8927.89,5175.97,63872.85,129910.13,123425.88,151403.08,65618.53,86558.79,109055.29,79793.1,68457.3,118104.49,173954.74,31836.77,42916.8,141208.08,101107.46,93113.87,18324.69,55085.0,33189.96,112835.57,46980.03,47067.83,114776.52,43656.62,117612.81,141321.73,67640.78,145085.59,129253.99,135109.83,91389.87,49212.82,100087.55,71284.1,18111.91,2225.18,775.02,200.0,250.0,312.5,212.5,37.5,137.5,87.5,62.5,25.0
0.0,650.02,325.0,800.02,1187.55,1212.55,750.02,887.53,462.51,387.51,362.5,375.01,400.01,525.01,1300.06,862.53,1675.1,81163.58,126995.62,151301.97,127411.94,143670.87,73860.13,3713.0,76109.83,124144.8,129253.99,132686.43,148547.21,111411.54,114297.56,120701.88,118293.61,130124.64,19601.45,2625.25,2237.68,1562.59,2262.69,2537.73,57293.99,128749.29,144049.8,131575.83,117373.28,38842.22,3200.37,2350.2,3900.55,2975.32,2275.19,2637.75,2300.19,2200.18,92849.59,120601.0,103349.01,8702.75,18900.47,4450.72,117436.31,67691.03,6113.86,3825.53,75431.11,69299.0,154057.28,19826.77,81327.03,35182.4,45211.63,69763.84,98035.36,105364.21,119012.26,66924.79,115747.1,26801.07,106938.78,85653.16,31235.4,4588.26,104306.19,70932.29,79001.05,83376.74,34681.13,111940.81,75984.14,43744.39,99231.39,65995.32,134630.17,127903.98,155194.95,86634.27,106963.97,25648.87,2550.24,937.53,650.02,212.5,175.0,600.01,137.5,162.5,37.5,212.5,50.0
12.5,462.51,387.51,650.02,700.02,912.53,712.52,500.01,700.02,600.01,512.51,825.02,950.03,837.53,862.53,987.54,2275.19,94951.35,133203.88,122643.92,92887.34,56804.46,7189.38,2600.25,58976.07,124838.53,116427.8,111537.55,139995.78,99143.25,106321.52,118079.28,112608.73,49940.43,3625.48,1750.11,1812.62,2000.15,2087.66,2412.71,13644.26,92736.33,115494.99,118835.74,123703.35,94095.51,3537.95,2925.31,2500.23,2862.8,1625.1,1925.13,2437.72,65329.66,137470.52,103701.65,97582.16,88961.54,7989.82,3950.57,28279.02,122038.59,9065.48,4913.38,4625.78,19739.14,79076.48,87753.83,128332.94,43481.06,47105.46,46428.17,42365.09,101107.46,113768.2,136195.44,109685.27,74098.9,44572.05,50166.25,118520.55,89389.3,100931.17,92056.79,60645.8,83930.09,80434.32,121105.4,108324.55,137811.42,97871.7,108337.15,74036.06,95530.34,104457.34,105842.86,98526.35,27126.7,2000.15,1125.05,437.51,200.0,150.0,375.01,150.0,100.0,62.5,575.01,25.0
12.5,250.0,287.5,1287.56,1100.04,537.51,1100.04,437.51,225.0,250.0,425.01,462.51,437.51,737.52,987.54,1062.54,16735.17,108740.31,114322.77,105981.42,117549.78,89238.33,3275.39,9128.03,98425.63,130377.02,115873.15,121521.54,145527.71,107971.8,110441.27,115860.55,80610.34,9315.65,2575.24,1800.12,1825.12,1387.57,1775.11,2612.75,2125.16,38867.3,121571.99,111298.13,109408.07,114549.65,5363.54,1775.11,1800.12,3062.84,2012.65,8064.86,71736.43,123312.37,92610.49,5301.02,2900.31,91792.54,73181.51,7927.28,1662.6,79302.78,34906.7,5000.91,4788.33,27402.25,104948.55,32801.54,94800.32,123451.1,60143.6,12267.96,78913.04,89250.91,31160.23,77241.1,98740.37,66083.24,6426.5,44509.34,117058.12,51998.02,92912.51,42741.25,91717.03,38879.83,6363.97,61549.8,61876.26,48309.62,25135.43,104822.6,34430.51,67301.63,104898.17,111310.73,102530.43,90597.16,10629.1,1987.64,550.01,125.0,637.51,237.5,125.0,150.0,75.0,75.0,50.0
12.5,275.0,262.5,887.53,775.02,662.52,962.53,662.52,1112.54,462.51,637.51,637.51,612.51,562.51,737.52,1000.04,66246.52,129518.97,124031.28,113415.31,117600.2,68457.3,4400.7,82031.2,112218.06,123552.0,119579.64,132635.94,131260.35,114108.5,118432.29,126882.08,41186.52,3738.01,1625.1,1525.08,1650.1,1812.62,2525.23,1662.6,1950.14,2275.19,43681.7,121622.43,123388.04,119730.96,57293.99,8477.61,3562.96,25561.21,73445.41,140993.39,140324.1,121281.95,9253.11,2612.75,2637.75,37626.36,113213.65,132446.63,100175.69,115305.92,59591.21,8139.91,5088.44,27965.88,170866.42,130730.34,39118.01,62001.82,94120.67,95140.15,27853.15,46842.06,83628.26,59792.08,16910.38,93881.56,39907.76,89527.69,83703.72,65342.22,111008.3,109067.89,92585.32,85590.27,52713.24,90295.19,65568.29,164034.06,65116.15,132585.46,12405.59,84521.19,52926.55,128837.61,138834.11,131083.67,16046.85,1487.58,1200.05,937.53,287.5,250.0,150.0,250.0,287.5,112.5,100.0
12.5,375.01,687.52,700.02,950.03,1400.07,1137.55,887.53,1125.05,625.01,775.02,1112.54,650.02,1537.59,650.02,1700.1,123236.68,166804.56,132938.85,152793.31,154183.68,112722.15,133986.43,152338.31,158482.1,161858.54,160100.66,170739.86,150366.8,138947.74,160454.74,121130.62,12480.66,3650.48,2450.22,2287.69,2062.65,2350.2,2412.71,1950.14,2775.28,2375.2,75016.35,152540.53,140273.6,147688.04,142572.02,119831.83,115974.0,97506.62,150063.52,151655.83,99974.23,6376.48,4463.22,2862.8,1212.55,67628.22,148686.2,142774.1,160404.17,171461.25,99634.28,9916.07,29757.13,104369.17,61876.26,76084.69,88156.39,143986.64,114083.29,37864.51,45738.36,47268.52,35746.35,71045.36,118142.31,142875.15,33791.43,118570.97,28316.6,68771.36,116100.05,68595.49,9278.13,125507.06,128837.61,132610.7,56628.74,51420.86,103563.11,164489.44,84810.46,141890.03,89276.07,169562.96,136523.67,71145.88,17999.26,1375.07,687.52,287.5,337.5,162.5,187.5,150.0,1525.08,37.5,37.5
25.0,200.0,287.5,412.51,850.03,1350.07,875.03,575.01,537.51,487.51,837.53,487.51,550.01,875.03,750.02,1137.55,59126.71,125305.24,106057.0,101686.7,131739.91,138430.07,147776.48,120008.35,129985.84,151415.71,121899.87,134251.49,119768.79,149520.16,142913.04,98979.58,5401.06,2825.29,2500.23,2062.65,2812.79,1625.1,2112.66,2125.16,2287.69,2162.67,57532.48,136700.42,133759.23,128736.69,125822.43,131260.35,139705.36,140412.5,140576.66,41675.5,8227.46,3137.86,3050.34,2775.28,2612.75,65806.92,118142.31,131033.21,136662.54,119491.38,100339.37,68005.07,80811.51,152831.23,131020.58,134289.36,116301.75,128799.77,84181.62,95492.58,25248.13,74061.2,131664.18,72050.58,96587.68,114511.83,69349.25,73696.75,104545.5,26951.36,82006.05,78397.62,70140.75,101913.38,81880.31,57005.29,61148.02,94901.01,49062.28,109949.87,80786.37,60670.91,82458.74,110756.29,101762.26,129455.89,23507.56,2187.67,762.52,1037.54,337.5,225.0,212.5,37.5,1725.11,87.5,25.0
0.0,4075.6,250.0,612.51,1062.54,975.03,887.53,1300.06,750.02,650.02,575.01,650.02,562.51,1412.57,962.53,1412.57,30496.24,96033.82,126301.79,140488.26,121105.4,128446.49,125065.58,135816.73,62177.61,57306.54,24947.59,103777.22,126188.25,104331.39,126314.39,40923.24,3100.35,2212.68,1600.09,2100.16,2200.18,2012.65,2100.16,1937.64,1662.6,2225.18,49877.7,147245.84,130048.94,121319.77,113138.04,126730.69,127298.4,106006.61,6213.9,3137.86,2237.68,2575.24,1587.59,2100.16,52788.53,123577.22,89741.58,34305.19,29005.53,77919.91,144997.16,125494.45,55235.6,20715.58,137356.9,145262.44,119932.71,8490.12,45500.07,42603.33,112495.3,46177.32,91679.29,60407.25,69562.83,144453.99,73194.08,74878.1,141751.11,111272.93,108122.98,19926.91,74626.74,93025.78,76185.24,88533.8,15633.87,19864.32,129910.13,72553.2,106447.5,62416.19,121420.66,108639.52,54093.58,129506.35,22919.06,2937.81,762.52,250.0,387.51,237.5,275.0,137.5,1100.04,175.0,25.0
25.0,262.5,575.01,937.53,512.51,1475.08,600.01,750.02,512.51,487.51,537.51,875.03,650.02,862.53,1287.56,1112.54,95907.95,132459.26,129052.11,139023.51,120802.76,125179.09,127109.17,34618.48,4775.83,2775.28,2050.15,83477.35,129645.16,115961.39,147132.13,28767.53,2912.81,2112.66,2175.17,1962.64,1862.63,2337.7,1737.61,1750.11,2137.67,2737.77,3062.84,72804.52,150177.26,140223.07,117726.28,111348.54,113957.25,49538.98,3175.37,2050.15,2637.75,5288.52,2350.2,48372.34,127891.36,119592.25,6188.89,1350.07,3600.47,10053.67,101271.16,138392.19,13494.11,6939.25,4563.26,72176.23,97015.67,130263.44,103487.55,81679.12,84936.24,43932.5,52274.07,55737.62,26262.53,75682.48,12305.5,3187.87,37638.89,20314.98,89338.97,99735.01,58411.16,84571.5,19075.71,74174.31,59729.3,85338.71,121130.62,104747.02,66133.49,84999.12,144630.84,67502.6,73734.46,113364.9,47795.33,3775.52,962.53,325.0,162.5,200.0,175.0,412.51,75.0,100.0,25.0
0.0,100.0,262.5,925.03,912.53,662.52,600.01,625.01,287.5,887.53,462.51,425.01,587.51,775.02,925.03,14532.67,149772.88,137584.15,130490.58,134693.28,121118.01,118924.0,27452.35,2550.24,1887.63,2412.71,2125.16,25949.44,141334.37,118974.44,101019.32,14257.38,2212.68,1662.6,2025.15,2000.15,1687.6,2000.15,2025.15,1675.1,2487.72,2600.25,2325.2,16697.62,91024.97,143089.86,125456.61,127588.56,126390.09,41738.18,11805.06,15658.9,6126.36,33979.39,95492.58,153943.52,124460.12,11942.68,3262.89,1862.63,3175.37,3237.88,47657.36,137281.16,40033.13,7702.15,5000.91,39381.25,71975.18,121357.61,104558.1,32901.77,45775.99,50379.52,46967.49,11967.7,10666.63,83389.32,127247.94,111247.73,81553.37,19739.14,27715.38,91251.46,37475.95,64990.56,90207.11,40722.65,82898.87,24584.43,32300.35,88948.96,70417.15,72465.24,92925.1,145603.51,116805.98,121168.45,85728.63,7326.95,1800.12,262.5,175.0,225.0,100.0,875.03,125.0,212.5,62.5
0.0,125.0,850.03,562.51,1187.55,737.52,875.03,1075.04,500.01,725.02,675.02,625.01,375.01,1175.05,1462.58,91465.37,160404.17,130364.4,126541.47,135867.23,124573.65,123097.96,4200.64,2000.15,2237.68,2737.77,1575.09,2475.22,83590.54,126478.4,43167.58,4450.72,2387.71,1762.61,1662.6,2037.65,1362.57,2037.65,1325.06,1912.63,2175.17,1537.59,1900.13,68193.5,140021.05,127096.55,134970.97,135627.38,130831.29,118507.94,95706.56,85716.05,98501.17,133254.37,146083.56,115305.92,11717.49,3287.89,2775.28,2500.23,1662.6,3587.97,85615.43,117801.92,91880.62,9027.96,4625.78,108702.52,139957.9,126415.32,155751.18,92220.38,56189.45,15208.4,14858.02,18212.04,47832.96,35721.29,47393.95,98526.35,53917.89,24672.09,108841.1,129418.03,74702.15,66120.92,100490.47,84005.55,97443.68,53767.3,37187.66,91905.79,131348.68,114889.97,50868.82,114524.44,138796.23,132143.74,76637.75,9215.58,1750.11,425.01,287.5,175.0,150.0,62.5,12.5,112.5,125.0
0.0,362.5,450.01,687.52,537.51,1112.54,862.53,562.51,387.51,312.5,425.01,500.01,937.53,687.52,2212.68,107127.74,148825.19,131083.67,123804.25,124611.49,112066.82,86445.59,6889.22,3000.33,1587.59,1887.63,2187.67,1587.59,93868.97,73822.43,28955.42,2987.82,1700.1,2312.69,1700.1,1537.59,1875.13,1487.58,1825.12,2200.18,2200.18,1962.64,60344.48,142824.62,112759.95,72465.24,103147.51,127979.68,136006.08,133759.23,143645.61,125645.82,137255.9,132610.7,137445.28,39569.29,3675.49,3587.97,3337.9,2612.75,59942.73,152603.73,145439.29,118457.51,89326.39,18424.82,31298.04,54030.83,119176.17,52437.18,130490.58,127235.32,60809.02,69160.8,16309.66,29068.16,80019.4,33666.12,42603.33,108047.39,26487.96,64199.36,91062.71,74978.65,12280.48,23106.88,93931.89,60294.26,46390.54,102757.11,129771.33,78510.76,75217.45,136574.17,97191.91,73370.02,119857.05,115305.92,75783.03,8502.63,1925.13,362.5,300.0,175.0,100.0,25.0,50.0,187.5,112.5
0.0,1425.07,312.5,600.01,650.02,600.01,687.52,712.52,862.53,1037.54,612.51,487.51,662.52,1100.04,45362.12,141839.52,133898.07,118659.23,119024.87,129342.32,108047.39,121950.31,115104.24,80119.99,35846.61,15934.22,8114.89,78535.9,126339.63,55963.53,6213.9,2287.69,2375.2,2262.69,1962.64,2787.78,1625.1,1587.59,2062.65,2400.21,2700.26,58888.2,132105.87,115053.82,8740.27,2600.25,1762.61,54997.14,105691.7,113995.07,132055.4,137874.54,138000.8,135135.07,135816.73,81754.56,15683.93,2275.19,2512.73,2962.82,52248.98,138796.23,19626.48,90169.36,140601.92,14883.04,7364.47,91251.46,133670.88,80434.32,101183.02,115041.21,51947.83,66987.6,48221.82,67439.8,84521.19,37187.66,8077.37,68846.74,64274.71,107140.33,115268.11,95479.99,47544.47,60369.59,55863.12,17248.3,78623.9,83150.38,98979.58,21604.44,14132.25,82697.67,21329.01,126882.08,125570.14,89049.61,103311.23,9390.7,1675.1,262.5,262.5,275.0,75.0,200.0,62.5,100.0,50.0
0.0,550.01,262.5,387.51,650.02,812.52,900.03,575.01,712.52,575.01,425.01,962.53,950.03,750.02,84131.31,131878.71,129884.9,113944.66,123640.29,135299.17,114713.5,115835.33,126692.86,120840.59,127361.48,122467.37,120613.61,119680.52,124270.93,65744.12,4938.39,2650.26,2650.26,2125.16,2250.18,2062.65,1975.14,1375.07,2700.26,15458.67,80585.19,126352.25,117121.15,19038.16,4088.11,3075.34,2412.71,6826.69,3087.85,89917.72,140374.61,132105.87,128345.56,124888.98,127828.27,114436.2,113100.23,29819.76,2112.66,1262.56,21817.28,157065.99,112281.07,130869.16,127109.17,128181.53,150771.19,134579.67,144416.09,94598.94,55624.66,104621.07,97015.67,12455.63,79315.35,36573.52,27640.22,37162.6,25573.73,39105.47,4538.25,73005.59,22130.28,33991.92,100994.14,12856.0,71309.22,41199.06,51721.99,86458.16,111020.9,77329.1,51395.77,51583.97,85326.14,126137.78,108047.39,92748.92,91150.8,7852.24,1337.56,537.51,325.0,387.51,100.0,162.5,175.0,300.0,37.5
0.0,325.0,837.53,587.51,862.53,475.01,975.03,537.51,750.02,1087.54,462.51,825.02,937.53,21967.51,146374.11,127399.33,131323.45,119957.93,135791.48,126137.78,133645.65,130793.44,111033.51,117940.6,100074.95,118634.02,119970.52,120865.81,129834.41,82219.81,3337.9,2287.69,2937.81,1675.1,2075.16,2012.65,2000.15,5301.02,40584.74,128597.9,120046.18,121420.66,104658.85,4163.13,1612.59,1925.13,1787.62,2325.2,7251.91,98929.22,139377.05,145035.06,100767.48,124422.28,104218.03,132724.29,137319.02,85275.83,13193.82,2875.3,3813.03,136511.05,123930.37,127727.35,120966.69,115709.28,138657.34,135854.61,96801.67,62504.08,142938.3,151870.68,124081.73,60331.93,111083.91,46954.95,77190.82,89250.91,101308.94,89364.14,17999.26,54884.2,52775.98,15158.34,42126.87,104092.08,21341.53,36598.59,57193.57,103840.19,67012.72,51270.3,73872.69,29443.96,64839.85,82672.52,36335.39,86609.11,44622.21,4575.76,1237.56,575.01,150.0,150.0,125.0,225.0,75.0,812.52,87.5
12.5,462.51,1337.56,1412.57,2837.79,1125.05,2450.22,1725.11,962.53,1275.06,1112.54,1425.07,1225.05,111978.62,186796.38,178297.28,171549.83,159569.55,174942.14,148458.77,122908.78,144416.09,135135.07,146677.32,159518.96,167373.91,174106.64,152363.59,160695.02,70077.93,4688.3,2287.69,3412.92,2050.15,10529.03,34004.45,91792.54,184211.89,186872.39,177334.96,157748.73,152982.9,56453.02,3475.44,2187.67,3250.38,2150.17,21103.67,117789.31,167487.77,161871.18,123198.86,134112.65,122517.81,164426.2,142572.02,161555.01,154487.06,43493.6,4250.66,3462.94,3687.99,4463.22,79818.25,62730.11,156863.71,128673.6,181323.93,46917.32,113427.91,83904.94,144163.47,174435.77,130578.92,113894.24,45211.63,124573.65,98211.61,122921.39,161251.47,11830.08,18149.46,36648.72,40045.66,124497.96,95001.71,114146.32,112243.26,59666.54,24058.51,107493.07,30496.24,101523.0,45374.66,79503.93,131449.64,103273.45,127752.58,48460.15,5426.07,1675.1,425.01,187.5,275.0,137.5,150.0,50.0,187.5,50.0
62.5,250.0,425.01,1562.59,1562.59,1875.13,1425.07,925.03,975.03,725.02,1762.61,712.52,987.54,113339.69,169879.31,144580.3,138834.11,136447.93,123615.07,126251.32,140803.97,139023.51,140437.76,120235.32,135463.27,136296.44,131903.96,146336.22,139490.7,114133.71,71434.88,65643.65,81968.32,100251.24,84571.5,121143.23,143418.25,133645.65,141006.02,120058.79,142382.58,139844.25,53867.7,3100.35,2662.76,2762.78,30082.83,116024.42,132257.33,125431.39,123766.41,75506.52,62918.46,72402.41,87854.46,126869.47,137243.28,147991.28,144365.58,38716.87,4963.39,1837.62,6076.34,101409.68,134390.34,108526.14,104293.59,137382.16,151719.02,114789.13,120500.12,151744.3,152211.92,130112.03,130364.4,111058.71,107568.65,49150.09,54884.2,146942.63,72364.71,95479.99,127386.71,106258.55,80547.47,87313.54,74463.36,105540.54,26838.64,79013.62,29243.53,19801.73,108790.71,69474.88,118873.57,100566.02,114411.0,136902.41,48987.01,8952.91,1312.56,375.01,450.01,162.5,412.51,525.01,137.5,100.0,50.0
12.5,575.01,1700.1,4513.24,2550.24,2550.24,1650.1,1712.61,662.52,1075.04,3212.88,1537.59,49137.55,155498.34,203619.93,177385.61,187911.39,169006.17,172752.24,180348.75,173334.5,179892.83,194299.15,178588.52,174980.12,163730.48,164008.76,158494.73,161504.41,160581.2,159658.06,154980.06,173018.05,167449.82,162996.84,109899.47,26224.96,171954.85,138796.23,160732.96,156218.94,149697.07,111474.55,5175.97,2437.72,28153.76,125330.47,168816.36,146677.32,144504.52,46754.27,4113.11,3225.38,3425.43,7401.99,99936.46,176284.09,156105.17,147738.58,160707.67,109798.66,52474.83,86282.07,164831.0,150189.9,147372.18,139175.03,175233.3,114801.72,18111.91,77253.67,183945.87,181488.58,135122.45,107543.47,30583.94,70304.08,145868.79,153374.72,54821.45,19626.48,59641.43,109319.88,18199.52,18537.47,89477.37,153627.52,115482.39,37889.58,152793.31,66020.44,114650.48,61800.92,39957.91,127929.21,138518.45,61713.03,92786.67,41462.35,6313.95,1500.08,412.51,212.5,337.5,262.5,75.0,237.5,112.5,0.0
25.0,337.5,725.02,1125.05,2112.66,1975.14,1337.56,1525.08,1137.55,1362.57,1875.13,1387.57,91754.79,154423.84,149886.61,138467.95,138796.23,140589.29,147612.23,133923.32,144959.27,142736.21,140627.18,131159.39,136006.08,137154.9,136195.44,142748.84,130162.49,139831.63,135690.49,132547.6,133393.2,126995.62,116906.84,10091.2,12680.84,96033.82,134074.78,140589.29,139452.82,123564.6,42477.94,3200.37,2150.17,37964.78,132143.74,137975.54,110378.27,26174.86,2525.23,2625.25,2062.65,2125.16,2425.21,7527.06,109181.28,122076.42,148648.29,118192.74,128749.29,135021.46,125444.0,134466.07,132004.91,131424.4,128244.62,124333.99,43192.66,31749.07,80547.47,130263.44,138265.93,56929.98,102820.08,8752.78,14757.91,91679.29,22555.97,3550.46,35194.93,125519.68,120714.49,60470.03,39381.25,37287.93,108626.92,57243.78,6388.98,103046.77,64638.91,98501.17,92421.72,120298.37,56879.77,15308.51,89112.51,115961.39,47519.38,3025.33,1212.55,587.51,337.5,287.5,225.0,412.51,250.0,75.0,512.51
0.0,237.5,1300.06,1675.1,1337.56,2187.67,1225.05,1637.6,1050.04,1462.58,1212.55,887.53,112155.04,134769.01,155599.48,138846.73,127424.56,131803.01,119377.91,125696.28,121773.76,121231.5,126655.01,117474.14,131007.96,131689.42,117713.67,121017.13,128383.4,120563.16,127853.51,120752.32,116137.87,84772.73,18938.02,2800.28,3137.86,67364.43,109483.67,133595.14,145325.6,120941.47,9891.05,2150.17,2600.25,32538.41,122820.5,100326.78,33365.39,2487.72,2450.22,2337.7,2550.24,1900.13,2475.22,6213.9,92346.22,139591.71,123022.28,121054.96,121496.32,114335.37,130591.53,123942.98,118444.9,139528.58,109244.28,120588.39,107001.76,104029.1,109559.27,104469.94,118646.63,10604.08,83326.44,38441.1,85653.16,86307.22,84206.78,136662.54,60231.49,47494.29,119680.52,16972.96,44108.05,117499.34,82735.4,23695.38,63433.32,50919.0,23257.13,37212.73,63998.43,100956.36,48823.93,11704.97,48811.39,111197.33,38265.61,4300.67,937.53,237.5,112.5,150.0,350.0,87.5,1175.05,875.03,75.0
0.0,700.02,1250.06,1700.1,2337.7,1287.56,1312.56,1475.08,600.01,2250.18,1537.59,56528.33,138379.57,138291.19,135602.13,148673.58,135627.38,125494.45,143140.38,134920.49,136927.65,116881.62,118545.77,136321.69,125355.69,131967.06,119264.43,119592.25,127046.08,127588.56,116037.03,122606.09,65028.24,8189.94,1737.61,1987.64,2850.3,12017.74,114537.04,118243.18,120361.42,13856.97,2637.75,2512.73,1937.64,50417.16,119794.0,85653.16,24684.61,3187.87,2262.69,2150.17,2475.22,2500.23,2950.32,57632.9,146677.32,122959.23,120664.04,142231.03,142028.96,134819.5,126364.86,123842.09,115142.06,129253.99,108815.91,141738.49,121710.71,118192.74,88269.61,7139.35,85150.05,138909.87,85615.43,68294.0,155346.66,49664.43,52838.72,108122.98,58737.55,20803.21,105326.42,132156.36,103286.05,94447.91,96700.97,91540.87,71183.58,67954.82,46653.93,11116.99,62905.91,147170.04,61637.69,61813.48,82458.74,148003.91,53252.81,13781.9,1412.57,450.01,225.0,125.0,850.03,775.02,1125.05,1412.57,337.5
12.5,337.5,875.03,1450.08,1425.07,1687.6,1400.07,1162.55,1000.04,1337.56,1225.05,82094.07,133115.54,128030.14,132206.84,119567.04,122833.11,131790.38,121597.21,132964.08,112696.94,117600.2,105477.57,123186.25,124447.51,140260.97,130591.53,115646.26,122051.2,123564.6,120323.59,93277.47,22455.8,2575.24,2025.15,1787.62,3000.33,21416.65,121004.52,118394.47,40735.18,2500.23,1875.13,2175.17,2075.16,59089.05,135387.54,102593.4,33829.02,3763.01,3550.46,1975.14,2287.69,12856.0,56779.36,133241.75,121584.6,117108.54,140766.08,51270.3,47419.03,30947.25,5988.8,26149.81,123779.02,103840.19,82081.49,127235.32,53641.82,83917.52,15446.16,8577.67,5050.93,33941.79,151301.97,117297.65,158115.41,40058.2,119050.09,131386.54,59691.64,95631.03,91339.54,72264.19,109912.06,27502.45,82282.69,15996.79,48422.52,96008.65,87087.11,91654.12,95719.15,89049.61,56528.33,43731.86,63948.19,106422.3,35583.43,6914.24,1500.08,312.5,400.01,125.0,75.0,1300.06,1375.07,1287.56,162.5
12.5,475.01,850.03,1812.62,1487.58,1462.58,950.03,1387.57,1662.6,1712.61,44434.1,93164.2,138606.84,138442.69,123879.92,146171.99,134352.47,127399.33,132131.12,109105.68,119831.83,121508.94,126743.31,114726.1,104784.8,130377.02,119213.99,124876.37,126200.86,114889.97,117070.72,57796.08,3938.06,1537.59,2025.15,2050.15,11129.5,105905.84,120361.42,109105.68,4413.21,2175.17,1987.64,1937.64,23282.17,127058.69,137268.52,119138.34,110390.87,50153.7,72993.02,73583.65,76046.98,127601.19,115936.18,129594.68,117751.49,112482.71,25448.5,3487.94,2150.17,2137.67,3200.37,2212.68,54256.72,95240.84,20915.88,6376.48,10166.25,34355.32,122681.77,20202.31,11980.21,5038.42,62290.62,124851.14,81125.86,123589.83,125242.18,105112.29,141536.43,21667.04,10266.33,42239.71,115961.39,80371.45,123350.2,19351.09,21817.28,127689.49,98274.56,102064.49,61110.35,60131.05,93453.66,84823.04,130780.83,60683.47,14407.54,2337.7,800.02,462.51,100.0,300.0,212.5,787.52,975.03,1225.05,125.0
12.5,1000.04,962.53,1012.54,987.54,1425.07,1187.55,1825.12,1362.57,1787.62,58599.46,103978.74,106762.42,125633.21,138581.58,124939.44,115936.18,115810.12,117663.24,128307.71,124359.22,117562.38,128030.14,89037.03,28592.16,72993.02,115142.06,125633.21,124409.67,119289.65,106674.23,29043.11,3950.57,1850.12,1737.61,68570.36,134188.38,125305.24,123173.62,78435.33,3625.48,1675.1,2075.16,7239.4,106233.35,120184.89,132560.22,114436.2,122984.45,126629.78,116667.32,126692.86,127840.9,120739.71,121685.48,125771.96,128547.43,41738.18,2375.2,1850.12,1700.1,2262.69,1825.12,1937.64,21278.93,122643.92,27051.55,3487.94,2500.23,14745.39,70668.43,65191.51,18412.31,3888.05,4600.77,100238.64,91628.95,153147.21,130705.11,114726.1,134188.38,139301.3,103021.57,60859.24,97821.35,68595.49,75305.43,81830.01,78711.9,89779.32,52964.2,16247.08,88445.74,46566.13,26963.88,71899.78,131172.01,76801.16,12805.95,1650.1,1375.07,375.01,237.5,237.5,175.0,375.01,412.51,325.0,62.5
0.0,275.0,625.01,1312.56,1600.09,1100.04,1162.55,1212.55,900.03,9115.52,58712.45,99369.88,128888.09,124699.78,115734.49,116125.26,114688.3,111046.11,116125.26,112633.93,123034.89,116831.2,105792.47,10916.83,13231.36,94410.15,110453.87,106397.11,109660.06,124901.6,46729.18,14632.77,2550.24,10153.74,93780.87,123804.25,125242.18,127197.48,115457.18,43844.72,2637.75,2712.77,2337.7,48573.05,119794.0,118419.68,69763.84,85741.2,93994.82,144087.69,125368.31,129607.29,106208.16,114990.8,95404.47,121975.54,61637.69,3187.87,2412.71,2387.71,2562.74,2225.18,1212.55,1587.59,10854.28,121584.6,116944.66,7777.2,3375.41,24759.75,78649.04,86848.11,7814.72,3587.97,3450.43,55888.23,88496.05,150139.35,101925.97,122215.14,10091.2,35107.21,14119.74,86420.43,129771.33,117146.35,92232.97,7977.31,16522.41,120462.3,54733.6,42465.4,75267.72,107493.07,123842.09,93768.29,103185.29,102517.84,13181.31,1500.08,537.51,375.01,150.0,187.5,187.5,100.0,112.5,337.5,25.0
0.0,525.01,1025.04,1087.54,3062.84,1750.11,1312.56,1275.06,1225.05,47519.38,67904.57,134718.52,130011.07,123236.68,124636.71,119869.66,114007.67,118432.29,109294.67,117801.92,113402.71,112495.3,70304.08,13031.16,80685.78,116995.08,108387.54,112218.06,118634.02,117436.31,45926.49,7289.43,2475.22,81528.22,128837.61,115570.62,121408.05,132219.46,123829.47,13581.7,3050.34,2850.3,43957.58,115822.73,125216.93,45249.25,3725.5,3062.84,3375.41,40873.09,110693.29,137445.28,131184.63,121269.34,126806.39,121433.27,6801.68,1537.59,1712.61,3037.84,2087.66,2237.68,2037.65,2362.7,41976.4,141763.75,145704.57,31072.53,10641.61,38202.94,40334.0,40659.96,14094.71,4563.26,4875.86,52073.31,151630.56,107518.26,87665.77,129052.11,36485.79,74073.77,120437.08,117663.24,121748.54,136889.77,119428.35,25423.46,18938.02,88772.83,115003.4,128635.75,14695.34,40446.84,89640.93,141410.13,85275.83,35783.95,6614.09,1350.07,487.51,137.5,275.0,150.0,225.0,137.5,1387.57,100.0,37.5
12.5,437.51,825.02,1112.54,1912.63,1825.12,1700.1,1250.06,7427.0,55637.21,105868.04,129039.49,130440.1,124397.06,118230.57,117738.88,109231.68,117562.38,115797.51,119100.53,117587.6,112822.96,100540.83,88785.41,112999.4,130944.86,120752.32,125532.29,103059.35,117360.67,29732.07,3838.04,31160.23,128900.71,134579.67,149002.09,131361.31,130301.3,109332.47,4850.85,4550.75,64450.53,120020.96,125557.52,69211.06,4213.14,2212.68,2062.65,1900.13,2700.26,2500.23,56176.89,140210.45,132875.74,83565.38,24672.09,3037.84,2287.69,1812.62,1987.64,2275.19,1637.6,2225.18,27615.17,109042.69,150126.71,136157.58,98727.78,9403.21,65857.16,66711.26,81188.73,32337.94,16034.33,55524.26,142066.85,160416.8,101598.56,31485.97,95228.26,54432.41,59026.28,111953.42,61487.02,6701.63,120134.44,39130.54,16397.26,57030.4,135602.13,46252.58,58925.86,92849.59,102165.23,127727.35,118281.0,122240.37,32112.41,5463.58,1162.55,325.0,162.5,250.0,325.0,125.0,125.0,25.0,87.5,87.5
25.0,687.52,1212.55,2712.77,2337.7,3450.43,2800.28,6826.69,56202.0,142673.06,183844.54,157015.42,159708.65,149191.63,91805.12,165311.71,147637.5,156851.07,149191.63,164742.45,163426.9,145717.2,156813.14,137041.28,156307.43,156433.87,152009.71,146942.63,146942.63,149052.63,137053.9,103235.67,150948.12,166336.44,167120.85,147018.44,102996.39,72364.71,5888.76,3587.97,53654.37,169512.33,161377.95,183945.87,11229.58,3863.04,2050.15,2075.16,2200.18,2375.2,2762.78,3275.39,71045.36,129115.2,75657.34,7251.91,3287.89,2637.75,1750.11,2250.18,2400.21,5888.76,75003.79,163983.46,161302.05,167057.6,161845.89,187011.76,13118.75,4125.62,20027.06,154461.77,193614.62,31072.53,87212.9,157925.75,137167.53,9378.19,22268.0,160252.41,102316.34,138669.96,120764.92,86307.22,80358.88,54545.36,4613.27,12705.86,88621.86,26575.63,61687.92,34518.23,86508.48,134516.56,116616.88,102127.45,151504.18,52236.43,3200.37,1762.61,237.5,1775.11,2562.74,2237.68,1337.56,737.52,225.0,100.0,87.5
25.0,600.01,1250.06,1700.1,1712.61,2312.69,2237.68,42014.02,102706.74,140071.55,136081.83,128471.73,115671.46,138215.43,127109.17,118987.04,126869.47,122959.23,111058.71,113579.15,125216.93,128900.71,121445.88,132888.36,120172.27,113138.04,117171.57,135513.77,115053.82,113957.25,127348.87,132976.7,124926.82,120172.27,47180.72,3700.5,2675.26,2200.18,2350.2,16509.9,49037.19,135627.38,128105.84,129190.91,5150.96,15258.45,2587.74,1325.06,2400.21,1525.08,1462.58,1887.63,5626.15,130679.87,145009.79,59490.77,10191.27,3025.33,2187.67,2312.69,4213.14,76084.69,137710.42,142205.76,155030.62,120714.49,139010.88,146462.55,64927.77,26725.92,58612.02,126011.64,140993.39,88068.32,5888.76,31022.42,162908.32,111083.91,139541.2,20039.58,13268.89,76474.34,76977.13,48322.17,162010.31,66987.6,20678.02,101031.91,61738.14,95656.21,93176.79,115671.46,107417.48,78548.47,103500.15,82496.47,113251.47,9490.77,2137.67,1537.59,425.01,1387.57,1437.58,1550.09,712.52,2150.17,437.51,200.0,62.5
0.0,825.02,1012.54,1375.07,1875.13,2262.69,15796.56,89842.23,116717.74,125734.12,115368.95,119138.34,116881.62,115570.62,125254.78,101334.12,109118.29,110101.06,122543.03,132572.83,122833.11,118470.12,123425.88,111474.55,111474.55,115999.21,124661.94,114814.33,113919.45,134365.09,129834.41,130250.83,74287.42,2687.76,1987.64,2075.16,1687.6,1662.6,1937.64,12730.88,113188.45,124321.38,130490.58,69864.34,4038.09,2450.22,1687.6,1750.11,2275.19,2475.22,2050.15,1800.12,1950.14,104734.43,138758.35,135109.83,128711.45,48259.45,11154.52,13218.84,40158.49,131929.2,153981.44,163768.42,131954.43,141018.64,138707.84,132484.5,131209.88,101711.89,129392.8,122341.26,147094.23,105893.24,6076.34,16635.05,163566.04,142079.47,130717.72,19163.33,70228.69,157243.0,87338.7,131613.7,56063.94,6514.04,73181.51,43782.02,28642.27,100238.64,131537.98,36949.52,23169.48,60595.58,147536.43,129947.99,79541.65,10153.74,1425.07,600.01,250.0,975.03,1900.13,900.03,1650.1,1650.1,1950.14,137.5,25.0
125.0,787.52,1450.08,2512.73,2650.26,3637.98,72151.1,77668.5,129935.37,138619.46,131765.14,104369.17,126579.31,128597.9,122807.88,101296.34,120651.44,133746.61,128068.0,124851.14,119604.87,119226.6,122227.75,125633.21,112633.93,112949.0,115898.37,145868.79,126301.79,122921.39,70957.42,3000.33,2687.76,2275.19,1837.62,3125.35,1825.12,2237.68,2400.21,22555.97,137634.66,118570.97,154790.43,29807.24,3687.99,2612.75,2512.73,2225.18,1987.64,2062.65,2287.69,2150.17,13168.8,150720.65,145856.17,144580.3,138859.37,131411.78,97405.92,72691.43,106775.01,137634.66,138089.18,145085.59,142635.17,146677.32,106951.38,101460.04,76373.79,128774.54,150695.36,164793.05,65832.04,27590.12,8965.42,24559.39,58022.03,111903.01,137483.15,8390.06,92321.05,70630.74,117864.96,49451.17,107820.62,20490.24,93680.19,86131.12,32538.41,26876.21,120991.91,58549.25,78875.33,86722.32,95983.48,101925.97,42653.48,3112.85,1425.07,225.0,100.0,1125.05,1425.07,1962.64,1375.07,937.53,1750.11,862.53,412.51
12.5,375.01,1175.05,1987.64,2200.18,44609.67,90697.81,106963.97,136372.18,122164.7,126781.17,134036.92,137558.9,125696.28,151516.81,106031.8,129771.33,140463.0,134251.49,137003.41,128358.17,125935.95,115318.52,141662.71,136473.17,135223.44,115986.6,117184.18,125860.27,102278.57,3725.5,1962.64,2000.15,1600.09,1425.07,2250.18,1125.05,1512.58,2037.65,14482.61,120462.3,130730.34,106157.77,9665.89,2950.32,2237.68,2650.26,2850.3,32363.0,36573.52,2875.3,2612.75,63244.96,143771.91,135942.97,150177.26,135475.89,127702.11,127828.27,127210.1,131121.54,145363.49,135854.61,139389.69,126049.49,74299.98,8365.04,5463.58,43844.72,74664.44,139490.7,149115.81,114121.11,108248.96,17148.18,42427.79,133519.42,14269.89,127008.24,63948.19,126213.48,82270.12,105074.51,11780.04,72327.02,66761.51,135602.13,39143.08,64124.01,107102.54,37212.73,86785.21,126642.4,88709.93,117587.6,93063.53,16534.92,2387.71,1125.05,400.01,275.0,987.54,837.53,1200.05,1175.05,875.03,1275.06,2162.67,200.0
12.5,687.52,737.52,1600.09,15508.73,67615.66,121597.21,144769.79,139137.15,126213.48,136586.8,131424.4,125809.81,117474.14,108967.09,138316.43,117474.14,134794.25,131727.29,135198.2,124535.81,124371.83,121319.77,132989.33,127702.11,127525.49,145742.47,143809.81,120928.86,4913.38,1912.63,1600.09,1737.61,1012.54,2512.73,1362.57,1550.09,1775.11,1275.06,44133.14,132787.39,153147.21,24333.99,4113.11,2175.17,2462.72,2075.16,3650.48,98828.5,76851.44,4325.68,4275.66,116213.5,130692.48,126087.33,139806.38,129455.89,127828.27,127702.11,122215.14,132711.66,140627.18,136548.93,151516.81,109206.48,4700.8,862.53,1387.57,3788.02,18224.56,87703.51,138644.72,167715.52,117675.84,23382.34,41825.95,47820.42,97569.57,146525.72,91654.12,117965.81,95895.36,103374.21,81779.71,39732.26,36147.4,131247.73,97506.62,126856.85,52951.65,15859.13,2575.24,65241.74,55762.72,85036.85,94183.6,15971.76,2000.15,1062.54,550.01,575.01,812.52,962.53,1050.04,1025.04,1087.54,1350.07,1487.58,212.5
0.0,662.52,1787.62,46014.28,51960.38,97569.57,120777.54,130377.02,122934.0,123438.48,121937.7,120336.2,126049.49,122580.87,128421.26,115343.73,129746.1,127424.56,134415.58,124838.53,123173.62,116982.47,118709.67,119226.6,126011.64,114121.11,125797.2,129594.68,4613.27,2125.16,2112.66,1775.11,1725.11,1125.05,1362.57,1337.56,1450.08,2350.2,10053.67,157849.89,134743.77,39255.89,3637.98,2250.18,2425.21,1475.08,1600.09,47832.96,138922.5,53340.65,27126.7,80597.77,128244.62,137142.28,138000.8,130679.87,128925.94,125923.34,126062.1,127109.17,140197.83,153753.92,145388.76,130717.72,7401.99,1275.06,937.53,1650.1,4100.61,56641.29,144959.27,159341.93,157609.66,62792.9,11229.58,13281.4,163376.31,134718.52,81817.43,56465.57,88043.17,46578.67,126238.71,114587.45,37613.82,100276.41,108450.54,8677.73,20177.28,57030.4,67402.11,80509.75,66359.57,70467.41,43694.24,19050.67,2175.17,987.54,1287.56,112.5,750.02,675.02,862.53,912.53,1012.54,850.03,1200.05,1062.54,275.0
0.0,537.51,937.53,119592.25,95958.3,131487.5,129203.53,146664.69,143557.18,137293.78,134920.49,129935.37,118886.17,126276.55,133393.2,143506.67,140930.25,127285.79,136258.57,122416.92,131739.91,126263.94,123224.08,120701.88,129998.45,134794.25,45073.68,4288.17,2137.67,1412.57,1112.54,1450.08,1050.04,750.02,1425.07,1575.09,1725.11,2737.77,74048.63,133822.34,108059.99,11317.15,3037.84,2650.26,2125.16,1487.58,2075.16,71950.05,126983.01,88181.54,67804.08,112129.84,134844.74,144567.68,136245.94,132093.26,130339.16,118142.31,88433.15,140122.06,134554.42,149886.61,123980.83,26250.0,3275.39,937.53,1225.05,2800.28,26663.3,139654.85,123665.51,168107.77,32388.06,43280.44,8627.7,5213.49,176056.21,114297.56,87753.83,66623.34,143531.92,136119.71,62855.68,107669.45,33728.77,77203.4,138278.56,75707.62,56942.53,26713.39,73885.26,47143.09,24384.08,74237.14,33077.19,7702.15,1475.08,937.53,325.0,137.5,1550.09,662.52,775.02,950.03,812.52,975.03,762.52,1150.05,87.5
50.0,887.53,7502.04,114095.9,131361.31,142420.47,130793.44,140021.05,138796.23,130225.59,126327.02,126074.71,140551.41,113919.45,135021.46,132863.11,135980.84,133885.45,140867.11,124346.61,129253.99,120865.81,136801.41,137344.28,100817.85,32914.3,2850.3,1587.59,1312.56,1187.55,2512.73,850.03,750.02,1300.06,1150.05,1400.07,1675.1,27164.28,146765.75,129607.29,23457.47,3412.92,3087.85,1887.63,1737.61,1637.6,2150.17,34881.64,101913.38,121181.06,118671.84,128383.4,135753.62,139869.51,138606.84,136990.77,122063.81,127147.01,133014.57,105855.46,114234.54,71811.83,11429.74,2800.28,2275.19,950.03,762.52,1237.56,48297.08,118697.06,94057.75,101686.7,101573.37,62177.61,6439.01,30634.05,152477.33,92346.22,52637.95,122303.42,128206.78,116742.95,111461.95,137293.78,90194.53,142584.66,70354.33,7664.63,41449.81,90571.99,116730.35,115847.94,121458.49,108009.58,67565.41,8402.56,1125.05,587.51,237.5,237.5,487.51,675.02,950.03,525.01,675.02,612.51,850.03,812.52,75.0
12.5,1537.59,31247.93,118608.8,121723.31,129014.26,141182.82,136271.19,133708.74,120399.25,132206.84,120701.88,122492.59,129594.68,132131.12,106145.17,111852.6,123362.82,125898.11,135034.1,124296.15,121559.38,158039.54,105628.73,23031.75,3412.92,1637.6,1475.08,737.52,775.02,875.03,962.53,1350.07,1150.05,1637.6,1662.6,1675.1,8277.49,67464.92,14707.85,2812.79,2225.18,2125.16,2087.66,1937.64,1637.6,3187.87,41926.25,111083.91,131474.88,139515.96,124523.18,136195.44,134769.01,142774.1,141586.94,144984.52,134365.09,95807.25,39431.4,4050.6,1950.14,2525.23,2037.65,2375.2,1325.06,587.51,1000.04,43029.65,132610.7,8677.73,41136.37,100490.47,13519.13,4163.13,65643.65,86797.79,6564.06,124952.05,22868.98,94913.59,94259.12,108110.38,120815.37,49915.34,144453.99,47168.17,28930.37,60696.02,7764.69,112772.56,66547.98,98992.17,71196.14,17899.13,2762.78,1125.05,975.03,250.0,400.01,1162.55,875.03,775.02,950.03,950.03,825.02,612.51,1037.54,175.0
25.0,43054.73,85124.9,126339.63,105326.42,134668.03,149103.18,115885.76,115646.26,120878.42,115368.95,132837.87,140286.22,129884.9,134402.96,125910.72,118621.41,121975.54,128042.76,124472.73,128206.78,120449.69,77806.78,18099.39,1900.13,1275.06,1550.09,637.51,1275.06,1475.08,2062.65,1662.6,1787.62,2137.67,1412.57,1337.56,1525.08,7502.04,1950.14,2175.17,2625.25,1700.1,2962.82,2237.68,2062.65,2075.16,8890.37,88005.42,111071.3,132206.84,130389.63,126390.09,129733.47,141283.84,127109.17,130730.34,111512.36,123539.38,21591.92,2337.7,1725.11,1512.58,1800.12,1737.61,1350.07,1700.1,1237.56,1237.56,52587.76,56804.46,5175.97,96826.85,54369.66,9816.0,4375.7,51144.84,87514.81,76926.85,102731.92,40296.4,86181.44,136006.08,48886.66,71975.18,132837.87,37989.85,101938.56,83879.79,55034.8,93403.32,102391.9,99369.88,69663.33,36485.79,17023.02,2025.15,800.02,262.5,200.0,650.02,325.0,812.52,675.02,762.52,837.53,812.52,750.02,1175.05,800.02
0.0,62792.9,82068.92,121181.06,129001.65,140450.38,128042.76,120626.22,132194.23,130654.63,128774.54,147094.23,139074.01,140905.0,132484.5,133317.48,136523.67,118684.45,118432.29,118432.29,70856.9,21554.36,1812.62,1150.05,1287.56,1350.07,737.52,1600.09,1875.13,2475.22,2100.16,2487.72,2537.73,2175.17,1550.09,875.03,1525.08,1250.06,22668.65,2325.2,1875.13,2500.23,12330.52,45261.79,35470.64,37012.19,78460.48,123463.71,126352.25,128648.37,131575.83,126074.71,126705.47,134920.49,134983.6,134125.27,126655.01,72113.4,3137.86,2562.74,1600.09,1637.6,1525.08,1587.59,3337.9,1912.63,812.52,9878.54,120928.86,30283.27,12368.05,84546.35,107581.25,15421.13,99382.47,99735.01,153374.72,135135.07,66610.77,38516.31,74702.15,48911.74,102026.71,48058.75,66887.11,74212.01,123589.83,49827.52,92283.3,42603.33,60444.92,133910.7,72151.1,40960.85,7076.82,1262.56,437.51,312.5,312.5,425.01,750.02,687.52,837.53,725.02,700.02,900.03,962.53,750.02,25.0
12.5,65455.26,89062.18,131172.01,131512.73,131840.86,138821.49,137079.15,166994.34,133860.21,129985.84,143456.14,133847.59,119554.43,146374.11,152856.51,121584.6,130212.98,125961.18,104066.9,4600.77,1000.04,775.02,962.53,1225.05,762.52,1737.61,3150.36,2712.77,2550.24,2050.15,1575.09,1675.1,1937.64,1575.09,1687.6,1400.07,1337.56,1637.6,1625.1,2312.69,51885.1,132093.26,120500.12,127575.95,120752.32,128181.53,130389.63,126339.63,122568.26,139503.32,137394.78,134945.73,149709.71,137457.9,120827.97,95127.57,4613.27,2275.19,1975.14,1512.58,1612.59,1362.57,1712.61,1750.11,2062.65,2400.21,61273.57,103575.71,26212.43,8740.27,68444.74,110970.51,126869.47,49488.8,88508.63,24321.47,14632.77,133052.43,109319.88,116087.44,50492.44,38942.51,78950.76,31235.4,77228.54,27089.13,74061.2,115444.57,86256.91,49237.9,76851.44,88823.15,13256.38,1325.06,700.02,200.0,137.5,300.0,262.5,575.01,575.01,787.52,737.52,737.52,637.51,1225.05,187.5,12.5
0.0,64802.17,78749.62,117940.6,132459.26,129935.37,142887.77,133860.21,121496.32,139945.28,120676.66,137003.41,128206.78,133519.42,121609.82,105200.47,118634.02,132282.56,120134.44,17874.1,1462.58,1287.56,1150.05,1087.54,14119.74,45587.86,72616.04,77919.91,69060.3,59202.03,38591.52,8214.95,2562.74,2125.16,1662.6,1875.13,2250.18,2162.67,2087.66,4713.31,54018.28,121647.65,123034.89,119642.69,141435.39,131765.14,125961.18,128282.47,123287.14,132042.78,139250.78,124485.34,135135.07,132219.46,86860.69,21954.99,3637.98,2700.26,2612.75,1550.09,2650.26,2025.15,2037.65,2187.67,2112.66,2937.81,76021.85,147700.67,104822.6,12380.57,10203.78,96839.44,111020.9,138796.23,76700.59,81264.17,21717.12,29306.16,121155.84,37262.87,127550.72,82471.32,99470.6,13631.75,75556.79,87703.51,84735.0,98790.73,76034.41,101094.87,128698.83,101082.28,52161.14,3575.46,1025.04,250.0,125.0,100.0,250.0,462.51,625.01,925.03,775.02,737.52,725.02,925.03,962.53,250.0,50.0
0.0,68256.31,86269.48,126806.39,127500.26,121130.62,126768.55,127197.48,133822.34,126755.94,131954.43,129720.86,131096.29,119743.56,124207.86,113087.62,125847.65,123135.79,114158.91,31661.37,4588.26,1525.08,21967.51,65028.24,124964.66,126983.01,121080.18,118205.35,123993.44,123337.59,112230.65,77505.09,5488.59,2975.32,1712.61,2187.67,1137.55,1912.63,2787.78,71711.31,127411.94,129102.58,122076.42,122934.0,112444.9,112734.76,121698.09,113138.04,112684.34,133355.35,139212.91,116616.88,129695.62,16434.81,2087.66,1712.61,1912.63,1737.61,1925.13,1875.13,2487.72,2162.67,2275.19,2212.68,2262.69,25724.01,131550.6,152148.72,125229.56,79541.65,81490.5,93164.2,124788.06,92761.5,78435.33,129922.76,61662.8,83955.24,105905.84,142395.22,76876.57,55775.27,34580.88,98375.27,120966.69,80974.97,18549.99,68972.36,128799.77,120184.89,128433.88,93164.2,22242.96,1775.11,637.51,337.5,125.0,162.5,112.5,550.01,662.52,937.53,587.51,912.53,1025.04,925.03,637.51,925.03,50.0
12.5,62780.34,110277.47,127475.03,130250.83,123034.89,125683.67,131828.24,119087.91,128408.63,125986.42,120891.02,120790.15,122757.44,122530.43,135652.63,129228.76,117663.24,115910.96,119567.04,34217.48,58473.93,102114.85,113377.49,123879.92,128446.49,133203.88,126995.62,124321.38,124447.51,121887.26,39343.65,2712.77,2487.72,2412.71,2625.25,2125.16,2550.24,90597.16,130806.06,122227.75,114196.73,116377.37,122593.48,122517.81,111575.36,115293.31,125532.29,116856.41,130086.79,104784.8,121546.77,10128.72,2950.32,2337.7,1375.07,1412.57,2050.15,1550.09,1587.59,1662.6,1800.12,1325.06,525.01,1300.06,22793.86,128509.57,93428.49,123930.37,116062.23,86395.27,18975.57,57432.06,120865.81,148420.85,125607.97,60068.28,76826.29,36185.0,99986.82,61838.59,75933.86,6101.35,117436.31,122328.64,17611.26,41976.4,83716.3,125456.61,146273.05,136776.16,52550.12,2925.31,1025.04,337.5,237.5,75.0,125.0,412.51,725.02,762.52,937.53,337.5,1187.55,950.03,750.02,287.5,375.01,125.0
12.5,74212.01,91402.46,110012.87,116465.62,121029.74,129746.1,141991.07,139579.09,133557.28,126024.26,128396.02,114688.3,120096.62,139212.91,116667.32,118066.67,119630.08,117562.38,109055.29,81012.69,113957.25,111373.73,111726.59,104759.62,110882.29,119226.6,111083.91,114889.97,119667.91,106346.72,6651.61,2262.69,2037.65,2962.82,2300.19,3100.35,67012.72,136624.66,116150.47,125961.18,122152.09,118041.46,110101.06,119188.78,105691.7,113667.37,118924.0,111789.59,114461.42,100742.3,9378.19,2387.71,2487.72,3412.92,1962.64,1462.58,787.52,1450.08,475.01,1125.05,200.0,262.5,500.01,462.51,1575.09,98979.58,98173.84,125633.21,135564.26,54834.0,6026.32,57632.9,17448.55,122643.92,130919.62,96927.55,64475.64,37187.66,116389.98,101762.26,109458.46,99181.03,54332.01,6676.62,109760.87,116301.75,73219.22,124157.4,115721.89,119667.91,21178.78,2362.7,700.02,212.5,262.5,62.5,137.5,512.51,662.52,737.52,562.51,400.01,1037.54,987.54,512.51,575.01,1837.62,87.5
0.0,81100.7,93441.07,132547.6,126263.94,140627.18,129443.26,129683.01,135387.54,128042.76,120273.15,106384.51,124762.84,133367.96,125923.34,115532.8,134693.28,111701.38,122013.36,110378.27,109193.89,121874.65,112608.73,113490.93,117297.65,132951.47,115293.31,112482.71,113440.52,115343.73,10203.78,2450.22,2100.16,2612.75,1525.08,1975.14,53616.72,131209.88,118369.25,116453.02,122643.92,110403.47,132673.81,115810.12,121471.1,114952.98,101271.16,71937.48,53679.46,16422.29,2012.65,1562.59,1825.12,1787.62,1937.64,2075.16,12205.41,46779.35,45913.94,1475.08,537.51,462.51,337.5,412.51,750.02,2250.18,71598.23,125355.69,108400.15,144378.21,27427.3,18424.82,95920.54,75732.76,169588.26,70002.55,80107.42,46051.91,99546.14,143494.03,116932.05,49940.43,11980.21,90332.93,43129.96,94309.47,60972.24,124296.15,136902.41,128585.28,62968.7,3938.06,1187.55,212.5,287.5,362.5,187.5,175.0,525.01,1712.61,625.01,350.0,437.51,862.53,837.53,475.01,237.5,37.5,62.5
25.0,82094.07,91427.62,68180.94,103953.54,131815.62,122782.66,133405.83,134276.74,125204.32,88898.63,129708.24,120159.67,102127.45,63860.29,100704.52,120903.64,122089.03,122606.09,123022.28,123476.32,118432.29,116881.62,116818.59,113692.58,127033.47,122114.25,106812.81,107467.87,13769.38,3012.83,2075.16,1987.64,2250.18,1937.64,51797.27,142155.25,119680.52,118495.33,109886.86,125986.42,115873.15,120449.69,121244.12,117701.06,86546.22,54407.31,57030.4,12130.34,2187.67,1300.06,725.02,1175.05,1300.06,2162.67,16484.87,116024.42,132572.83,125179.09,6001.31,862.53,600.01,475.01,412.51,975.03,1875.13,4438.22,54670.85,17010.5,61336.35,38792.08,5225.99,79994.26,161845.89,116238.71,118646.63,101258.57,41286.82,96789.08,66698.7,104633.67,83175.53,15733.99,82106.65,115230.29,102933.43,70278.95,77831.92,132888.36,69223.62,13481.6,1525.08,400.01,137.5,212.5,275.0,187.5,325.0,675.02,700.02,725.02,1237.56,112.5,600.01,737.52,487.51,112.5,50.0,50.0
12.5,77593.07,19588.93,40572.2,122240.37,123690.74,129077.35,124586.26,126402.7,117789.31,103034.17,130414.87,89842.23,104432.14,117852.35,120752.32,112696.94,118028.85,120941.47,96109.35,104205.43,103877.98,108992.3,119529.21,109067.89,104066.9,115822.73,117864.96,35621.03,2450.22,2512.73,1975.14,1950.14,23307.21,87464.49,128673.6,126882.08,119150.95,118634.02,120588.39,132459.26,110983.11,119592.25,110353.07,80358.88,56227.1,32776.47,33089.73,6576.57,2025.15,2037.65,2137.67,2612.75,1412.57,19864.32,104747.02,132787.39,133582.53,114247.15,4650.79,2062.65,2275.19,2487.72,2125.16,1700.1,712.52,9565.82,15083.26,23194.53,70291.51,17961.71,25260.66,122782.66,142130.0,96789.08,89238.33,127273.17,85200.36,105590.93,85854.41,56515.78,26713.39,48033.66,85942.45,25573.73,65467.81,125847.65,125015.12,90924.31,18850.4,1687.6,1162.55,500.01,137.5,62.5,187.5,175.0,362.5,662.52,812.52,912.53,562.51,425.01,287.5,87.5,125.0,25.0,1000.04,37.5
0.0,38152.8,62692.44,166273.18,149785.53,171638.44,169018.81,165906.3,177879.42,141864.77,178107.34,167854.7,155536.27,160163.88,165109.29,158444.16,162288.55,152136.09,165223.16,158102.76,154082.56,113188.45,133519.42,161377.95,164691.85,151188.22,143582.45,96071.58,4338.18,2975.32,2775.28,6001.31,85904.71,175752.36,157988.97,171954.85,171613.13,152704.83,147132.13,168436.76,164856.3,140955.51,147650.14,103109.73,79617.08,81666.54,76813.72,69173.37,42716.18,29819.76,25423.46,35433.05,49978.06,100843.03,176068.86,148041.81,149406.44,147296.38,127260.55,5025.92,1287.56,2562.74,3487.94,3050.34,2912.81,2375.2,63244.96,122051.2,151200.87,154524.98,13193.82,17686.35,51395.77,133001.94,68758.8,82521.61,51245.21,158520.02,124497.96,138101.8,122669.16,32112.41,66887.11,143291.93,108274.16,118243.18,146942.63,144403.47,53993.18,3112.85,1275.06,537.51,662.52,37.5,137.5,137.5,1200.05,62.5,62.5,212.5,712.52,337.5,212.5,87.5,0.0,100.0,237.5,875.03,125.0
0.0,83200.68,99923.87,111991.23,129455.89,145995.13,124157.4,138316.43,120903.64,144352.95,121660.26,138265.93,136309.06,135450.65,127550.72,129645.16,100893.4,123968.22,129683.01,126415.32,127336.25,126125.17,121445.88,103235.67,115734.49,131399.16,73721.89,2862.8,2250.18,2562.74,27277.0,113213.65,126301.79,114952.98,134175.76,122959.23,126894.69,137457.9,138606.84,136927.65,130654.63,118331.42,97695.46,76562.32,96776.5,98815.91,133014.57,112911.2,129039.49,121735.93,127285.79,128484.34,145300.33,134516.56,129960.6,141410.13,137571.54,140235.71,139680.11,76989.7,31736.54,10316.36,31060.0,94611.53,88709.93,68972.36,131424.4,158747.62,57143.36,42678.56,14695.34,107140.33,153172.49,91188.55,57017.85,108009.58,31536.08,71434.88,122051.2,27577.6,44810.32,107304.1,27239.42,74362.82,60909.46,148509.31,149621.26,36072.2,2687.76,1087.54,462.51,475.01,175.0,112.5,162.5,300.0,337.5,337.5,675.02,1037.54,975.03,100.0,37.5,75.0,25.0,562.51,987.54,925.03,250.0
0.0,68859.3,80145.13,109823.85,112482.71,115936.18,133506.8,123072.73,122391.7,125242.18,114751.31,117764.09,140096.8,120865.81,122858.33,129468.5,119125.74,115066.42,118041.46,112961.6,112911.2,106384.51,112079.43,100515.65,106775.01,87338.7,3425.43,3913.06,2550.24,3187.87,106913.59,129872.28,127967.06,120500.12,129947.99,121622.43,134844.74,128825.0,127134.39,115305.92,107014.37,112949.0,95656.21,110945.3,116856.41,110529.47,123261.92,122782.66,122618.7,119781.39,132383.52,89854.81,123022.28,126478.4,139831.63,133973.81,121609.82,130477.97,115331.13,138669.96,117045.51,133620.4,137180.15,130364.4,119617.47,126175.64,121824.2,36022.07,82521.61,34793.92,50542.62,115873.15,127008.24,32275.29,116440.41,60344.48,71661.05,36849.26,150000.35,91075.3,13043.68,94800.32,75368.27,135084.59,86873.27,79667.37,81880.31,7577.08,1775.11,537.51,225.0,600.01,162.5,87.5,612.51,537.51,875.03,500.01,862.53,375.01,62.5,37.5,62.5,62.5,587.51,925.03,862.53,1000.04,62.5
0.0,69600.51,84596.65,112419.69,115797.51,133229.13,109357.68,120537.95,133203.88,123905.15,115116.85,133658.25,109269.47,115394.16,133203.88,114927.77,132068.02,125343.08,115910.96,120399.25,129115.2,131790.38,131184.63,113780.8,43380.75,3312.9,3150.36,2187.67,1925.13,39005.19,107404.89,118117.1,137154.9,126200.86,129632.53,117461.53,133241.75,125153.87,127929.21,122152.09,116755.56,114398.39,120159.67,119907.47,116679.92,130806.06,124472.73,141599.56,127197.48,128812.38,131727.29,130061.55,114423.6,134365.09,141359.62,127475.03,134087.41,107707.24,137167.53,129279.24,120046.18,132219.46,121546.77,137773.54,131790.38,145679.3,135046.71,117045.51,63483.55,5013.41,33465.63,121912.48,136675.16,118797.93,46704.1,22919.06,87590.29,129708.24,52525.02,119907.47,74501.06,122328.64,84848.2,131765.14,114385.79,88546.38,11642.42,1737.61,637.51,475.01,812.52,112.5,87.5,225.0,487.51,850.03,737.52,537.51,312.5,37.5,137.5,87.5,125.0,825.02,950.03,875.03,775.02,875.03,550.01
12.5,65128.71,94573.77,103235.67,116894.23,119251.82,127954.43,121080.18,122051.2,117713.67,126402.7,117272.43,116692.53,133948.56,132004.91,113175.86,118570.97,126163.03,125494.45,121281.95,124989.9,118583.58,113932.05,82018.62,3975.57,2650.26,2937.81,1987.64,3750.51,2687.76,14920.58,33315.27,113932.05,129266.62,126238.71,123741.19,133001.94,122845.72,125633.21,121546.77,124308.77,112621.33,128358.17,130086.79,116957.27,121559.38,132812.64,122845.72,144630.84,137824.04,144959.27,139680.11,129884.9,113465.73,133519.42,137293.78,100049.78,116289.14,137016.03,116982.47,94171.02,95089.8,130288.69,141182.82,154196.32,134074.78,147018.44,131121.54,10016.14,5963.79,93516.59,138909.87,141687.97,111537.55,113112.83,85313.56,87678.35,94976.53,111436.75,35169.87,79692.52,129733.47,141687.97,134567.06,79868.54,14370.0,2112.66,1212.55,375.01,437.51,437.51,112.5,200.0,662.52,750.02,862.53,837.53,37.5,87.5,25.0,25.0,137.5,1137.55,1037.54,662.52,787.52,487.51,1087.54,225.0
12.5,73520.81,91415.04,97657.69,113049.82,130137.26,130982.72,136157.58,120121.84,122543.03,126667.62,132522.35,115419.36,132295.19,123968.22,130742.96,134213.63,119844.44,133645.65,130982.72,133557.28,120462.3,83477.35,5000.91,4600.77,2125.16,2212.68,2362.7,2150.17,2575.24,3825.53,3350.41,42490.48,121269.34,135942.97,122845.72,128799.77,119768.79,135879.85,126503.63,120941.47,120046.18,134630.17,130629.39,131714.65,136713.04,135463.27,134756.39,142521.51,134491.31,129821.8,134352.47,128105.84,141978.43,107946.6,49426.08,23933.29,46127.16,54332.01,85514.8,81918.03,123362.82,130503.2,141296.48,139414.93,135829.36,130137.26,29932.51,3475.44,43380.75,73545.95,30208.11,102341.54,52838.72,72477.81,94687.04,114347.98,96902.38,106447.5,144466.63,120285.76,50630.44,127651.65,77077.69,6301.44,1537.59,937.53,487.51,675.02,550.01,100.0,87.5,437.51,525.01,825.02,887.53,87.5,175.0,75.0,137.5,475.01,987.54,937.53,1125.05,1225.05,737.52,662.52,200.0,50.0
0.0,114965.59,149494.89,136296.44,173676.26,176676.58,176524.65,176106.85,164881.6,157255.64,165602.68,161719.41,159544.25,176018.22,159190.19,179614.24,199586.5,181235.27,168373.49,174650.98,163110.68,126125.17,4575.76,3913.06,2937.81,2175.17,3112.85,3025.33,2725.27,4288.17,3462.94,28304.07,159822.45,176271.44,174347.16,168740.43,161200.88,169676.83,168310.21,161365.29,172853.5,173537.02,172954.76,162288.55,152704.83,165084.0,168917.59,157685.53,154701.94,167943.28,132635.94,114032.88,106989.16,78674.18,5676.17,1712.61,1150.05,1537.59,1225.05,1650.1,7051.81,51558.88,175486.5,168753.09,163958.17,135286.55,141258.58,7589.59,3387.92,70505.1,145009.79,150430.0,140336.73,145186.64,122757.44,103991.32,125696.28,151339.88,166791.9,132686.43,153058.73,143683.5,79114.2,12080.3,2050.15,1087.54,475.01,687.52,800.02,50.0,200.0,325.0,850.03,1062.54,1200.05,112.5,75.0,75.0,537.51,1612.59,800.02,1600.09,1175.05,1025.04,1037.54,450.01,275.0,1100.04,1100.04
0.0,87313.54,93327.81,115066.42,123438.48,137710.42,124800.69,125191.71,141561.69,138682.6,141397.5,129506.35,152123.45,145072.95,132421.39,145704.57,132598.09,146538.35,144011.91,133708.74,74463.36,4888.37,3275.39,2487.72,3100.35,4838.35,42177.02,69185.93,85917.29,89477.37,91767.37,132572.83,132812.64,126983.01,139983.16,135223.44,148218.69,133746.61,142609.92,146121.46,135917.73,122404.31,139806.38,145628.78,136334.3,147384.82,132964.08,150114.08,145426.65,122316.03,22130.28,2512.73,1375.07,912.53,1050.04,1562.59,837.53,600.01,587.51,900.03,912.53,962.53,7364.47,104759.62,127903.98,62215.28,23332.26,2125.16,22242.96,104797.4,135879.85,107493.07,125633.21,85124.9,112407.09,106170.36,139212.91,143001.44,91440.21,97368.15,116982.47,56490.68,4725.81,1250.06,875.03,187.5,737.52,362.5,112.5,37.5,275.0,475.01,650.02,1200.05,450.01,50.0,50.0,37.5,1025.04,887.53,825.02,712.52,1087.54,325.0,412.51,962.53,962.53,975.03,250.0
12.5,74840.4,79466.22,108286.76,117247.21,124384.45,120424.47,118356.64,124825.92,137521.02,131967.06,118394.47,137306.4,134188.38,141725.86,131310.83,128648.37,123463.71,114436.2,112419.69,4888.37,2412.71,2437.72,2875.3,33578.41,104066.9,140627.18,116705.14,131222.49,117335.45,129304.47,127033.47,131537.98,124523.18,125153.87,124901.6,130578.92,135980.84,119050.09,128862.86,135236.06,132080.64,124611.49,130427.49,128042.76,121698.09,116717.74,109672.66,115444.57,41462.35,2012.65,937.53,700.02,537.51,1437.58,625.01,2237.68,887.53,500.01,612.51,675.02,662.52,800.02,17198.24,14032.15,1725.11,787.52,1037.54,17924.16,64877.53,123552.0,90999.8,56967.63,59628.87,132421.39,108274.16,122706.99,92283.3,88055.75,112054.23,57984.37,4513.24,862.53,862.53,212.5,475.01,237.5,50.0,62.5,200.0,462.51,300.0,1100.04,400.01,37.5,37.5,62.5,962.53,800.02,1037.54,975.03,1012.54,775.02,562.51,1312.56,1025.04,975.03,712.52,75.0
12.5,76059.55,83766.6,108387.54,128509.57,116843.8,127449.8,122328.64,124914.2,121080.18,122908.78,125822.43,123224.08,137243.28,131323.45,126566.7,121912.48,115671.46,122833.11,16584.99,3150.36,2275.19,4638.28,59440.56,137230.65,122997.06,128547.43,129947.99,114234.54,120399.25,128635.75,121256.72,127601.19,129657.77,133721.37,132497.12,131992.3,129556.83,131411.78,124712.39,114121.11,126919.94,127210.1,109748.27,106069.59,89590.6,118142.31,44007.73,24571.91,14144.76,1000.04,837.53,650.02,450.01,475.01,537.51,362.5,550.01,700.02,437.51,712.52,787.52,787.52,837.53,712.52,712.52,787.52,737.52,825.02,4738.32,92685.99,118772.71,102543.02,131588.46,121761.15,107946.6,78711.9,72490.37,60382.14,14282.41,1862.63,1237.56,500.01,150.0,675.02,112.5,87.5,50.0,62.5,562.51,525.01,437.51,600.01,212.5,12.5,37.5,837.53,850.03,837.53,1050.04,962.53,1050.04,325.0,150.0,850.03,1000.04,712.52,987.54,287.5
12.5,111310.73,123816.86,139894.77,171967.51,167917.97,174157.28,179487.6,176360.06,161605.58,174296.52,177005.77,194755.55,171448.6,183933.2,89162.84,81100.7,147296.38,66648.46,6901.73,13694.31,114448.81,187505.91,155940.81,160657.08,159898.33,158418.88,168626.55,164603.3,166893.12,162326.49,175511.82,156800.5,180728.68,169487.03,161592.95,165843.05,161049.12,168348.17,165261.11,156358.0,144504.52,152692.2,141107.05,156674.06,151049.22,74199.44,24258.86,2350.2,837.53,1087.54,687.52,1362.57,612.51,587.51,562.51,1000.04,650.02,887.53,825.02,700.02,650.02,887.53,762.52,1037.54,837.53,825.02,775.02,925.03,837.53,8540.15,31285.51,58160.11,78523.33,88596.7,73445.41,31661.37,5713.69,1325.06,1150.05,937.53,625.01,150.0,750.02,250.0,112.5,25.0,25.0,1150.05,562.51,200.0,325.0,87.5,37.5,312.5,387.51,650.02,1287.56,1475.08,1587.59,1337.56,525.01,487.51,337.5,1312.56,1050.04,837.53,1062.54,75.0
0.0,73671.61,99621.69,107228.52,143721.38,134011.67,143531.92,145616.14,153690.73,101951.15,132017.54,151592.64,141107.05,127916.59,141233.33,52625.4,103915.76,121925.09,60231.49,27540.02,39606.9,144188.74,131235.11,139692.74,139263.42,142698.32,129405.41,128812.38,130642.01,127538.1,136574.17,135703.12,136523.67,144820.32,134238.87,131134.16,147536.43,129077.35,139187.65,118255.78,108286.76,122606.09,129884.9,135640.01,133342.72,108211.16,16547.44,1287.56,925.03,462.51,600.01,400.01,637.51,662.52,1612.59,650.02,462.51,362.5,512.51,487.51,587.51,325.0,1425.07,150.0,1362.57,737.52,525.01,1037.54,400.01,587.51,725.02,812.52,850.03,937.53,2425.21,1500.08,1012.54,912.53,800.02,400.01,75.0,525.01,562.51,450.01,37.5,37.5,300.0,387.51,637.51,900.03,100.0,12.5,0.0,37.5,850.03,987.54,937.53,1087.54,875.03,1187.55,1225.05,1050.04,1225.05,1100.04,1325.06,1287.56,937.53,1137.55,75.0
0.0,75091.76,88043.17,117297.65,138480.57,127765.2,140614.55,132143.74,116982.47,125582.75,138063.92,129847.04,123640.29,141511.16,121672.87,121773.76,125456.61,87087.11,55499.16,101888.19,112759.95,137218.02,117587.6,117738.88,122025.98,133102.92,115192.47,126528.86,123753.8,131172.01,126011.64,130717.72,133860.21,124333.99,120033.57,111776.99,130793.44,131575.83,109483.67,119251.82,128383.4,142369.95,130679.87,117675.84,73244.34,4863.36,625.01,787.52,387.51,350.0,375.01,550.01,312.5,400.01,387.51,337.5,237.5,237.5,100.0,62.5,75.0,12.5,550.01,50.0,2162.67,50.0,375.01,212.5,75.0,200.0,337.5,362.5,500.01,500.01,600.01,512.51,425.01,237.5,50.0,175.0,550.01,1075.04,87.5,100.0,50.0,50.0,75.0,387.51,425.01,137.5,75.0,50.0,87.5,837.53,1112.54,850.03,300.0,812.52,1112.54,1050.04,950.03,912.53,837.53,812.52,812.52,1375.07,762.52,1412.57,25.0
0.0,71020.23,87602.87,105716.9,118407.08,133216.51,121862.04,121685.48,136132.33,125393.53,142306.8,142635.17,122479.98,129506.35,124775.47,124813.31,114007.67,77479.95,101057.09,124371.83,112608.73,123400.65,111877.8,128257.24,118507.94,122252.98,121054.96,130705.11,114612.66,117612.81,134011.67,120941.47,107845.82,98941.81,125380.92,123589.83,120954.08,115898.37,148913.64,129556.83,123829.47,122479.98,111046.11,91578.62,2787.78,787.52,562.51,375.01,325.0,475.01,500.01,475.01,437.51,387.51,137.5,200.0,137.5,25.0,62.5,125.0,75.0,50.0,50.0,1000.04,75.0,25.0,50.0,37.5,12.5,25.0,25.0,62.5,125.0,62.5,112.5,212.5,137.5,287.5,550.01,687.52,637.51,212.5,200.0,50.0,50.0,337.5,500.01,375.01,312.5,1000.04,212.5,100.0,75.0,312.5,912.53,1225.05,275.0,775.02,1050.04,1087.54,787.52,1150.05,962.53,925.03,462.51,1050.04,962.53,937.53,62.5
0.0,65643.65,82961.75,103588.31,135160.32,115709.28,106951.38,119428.35,135273.93,118407.08,142079.47,122820.5,124270.93,113793.41,114070.68,131575.83,87904.78,111625.77,106283.74,119251.82,111802.19,126263.94,123791.64,117751.49,121824.2,121647.65,113075.03,130074.17,125809.81,119100.53,122744.83,116137.87,113944.66,121206.28,122442.14,126251.32,119327.47,115167.26,102983.79,129935.37,142887.77,110290.07,92899.93,88747.67,3888.05,675.02,300.0,500.01,200.0,412.51,350.0,400.01,337.5,337.5,200.0,112.5,175.0,125.0,212.5,87.5,300.0,175.0,112.5,575.01,337.5,300.0,337.5,225.0,150.0,312.5,287.5,125.0,112.5,50.0,175.0,162.5,325.0,687.52,612.51,700.02,775.02,725.02,200.0,212.5,550.01,650.02,550.01,650.02,1025.04,700.02,175.0,125.0,25.0,587.51,825.02,1087.54,1150.05,975.03,1150.05,4025.59,612.51,825.02,737.52,162.5,1237.56,687.52,675.02,787.52,25.0
0.0,62792.9,91679.29,97456.27,135337.04,115633.65,123261.92,128282.47,110831.9,117600.2,115784.91,112495.3,108122.98,118848.35,107077.36,104104.68,102555.62,124876.37,130919.62,113112.83,123779.02,112986.81,113616.96,100540.83,107266.31,96977.91,106170.36,115885.76,121105.4,118785.32,107518.26,107001.76,104268.41,106850.6,110995.71,134705.9,135463.27,111638.37,116944.66,123476.32,111890.41,117549.78,106094.79,29631.86,1737.61,700.02,600.01,362.5,300.0,275.0,437.51,275.0,100.0,62.5,87.5,150.0,87.5,125.0,387.51,625.01,762.52,650.02,2625.25,262.5,487.51,787.52,662.52,562.51,287.5,50.0,200.0,225.0,312.5,487.51,587.51,887.53,612.51,762.52,787.52,300.0,687.52,662.52,325.0,750.02,650.02,587.51,587.51,662.52,600.01,112.5,37.5,37.5,275.0,387.51,850.03,737.52,612.51,812.52,3400.42,712.52,950.03,987.54,850.03,87.5,800.02,850.03,975.03,1037.54,75.0
