2750.28,850.03,1010.04,890.03,900.03,330.0,1500.08,610.01,1560.09,910.03,420.01,400.01,1680.1,1610.09,1090.04,2590.25,2830.29,760.02,780.02,1190.05,1110.05,2450.22,3700.5,2090.16,910.03,940.03,2440.22,1130.05,790.02,1290.06,1770.11,2420.21,1440.08,710.02,1470.08,1690.1,990.04,560.01,1790.12,970.03,1200.05,1190.05,1020.04,940.03,600.01,2190.18,980.04,790.02,620.01,1110.05,1770.11,920.03,2460.22,1730.11,1330.06,860.03,1180.05,760.02,1690.1,1520.08,1180.05,1710.11,2260.19,1240.06,1430.07,1110.05,1100.04,1340.07,940.03,790.02,5261.01,790.02,680.02,1600.09,550.01,1280.06,860.03,280.0,700.02,390.01,590.01,310.0,280.0,510.01,540.01,530.01,330.0,740.02,320.0,280.0,320.0,400.01,320.0,390.01,680.02,300.0,280.0,250.0,270.0,360.0,280.0,2560.24,840.03,1510.08,650.02,1470.08,1100.04,640.02,570.01
1580.09,460.01,230.0,640.02,320.0,260.0,600.01,380.01,440.01,400.01,310.0,290.0,850.03,430.01,330.0,3080.35,890.03,480.01,420.01,840.03,780.02,510.01,300.0,690.02,930.03,550.01,300.0,860.03,450.01,450.01,560.01,470.01,610.01,610.01,540.01,910.03,500.01,380.01,410.01,950.03,380.01,530.01,1380.07,1260.06,470.01,450.01,330.0,640.02,450.01,780.02,470.01,520.01,590.01,420.01,730.02,410.01,680.02,640.02,810.02,1930.14,280.0,370.0,410.01,470.01,610.01,310.0,370.0,490.01,440.01,210.0,310.0,260.0,180.0,310.0,1210.05,240.0,210.0,180.0,160.0,14217.4,210.0,270.0,150.0,170.0,190.0,1270.06,190.0,200.0,280.0,120.0,290.0,220.0,130.0,110.0,210.0,210.0,140.0,290.0,180.0,210.0,110.0,190.0,230.0,310.0,820.02,1440.08,310.0,1270.06,100.0
220.0,430.01,270.0,270.0,300.0,300.0,210.0,210.0,210.0,220.0,150.0,260.0,310.0,320.0,400.01,450.01,290.0,320.0,440.01,290.0,210.0,380.01,320.0,350.0,210.0,390.01,350.0,200.0,230.0,150.0,230.0,300.0,240.0,200.0,280.0,290.0,250.0,290.0,340.0,410.01,1310.06,2040.15,5951.3,3860.55,3330.41,5291.02,5371.06,5000.92,8312.53,3780.52,3960.57,5871.26,3000.33,3590.47,3060.34,3650.49,1830.12,970.03,280.0,250.0,380.01,250.0,270.0,180.0,220.0,340.0,220.0,220.0,220.0,70.0,340.0,280.0,330.0,150.0,260.0,270.0,200.0,730.02,200.0,230.0,100.0,180.0,410.01,260.0,160.0,1130.05,140.0,220.0,170.0,80.0,140.0,200.0,430.01,160.0,280.0,140.0,190.0,150.0,150.0,180.0,170.0,220.0,320.0,570.01,190.0,310.0,350.0,240.0,130.0
280.0,230.0,180.0,250.0,180.0,240.0,180.0,230.0,310.0,180.0,490.01,250.0,250.0,180.0,280.0,270.0,280.0,450.01,450.01,130.0,180.0,220.0,100.0,280.0,220.0,320.0,540.01,190.0,200.0,260.0,140.0,130.0,250.0,280.0,320.0,510.01,2950.32,3730.51,5781.22,7532.08,6281.44,6731.66,7422.02,6611.6,3470.44,7331.97,15118.37,26315.34,19453.85,3490.45,4700.81,5401.07,5160.98,3480.44,4520.75,4360.7,3730.51,4760.83,4490.74,3120.36,2930.31,1740.11,460.01,380.01,1420.07,240.0,110.0,350.0,160.0,180.0,220.0,280.0,220.0,1150.05,240.0,990.04,2690.27,120.0,250.0,210.0,180.0,350.0,240.0,160.0,240.0,160.0,120.0,150.0,140.0,240.0,210.0,170.0,220.0,150.0,150.0,110.0,140.0,260.0,160.0,150.0,230.0,230.0,1480.08,390.01,260.0,430.01,310.0,410.01,130.0
140.0,110.0,170.0,200.0,210.0,210.0,220.0,240.0,140.0,210.0,180.0,180.0,190.0,270.0,240.0,210.0,1010.04,190.0,300.0,190.0,230.0,120.0,230.0,190.0,310.0,360.0,250.0,240.0,200.0,190.0,300.0,250.0,2090.16,5651.17,7582.1,8192.46,11494.84,14377.57,45997.35,48576.26,36849.66,34704.05,47161.31,40469.89,42084.76,33180.27,26686.05,13466.64,7822.24,31345.94,17631.38,23820.76,39366.67,27647.97,34423.34,45947.19,28108.91,35646.47,3560.46,1850.13,3840.54,3210.38,3600.47,4350.69,2550.24,730.02,300.0,200.0,310.0,220.0,260.0,310.0,230.0,210.0,230.0,32047.57,5371.06,740.02,470.01,140.0,200.0,200.0,190.0,550.01,140.0,140.0,170.0,140.0,150.0,120.0,200.0,250.0,210.0,160.0,230.0,130.0,140.0,190.0,130.0,150.0,130.0,250.0,230.0,150.0,220.0,290.0,380.01,350.0,160.0
140.0,100.0,90.0,170.0,140.0,250.0,150.0,150.0,110.0,100.0,300.0,150.0,170.0,310.0,330.0,210.0,8432.6,290.0,430.01,280.0,240.0,170.0,160.0,220.0,150.0,200.0,200.0,230.0,230.0,1230.06,6181.4,6421.51,4900.88,2960.32,10273.86,7902.29,41272.29,19113.37,6041.34,15488.78,1860.13,4460.73,1610.09,980.04,570.01,700.02,1590.09,1210.05,430.01,4020.59,740.02,3780.52,2710.27,720.02,1450.08,670.02,2480.23,16239.65,31716.8,30884.89,40169.01,11214.6,5180.98,1370.07,2370.21,3870.55,3590.47,1960.14,400.01,210.0,320.0,200.0,200.0,120.0,150.0,190.0,210.0,490.01,160.0,160.0,220.0,140.0,130.0,340.0,390.01,210.0,120.0,140.0,120.0,130.0,100.0,130.0,210.0,400.01,260.0,130.0,140.0,130.0,160.0,180.0,60.0,100.0,330.0,490.01,220.0,450.01,230.0,610.01,80.0
90.0,140.0,110.0,70.0,240.0,1130.05,90.0,150.0,100.0,160.0,130.0,80.0,270.0,980.04,170.0,170.0,3440.43,1390.07,240.0,290.0,230.0,90.0,200.0,120.0,170.0,220.0,360.0,3110.35,7622.13,4320.68,6691.64,49951.21,36258.08,20435.28,10233.83,4210.65,3370.42,1050.04,800.02,1330.06,740.02,580.01,2470.22,540.01,3650.49,1180.05,1000.04,1080.04,620.01,1920.14,560.01,1620.1,910.03,460.01,2740.27,830.03,1680.1,2910.31,3050.34,4020.59,4810.85,43087.89,11925.21,17801.6,3670.49,2380.21,3910.56,4280.67,3500.45,700.02,240.0,200.0,240.0,200.0,240.0,150.0,370.0,240.0,230.0,270.0,140.0,200.0,200.0,160.0,270.0,170.0,120.0,9703.45,310.0,290.0,150.0,120.0,400.01,130.0,200.0,180.0,240.0,210.0,290.0,180.0,130.0,370.0,400.01,850.03,330.0,580.01,280.0,650.02,130.0
110.0,90.0,150.0,200.0,240.0,200.0,240.0,190.0,280.0,380.01,190.0,150.0,140.0,350.0,410.01,1900.13,2920.31,1860.13,160.0,260.0,280.0,230.0,210.0,280.0,190.0,2750.28,4260.66,5221.0,3960.57,40750.72,24642.22,3900.56,880.03,2020.15,3820.53,850.03,1080.04,3820.53,2810.29,2520.23,840.03,760.02,1630.1,1200.05,1140.05,760.02,750.02,380.01,960.03,450.01,380.01,760.02,1440.08,1360.07,1990.15,840.03,1660.1,1130.05,700.02,810.02,820.02,3520.45,1610.09,8402.58,21216.47,34022.34,16499.96,3320.4,3450.44,3740.51,3160.37,2340.2,430.01,260.0,420.01,210.0,230.0,310.0,180.0,320.0,130.0,210.0,170.0,180.0,90.0,230.0,100.0,80.0,110.0,130.0,4320.68,220.0,170.0,230.0,200.0,70.0,260.0,170.0,110.0,160.0,200.0,180.0,220.0,600.01,350.0,240.0,300.0,360.0,150.0
190.0,160.0,150.0,360.0,270.0,150.0,140.0,190.0,130.0,130.0,310.0,140.0,110.0,160.0,610.01,4860.87,2000.15,370.0,290.0,530.01,240.0,180.0,180.0,3350.41,7922.3,5721.2,7031.81,35205.33,22047.79,6581.59,3580.47,970.03,510.01,870.03,990.04,630.01,550.01,960.03,1860.13,990.04,1090.04,930.03,890.03,630.01,3820.53,680.02,770.02,270.0,390.01,520.01,890.03,490.01,820.02,830.03,1320.06,950.03,930.03,750.02,2370.21,1330.06,750.02,1000.04,900.03,1950.14,3010.33,7532.08,22999.36,16570.05,3060.34,3240.38,6161.39,3730.51,1890.13,250.0,200.0,310.0,420.01,210.0,230.0,180.0,240.0,130.0,200.0,110.0,130.0,180.0,200.0,220.0,470.01,340.0,150.0,180.0,180.0,130.0,180.0,120.0,180.0,210.0,270.0,140.0,90.0,390.01,450.01,390.01,310.0,360.0,440.01,620.01,90.0
180.0,80.0,260.0,290.0,280.0,150.0,380.01,560.01,110.0,170.0,270.0,210.0,210.0,3920.56,8662.75,3390.42,600.01,400.01,230.0,340.0,9703.45,2270.19,7111.85,5351.05,12155.41,17080.68,22859.12,1700.11,4310.68,910.03,4010.59,1520.08,2910.31,850.03,750.02,940.03,570.01,710.02,750.02,850.03,1550.09,800.02,850.03,1150.05,650.02,1170.05,700.02,850.03,770.02,1230.06,690.02,1260.06,880.03,720.02,450.01,480.01,1460.08,1030.04,1150.05,490.01,2830.29,800.02,830.03,5351.05,1820.12,3350.41,3460.44,18913.09,10223.83,5531.12,5691.19,3700.5,3600.47,2270.19,280.0,560.01,160.0,350.0,190.0,170.0,170.0,250.0,130.0,180.0,230.0,140.0,250.0,200.0,190.0,170.0,160.0,220.0,130.0,170.0,120.0,200.0,170.0,120.0,200.0,200.0,180.0,200.0,220.0,230.0,1000.04,520.01,1640.1,890.03,290.0
300.0,200.0,170.0,340.0,110.0,200.0,260.0,210.0,430.01,290.0,770.02,1720.11,270.0,5511.11,8442.61,890.03,350.0,270.0,310.0,510.01,6311.46,5231.0,15558.86,24792.49,17501.21,2460.22,670.02,8132.42,1030.04,2350.2,770.02,1110.05,1280.06,2090.16,820.02,890.03,760.02,610.01,890.03,1190.05,900.03,6121.37,640.02,1440.08,670.02,700.02,670.02,1440.08,600.01,500.01,800.02,790.02,780.02,960.03,1430.07,550.01,2370.21,730.02,870.03,400.01,1260.06,1270.06,1220.05,1260.06,440.01,770.02,530.01,800.02,16169.57,50824.42,19123.38,3480.44,4040.6,3470.44,2550.24,480.01,160.0,340.0,210.0,200.0,580.01,200.0,170.0,250.0,220.0,310.0,220.0,170.0,130.0,160.0,140.0,180.0,220.0,310.0,160.0,340.0,1900.13,230.0,190.0,130.0,210.0,230.0,230.0,420.01,570.01,470.01,840.03,1160.05,620.01
190.0,110.0,190.0,250.0,290.0,190.0,250.0,1060.04,1800.12,1420.07,4050.6,2500.23,370.0,1730.11,370.0,390.01,370.0,300.0,3440.43,8812.84,9763.49,39888.19,29371.56,7181.89,790.02,640.02,740.02,510.01,830.03,3850.54,1980.14,1540.09,350.0,660.02,460.01,1010.04,410.01,810.02,1090.04,4450.73,2760.28,1280.06,880.03,930.03,780.02,600.01,1230.06,670.02,520.01,530.01,560.01,650.02,480.01,530.01,510.01,710.02,740.02,890.03,740.02,380.01,610.01,1630.1,1060.04,990.04,600.01,460.01,630.01,710.02,2260.19,7882.27,39787.89,7462.04,3680.5,3710.5,3700.5,10293.88,810.02,280.0,240.0,360.0,260.0,190.0,230.0,130.0,210.0,240.0,190.0,230.0,90.0,250.0,160.0,230.0,230.0,250.0,230.0,220.0,190.0,330.0,130.0,520.01,110.0,160.0,250.0,270.0,610.01,940.03,300.0,210.0,80.0
140.0,220.0,190.0,260.0,230.0,300.0,3210.38,6321.46,4690.81,4990.91,4980.91,420.01,440.01,270.0,370.0,360.0,280.0,5701.19,9513.31,9673.43,25684.14,5090.95,1680.1,820.02,6441.52,650.02,900.03,350.0,720.02,960.03,660.02,1530.09,1880.13,950.03,1390.07,1180.05,1720.11,900.03,900.03,1500.08,670.02,830.03,1550.09,1410.07,1180.05,720.02,760.02,790.02,650.02,480.01,830.03,980.04,1130.05,740.02,830.03,840.03,520.01,600.01,650.02,600.01,1000.04,1170.05,440.01,510.01,800.02,660.02,440.01,370.0,1560.09,6041.34,11014.44,50573.5,7862.26,3380.42,6491.54,3010.33,4080.61,1670.1,1070.04,210.0,140.0,190.0,330.0,250.0,250.0,170.0,210.0,160.0,160.0,170.0,230.0,190.0,160.0,140.0,160.0,110.0,170.0,160.0,190.0,1660.1,140.0,210.0,270.0,380.01,930.03,270.0,120.0,550.01,90.0
390.01,130.0,150.0,320.0,200.0,190.0,2480.23,1820.12,6231.42,6111.37,720.02,300.0,230.0,390.01,300.0,940.03,5611.15,6331.47,24451.88,22398.36,4530.75,2940.32,10524.06,870.03,510.01,970.03,1330.06,660.02,1560.09,2110.16,1480.08,2230.18,1240.06,390.01,1430.07,1040.04,860.03,850.03,940.03,1140.05,470.01,900.03,860.03,750.02,440.01,630.01,1350.07,2840.3,1030.04,780.02,950.03,1080.04,470.01,530.01,520.01,420.01,640.02,1180.05,600.01,330.0,590.01,740.02,350.0,640.02,820.02,1000.04,870.03,520.01,510.01,470.01,4510.74,15198.45,16249.66,3100.35,9032.99,2270.19,3370.42,2960.32,3230.38,1600.09,350.0,230.0,440.01,240.0,240.0,210.0,440.01,250.0,230.0,220.0,280.0,140.0,200.0,210.0,210.0,60.0,210.0,250.0,130.0,170.0,180.0,260.0,430.01,150.0,180.0,200.0,410.01,680.02,90.0
180.0,220.0,140.0,330.0,230.0,290.0,3760.52,6491.54,5341.04,3540.46,260.0,300.0,310.0,220.0,470.01,7472.04,10774.25,14037.21,27968.62,5090.95,1750.11,8632.73,700.02,1550.09,1140.05,1110.05,900.03,1340.07,1270.06,710.02,1480.08,590.01,530.01,1470.08,1150.05,1370.07,1000.04,1240.06,1370.07,1330.06,630.01,1560.09,1050.04,1030.04,1350.07,530.01,920.03,1360.07,1260.06,1040.04,1790.12,1210.05,1250.06,730.02,900.03,2610.25,640.02,380.01,1060.04,650.02,790.02,840.03,420.01,460.01,560.01,530.01,2260.19,620.01,420.01,1160.05,1130.05,3250.39,10303.89,9853.55,3940.57,8832.86,6351.48,3690.5,3010.33,7151.87,2700.27,620.01,330.0,210.0,180.0,200.0,220.0,100.0,210.0,210.0,160.0,150.0,210.0,200.0,160.0,100.0,120.0,180.0,150.0,80.0,190.0,200.0,400.01,260.0,790.02,330.0,190.0,370.0,60.0
360.0,150.0,190.0,230.0,300.0,5471.1,9083.02,7912.29,3480.44,430.01,280.0,340.0,140.0,3210.38,10464.01,22748.94,31526.36,20895.98,1620.1,1310.06,1880.13,820.02,850.03,1130.05,960.03,930.03,2260.19,2200.18,3190.37,7842.25,12856.05,8512.65,2400.21,4200.65,6981.78,4340.69,1890.13,1110.05,2170.17,3550.46,1960.14,2100.16,1580.09,1900.13,930.03,2960.32,1690.1,1100.04,920.03,1050.04,650.02,1280.06,1170.05,700.02,730.02,1890.13,1020.04,1670.1,1370.07,880.03,790.02,660.02,730.02,1040.04,910.03,790.02,540.01,4000.59,3410.43,460.01,770.02,1090.04,610.01,17591.33,2420.21,3290.4,2910.31,11594.92,2620.25,2150.17,3230.38,3650.49,3070.35,380.01,230.0,310.0,260.0,220.0,250.0,130.0,330.0,250.0,1680.1,270.0,170.0,250.0,220.0,130.0,140.0,130.0,200.0,220.0,320.0,330.0,460.01,170.0,310.0,540.01,160.0
190.0,190.0,190.0,290.0,3170.37,7652.14,7061.83,8532.67,450.01,540.01,210.0,330.0,930.03,14677.89,12695.9,17300.95,32348.28,2520.23,1340.07,1990.15,1480.08,1430.07,2970.32,3790.53,4920.89,5811.24,6791.69,5921.28,4580.77,4620.78,3080.35,2960.32,1140.05,2180.17,1430.07,3820.53,1200.05,2010.15,5911.28,4090.61,4250.66,7802.23,6031.33,2910.31,4730.82,4810.85,3380.42,820.02,930.03,1280.06,800.02,350.0,690.02,1000.04,490.01,1080.04,340.0,1140.05,950.03,520.01,640.02,860.03,600.01,670.02,820.02,970.03,480.01,460.01,6011.32,1290.06,750.02,480.01,590.01,1250.06,19854.43,28609.94,2100.16,10954.39,8002.34,2880.3,4790.84,4600.77,3040.34,2640.26,1030.04,150.0,200.0,170.0,220.0,190.0,100.0,160.0,120.0,170.0,180.0,300.0,210.0,160.0,190.0,80.0,150.0,540.01,240.0,280.0,600.01,500.01,310.0,380.01,100.0
270.0,180.0,260.0,5611.15,7402.01,7772.21,8142.43,550.01,310.0,270.0,180.0,330.0,8122.42,22949.27,18602.66,41633.38,8752.8,4560.76,1930.14,4640.79,3310.4,6721.65,3730.51,2830.29,2730.27,3430.43,2730.27,2750.28,810.02,3050.34,24672.27,7392.0,3210.38,1930.14,5591.14,5771.22,4010.59,3680.5,6921.75,13857.03,4670.8,5210.99,5341.04,3440.43,10263.86,4100.62,2190.18,3040.34,1530.09,1640.1,1570.09,790.02,960.03,930.03,1020.04,740.02,480.01,630.01,740.02,900.03,470.01,640.02,310.0,550.01,640.02,900.03,660.02,670.02,380.01,690.02,1090.04,360.0,1120.05,380.01,300.0,19844.41,5681.18,3110.35,1090.04,2690.27,10083.72,3650.49,4610.78,2170.17,3380.42,1380.07,440.01,210.0,180.0,230.0,280.0,160.0,280.0,280.0,280.0,80.0,150.0,200.0,130.0,230.0,140.0,180.0,350.0,170.0,120.0,270.0,810.02,220.0,160.0
180.0,390.01,270.0,7361.98,8262.5,8492.64,2010.15,500.01,240.0,320.0,260.0,3540.46,32067.61,28700.13,69928.63,20685.66,7291.95,5120.96,4140.63,3780.52,9263.14,3270.39,2500.23,4760.83,1170.05,1160.05,1410.07,1430.07,20675.64,31696.75,31937.31,8132.42,1870.13,4650.79,8042.37,21096.29,4660.8,22318.23,10403.96,5701.19,18132.03,7131.86,5010.92,3660.49,8462.62,5631.16,5291.02,3360.41,930.03,12305.54,6141.38,880.03,1040.04,640.02,940.03,1910.13,470.01,1270.06,940.03,580.01,500.01,590.01,660.02,840.03,350.0,560.01,3700.5,610.01,940.03,1910.13,860.03,350.0,370.0,8612.72,950.03,2290.19,9783.5,21637.13,17260.9,11564.9,15638.95,3560.46,5461.09,1680.1,3460.44,2600.25,470.01,260.0,230.0,200.0,130.0,160.0,190.0,310.0,150.0,240.0,210.0,160.0,130.0,140.0,180.0,230.0,1250.06,1140.05,260.0,180.0,740.02,230.0,160.0
290.0,260.0,4110.62,7862.26,15018.26,9583.36,1040.04,370.0,320.0,360.0,1050.04,5901.27,31626.59,29742.36,51647.5,32779.3,9723.46,10804.27,3340.41,3440.43,2430.22,4190.64,1850.13,1370.07,1350.07,14717.93,18983.19,17851.66,62593.15,22167.98,17130.74,4310.68,3650.49,1590.09,3460.44,49138.27,56245.62,55121.05,6991.79,11084.5,7432.02,5251.01,20305.09,52962.53,12555.77,9593.37,4090.61,2290.19,1120.05,12836.03,3190.37,4070.61,15919.28,1640.1,550.01,2920.31,950.03,990.04,510.01,540.01,620.01,860.03,1080.04,540.01,410.01,660.02,510.01,390.01,710.02,1660.1,530.01,410.01,510.01,710.02,580.01,650.02,1710.11,7201.9,29932.78,6851.72,4140.63,10403.96,5801.23,3380.42,5251.01,5811.24,2320.2,830.03,160.0,170.0,210.0,140.0,310.0,270.0,280.0,180.0,160.0,220.0,190.0,110.0,270.0,280.0,1350.07,310.0,410.01,810.02,1080.04,570.01,170.0
530.01,220.0,6021.33,12065.33,11164.56,3860.55,470.01,290.0,210.0,330.0,290.0,4910.88,25994.72,23640.45,19153.43,6051.34,1930.14,6031.33,3020.33,1700.11,1490.08,1960.14,1640.1,6211.41,24692.31,37020.12,37802.26,24071.2,37210.64,15448.74,7121.86,1620.1,1570.09,2240.18,13937.11,10704.19,10824.29,14397.59,11574.9,1470.08,9173.08,44181.37,94657.0,67526.58,10614.12,4460.73,2320.2,1500.08,1370.07,4650.79,7802.23,6781.68,6821.7,1420.07,2320.2,860.03,770.02,1030.04,650.02,630.01,990.04,680.02,800.02,1020.04,770.02,560.01,660.02,410.01,420.01,590.01,590.01,1370.07,480.01,520.01,380.01,2110.16,790.02,1670.1,3780.52,21817.42,34102.54,9683.43,2290.19,6561.58,8472.63,7021.81,4240.66,2520.23,430.01,330.0,120.0,180.0,180.0,210.0,200.0,200.0,200.0,140.0,230.0,150.0,580.01,290.0,450.01,880.03,5251.01,500.01,630.01,1030.04,130.0
430.01,1620.1,7502.06,8772.82,5150.97,490.01,340.0,220.0,240.0,460.01,180.0,1300.06,16309.74,13957.13,6581.59,43830.24,16479.94,3590.47,1770.11,2430.22,1300.06,1160.05,13396.57,6651.62,4820.85,4310.68,1950.14,1900.13,2190.18,2020.15,1340.07,1130.05,4010.59,6601.6,32338.25,19493.91,8882.89,5921.28,2920.31,5781.22,27848.37,45846.85,28088.86,15268.53,30904.94,25193.22,12015.28,15388.67,11685.0,22688.84,6381.49,3450.44,5811.24,4660.8,14297.48,1480.08,1040.04,11925.21,9983.65,770.02,480.01,590.01,610.01,650.02,660.02,490.01,630.01,680.02,520.01,850.03,770.02,1170.05,570.01,630.01,7371.99,560.01,960.03,820.02,580.01,4220.65,15598.91,28329.36,11414.77,4480.74,3820.53,9953.63,7542.08,4600.77,2340.2,430.01,370.0,260.0,250.0,200.0,210.0,300.0,210.0,120.0,190.0,490.01,190.0,220.0,950.03,380.01,920.03,760.02,360.0,560.01,150.0
520.01,3210.38,8752.8,6361.48,690.02,490.01,340.0,370.0,390.01,210.0,270.0,760.02,8342.55,16439.89,111937.01,35636.45,3860.55,3020.33,2310.2,1750.11,940.03,1380.07,11384.74,1990.15,1770.11,1090.04,1990.15,1470.08,1430.07,1140.05,2330.2,2040.15,25864.48,52149.41,57460.66,43719.89,13076.26,2840.3,7201.9,1720.11,7271.94,4160.63,1030.04,1440.08,5521.12,75407.67,28128.95,81492.48,75186.46,40189.06,6981.78,4330.69,1360.07,1550.09,6091.36,3450.44,4370.7,4030.59,3450.44,930.03,690.02,800.02,690.02,610.01,710.02,670.02,730.02,580.01,580.01,600.01,1030.04,810.02,910.03,480.01,920.03,570.01,710.02,2710.27,1420.07,650.02,2850.3,7021.81,12585.8,20715.71,8752.8,9813.53,2250.19,4760.83,5651.17,4200.65,730.02,500.01,190.0,260.0,270.0,200.0,160.0,170.0,170.0,140.0,880.03,260.0,520.01,510.01,220.0,340.0,1270.06,300.0,240.0
510.01,3480.44,9233.12,2120.16,440.01,560.01,390.01,390.01,320.0,360.0,210.0,360.0,7582.1,12345.58,82216.82,73185.63,4740.82,2160.17,1650.1,920.03,1350.07,1050.04,1630.1,1790.12,840.03,1590.09,1010.04,1000.04,1510.08,2620.25,3990.58,26866.41,58243.97,32839.45,51225.92,33029.91,12045.31,2670.26,1920.14,1400.07,1440.08,4130.62,6541.57,22819.05,74764.15,10253.85,1390.07,4360.7,66853.28,61548.42,25563.91,6581.59,5411.07,3380.42,3590.47,10083.72,4340.69,4740.82,7682.16,3910.56,2090.16,810.02,970.03,550.01,650.02,430.01,730.02,580.01,560.01,860.03,590.01,890.03,790.02,730.02,650.02,580.01,790.02,660.02,1060.04,550.01,380.01,4080.61,5631.16,2910.31,13426.6,18142.05,7912.29,4890.88,5251.01,5150.97,4300.68,1010.04,310.0,240.0,180.0,190.0,250.0,140.0,250.0,170.0,310.0,270.0,220.0,240.0,710.02,290.0,1040.04,420.01,380.01
680.02,4550.76,6241.43,1000.04,690.02,680.02,600.01,580.01,400.01,350.0,410.01,490.01,4820.85,10403.96,12415.64,99360.25,11614.94,2210.18,1240.06,1070.04,1550.09,1140.05,1920.14,1690.1,1170.05,1000.04,1390.07,930.03,910.03,1630.1,55080.88,52560.98,30163.28,26605.9,31215.64,20525.42,14597.8,2080.16,1810.12,1790.12,6461.53,40279.33,42124.89,49258.71,44833.49,55030.68,43739.96,52069.1,18702.8,6991.79,41523.05,17821.62,3080.35,3720.51,3350.41,1560.09,1040.04,5651.17,8062.38,4910.88,2320.2,810.02,580.01,800.02,630.01,340.0,620.01,780.02,810.02,540.01,600.01,810.02,780.02,460.01,920.03,450.01,1180.05,1210.05,1340.07,1400.07,3680.5,1160.05,830.03,560.01,850.03,1760.11,17751.53,27768.21,6081.35,4840.86,5811.24,5391.06,260.0,170.0,300.0,150.0,190.0,230.0,230.0,250.0,280.0,300.0,210.0,310.0,350.0,270.0,330.0,1310.06,110.0
450.01,4810.85,5461.09,630.01,620.01,450.01,720.02,500.01,380.01,430.01,270.0,290.0,1280.06,12475.7,18652.73,23169.64,53986.53,6171.39,1340.07,2770.28,1580.09,1460.08,1870.13,1400.07,2700.27,1300.06,1420.07,940.03,1110.05,17701.47,25664.1,49911.06,41262.26,25203.24,70069.34,17891.72,12695.9,2670.26,1040.04,6051.34,15208.47,51105.47,88415.37,57209.61,47111.14,46830.18,44361.96,5170.98,4690.81,14838.06,12145.4,50904.72,8792.83,7982.33,5150.97,2890.31,4350.69,3360.41,5180.98,4840.86,1570.09,790.02,2990.33,710.02,580.01,780.02,370.0,470.01,770.02,590.01,660.02,610.01,700.02,670.02,20765.78,530.01,690.02,1210.05,590.01,530.01,800.02,980.04,3000.33,2650.26,520.01,420.01,3510.45,8922.91,35836.97,5641.17,3140.36,3460.44,3170.37,380.01,280.0,240.0,150.0,170.0,130.0,210.0,150.0,280.0,590.01,300.0,320.0,1070.04,130.0,750.02,1250.06
1010.04,4160.63,4920.89,2800.29,610.01,690.02,460.01,410.01,380.01,420.01,390.01,360.0,190.0,10834.3,16249.66,24832.56,20455.31,51697.69,5941.29,3050.34,1750.11,1450.08,1020.04,970.03,1430.07,660.02,2410.21,1020.04,1070.04,7141.87,28269.24,56305.87,37732.07,56456.49,15879.23,18091.98,24211.45,2610.25,1240.06,8152.43,3480.44,1230.06,48415.69,46378.64,54769.64,56125.13,53223.54,50784.28,32077.64,31386.03,41332.47,46037.49,65145.05,9413.24,7902.29,3770.52,2900.31,4010.59,3660.49,1600.09,6011.32,740.02,950.03,1000.04,930.03,760.02,740.02,20214.95,370.0,460.01,660.02,390.01,490.01,770.02,760.02,360.0,780.02,480.01,830.03,510.01,1680.1,34453.42,540.01,840.03,1250.06,1450.08,1760.11,520.01,16489.95,22748.94,6081.35,3410.43,7231.91,1100.04,380.01,270.0,260.0,190.0,220.0,130.0,190.0,220.0,260.0,780.02,260.0,540.01,180.0,300.0,130.0
1230.06,3930.57,5911.28,700.02,410.01,400.01,470.01,380.01,610.01,380.01,430.01,380.01,320.0,9012.97,15658.97,79872.96,41212.11,46428.81,10233.83,6631.61,4350.69,1110.05,1180.05,1180.05,1180.05,1350.07,1000.04,1020.04,1030.04,1680.1,16289.71,26736.15,25784.33,23289.85,25854.46,20204.94,20735.73,2410.21,1620.1,12485.71,1140.05,740.02,3090.35,5341.04,14327.51,42395.72,57671.55,43820.21,27718.11,40499.98,60895.51,59720.33,32027.52,4010.59,3930.57,3020.33,1180.05,5631.16,2430.22,1350.07,1750.11,4170.64,2810.29,1150.05,1000.04,690.02,450.01,430.01,380.01,640.02,690.02,360.0,660.02,790.02,540.01,710.02,820.02,670.02,520.01,450.01,840.03,980.04,730.02,1190.05,2320.2,1630.1,1490.08,6231.42,6661.62,22057.8,8642.73,3350.41,5731.2,4130.62,570.01,220.0,190.0,250.0,220.0,1690.1,130.0,190.0,290.0,420.01,180.0,1430.07,210.0,270.0,110.0
1320.06,3760.52,7371.99,820.02,490.01,390.01,530.01,830.03,490.01,730.02,420.01,390.01,440.01,3540.46,10624.13,161408.51,46127.79,81593.09,7291.95,1800.12,1270.06,1290.06,1140.05,1550.09,1710.11,870.03,1310.06,1060.04,1690.1,3030.34,7552.09,24471.91,23349.95,15388.67,15118.37,22438.42,21026.18,3490.45,2920.31,11434.79,1090.04,750.02,350.0,310.0,400.01,490.01,42546.19,62070.78,33009.86,22678.82,58896.76,38875.27,29221.24,4900.88,3370.42,1400.07,1900.13,1940.14,3430.43,1630.1,4580.77,930.03,2220.18,1480.08,910.03,760.02,660.02,450.01,1130.05,600.01,720.02,600.01,620.01,440.01,790.02,360.0,600.01,710.02,690.02,780.02,720.02,890.03,590.01,590.01,1210.05,1110.05,360.0,580.01,1870.13,10804.27,22558.62,14307.49,5441.08,6161.39,2340.2,500.01,80.0,140.0,360.0,220.0,400.01,340.0,430.01,930.03,380.01,350.0,1090.04,490.01,110.0
1230.06,690.02,5241.01,920.03,560.01,840.03,500.01,580.01,510.01,580.01,590.01,320.0,260.0,470.01,6941.76,47101.11,89019.27,134539.66,8552.68,3790.53,1260.06,870.03,2520.23,1550.09,1250.06,960.03,1240.06,740.02,800.02,1490.08,27457.58,24942.76,26014.76,22378.32,28389.48,21446.83,30123.2,2790.28,1660.1,7822.24,960.03,430.01,480.01,440.01,500.01,490.01,4180.64,30604.26,57229.7,15618.93,49268.74,38945.47,28249.19,7271.94,1980.14,2060.16,3150.36,3300.4,1130.05,1830.12,3110.35,1030.04,1150.05,1210.05,830.03,580.01,550.01,590.01,1010.04,520.01,560.01,490.01,650.02,620.01,640.02,810.02,800.02,600.01,800.02,450.01,770.02,980.04,760.02,680.02,440.01,1370.07,770.02,740.02,1090.04,830.03,5170.98,25193.22,25073.0,3260.39,5421.08,750.02,1290.06,210.0,190.0,240.0,180.0,140.0,140.0,380.01,840.03,500.01,240.0,470.01,140.0
1760.11,230.0,2290.19,860.03,570.01,440.01,650.02,550.01,530.01,360.0,440.01,760.02,750.02,2570.24,10604.12,21827.43,46609.42,123496.03,14948.18,1570.09,900.03,2470.22,760.02,5971.31,930.03,760.02,900.03,950.03,780.02,25674.12,24822.55,20645.6,32318.21,44361.96,20835.89,31716.8,19203.5,3930.57,1790.12,29692.25,1540.09,490.01,520.01,300.0,580.01,520.01,4160.63,7732.19,1870.13,840.03,7301.95,19774.31,30383.77,26395.49,4480.74,7672.16,4060.6,2060.16,3140.36,13166.35,5080.95,10734.22,810.02,550.01,750.02,870.03,570.01,780.02,590.01,820.02,700.02,550.01,1010.04,770.02,510.01,620.01,430.01,560.01,630.01,540.01,750.02,1060.04,960.03,680.02,450.01,620.01,770.02,1550.09,900.03,1360.07,1170.05,1820.12,39406.79,6071.35,4840.86,3290.4,280.0,240.0,340.0,290.0,280.0,180.0,180.0,350.0,10023.68,600.01,1000.04,2800.29,110.0
8602.71,1090.04,330.0,470.01,400.01,530.01,520.01,330.0,430.01,640.02,440.01,460.01,3190.37,7512.07,11464.81,15969.33,40600.28,47903.9,52842.06,3270.39,960.03,1010.04,670.02,520.01,1410.07,4740.82,860.03,980.04,14067.24,22989.34,47673.09,57932.65,26926.53,26866.41,26305.32,64039.84,37110.37,5871.26,8472.63,7191.89,780.02,540.01,320.0,420.01,360.0,260.0,38935.44,25032.93,2740.27,1010.04,870.03,560.01,540.01,30604.26,15378.66,3620.48,1440.08,1220.05,3110.35,7382.0,2290.19,3220.38,970.03,1890.13,980.04,930.03,790.02,730.02,600.01,590.01,590.01,420.01,580.01,510.01,630.01,760.02,500.01,890.03,600.01,540.01,570.01,500.01,520.01,790.02,880.03,690.02,1000.04,1220.05,810.02,1250.06,910.03,680.02,20295.07,16850.39,4070.61,12245.49,1050.04,100.0,230.0,300.0,160.0,210.0,210.0,260.0,320.0,600.01,3310.4,990.04,180.0
2720.27,250.0,290.0,500.01,600.01,510.01,390.01,530.01,620.01,700.02,420.01,360.0,10033.69,10003.66,16580.06,16139.53,30935.01,35786.84,152426.16,8302.52,2170.17,820.02,660.02,860.03,1360.07,790.02,800.02,7121.86,33210.34,20765.78,19083.33,52350.18,67184.9,43609.54,34413.32,34493.52,37290.86,8052.37,6461.53,8342.55,800.02,460.01,380.01,210.0,410.01,410.01,104659.62,72361.25,58967.06,6461.53,670.02,3650.49,30854.83,18162.07,16670.17,23089.51,1400.07,3030.34,4970.9,2150.17,1870.13,1740.11,970.03,1150.05,880.03,890.03,1510.08,440.01,580.01,630.01,550.01,490.01,700.02,680.02,430.01,610.01,500.01,640.02,1030.04,540.01,690.02,940.03,740.02,810.02,880.03,580.01,600.01,880.03,1390.07,1200.05,830.03,640.02,1090.04,36408.48,5251.01,4710.81,2720.27,630.01,200.0,280.0,260.0,150.0,250.0,1240.06,340.0,790.02,770.02,860.03,190.0
3400.42,470.01,360.0,610.01,520.01,490.01,530.01,650.02,490.01,340.0,320.0,430.01,9993.66,18532.57,14277.46,14727.94,29281.37,44482.35,135973.76,24662.26,2970.32,860.03,680.02,850.03,690.02,1530.09,770.02,17060.65,53785.74,30273.52,18802.94,44743.2,35375.77,40760.75,21006.15,21116.32,24582.11,9513.31,1690.1,12795.99,1340.07,760.02,370.0,250.0,470.01,390.01,95472.65,126755.7,69365.77,30012.95,12095.36,28629.99,71225.31,47753.37,52229.71,27968.62,3730.51,1480.08,4590.77,3260.39,2530.23,2910.31,1670.1,2170.17,820.02,1820.12,1830.12,740.02,620.01,790.02,590.01,560.01,950.03,980.04,550.01,690.02,490.01,640.02,670.02,340.0,800.02,420.01,660.02,590.01,640.02,820.02,630.01,1150.05,1050.04,950.03,630.01,680.02,850.03,17310.97,30273.52,4910.88,5481.1,620.01,380.01,420.01,200.0,180.0,520.01,400.01,320.0,490.01,460.01,410.01,110.0
1690.1,430.01,400.01,440.01,530.01,2270.19,620.01,650.02,570.01,510.01,400.01,420.01,6331.47,15779.11,16920.48,14567.77,28349.4,27247.16,60744.84,23900.9,3270.39,950.03,830.03,1180.05,920.03,1190.05,1150.05,18943.13,20885.96,28660.05,21867.5,35135.15,36378.4,30764.62,26114.95,22889.17,14697.91,2670.26,1480.08,1830.12,15518.81,880.03,500.01,860.03,250.0,920.03,121589.03,74754.1,45385.31,77499.34,31506.31,22188.01,2290.19,25684.14,39587.31,74683.71,10864.32,2520.23,890.03,3420.43,10584.1,15959.32,5281.02,1090.04,2740.27,1380.07,17711.48,720.02,880.03,710.02,530.01,540.01,530.01,450.01,890.03,1350.07,420.01,700.02,680.02,420.01,550.01,530.01,410.01,680.02,360.0,850.03,650.02,610.01,790.02,940.03,950.03,840.03,520.01,5921.28,31466.22,10974.41,4600.77,1430.07,280.0,270.0,1250.06,190.0,450.01,2030.15,450.01,1140.05,1110.05,1330.06,390.01
2720.27,280.0,330.0,610.01,370.0,590.01,430.01,530.01,540.01,520.01,470.01,580.01,500.01,16630.12,15208.47,9403.24,23089.51,16399.84,114498.11,24582.11,2960.32,850.03,1590.09,1100.04,1160.05,2930.31,3210.38,16119.51,21186.43,26766.21,27998.68,40108.83,23259.8,22628.74,27397.46,37170.53,7742.19,1510.08,1320.06,1390.07,1570.09,13736.91,1210.05,970.03,440.01,650.02,460.01,2480.23,69787.91,72984.56,105113.08,23520.24,4650.79,11985.26,107652.75,54307.8,12775.98,2600.25,1560.09,2090.16,2130.17,7061.83,13526.7,1350.07,2370.21,8192.46,1220.05,1020.04,1890.13,960.03,810.02,680.02,1260.06,420.01,450.01,680.02,740.02,410.01,340.0,520.01,640.02,690.02,520.01,560.01,520.01,580.01,730.02,1590.09,670.02,1950.14,2010.15,1430.07,770.02,1520.08,24481.93,43699.83,4550.76,2390.21,430.01,350.0,240.0,290.0,280.0,1020.04,1830.12,310.0,750.02,1070.04,100.0
1490.08,180.0,270.0,320.0,440.01,390.01,390.01,580.01,490.01,360.0,480.01,330.0,750.02,14838.06,9413.24,10413.97,20124.82,21927.59,155278.03,6451.52,2030.15,1280.06,1310.06,1440.08,1100.04,1130.05,1780.12,18312.27,25684.14,25614.0,19213.51,23930.95,31315.87,22258.13,20064.73,7171.88,1750.11,11354.72,6281.44,1820.12,2720.27,7852.26,12535.75,750.02,540.01,690.02,440.01,790.02,400.01,20685.66,91113.02,42084.76,35606.37,114175.43,40971.38,3870.55,1580.09,1350.07,2730.27,5571.14,3910.56,5231.0,6391.5,5170.98,1440.08,660.02,3520.45,1330.06,3240.38,1550.09,760.02,600.01,350.0,580.01,570.01,750.02,670.02,570.01,640.02,520.01,720.02,460.01,980.04,660.02,440.01,640.02,840.03,870.03,1000.04,860.03,990.04,1250.06,2040.15,1830.12,12255.5,25213.26,3370.42,6011.32,660.02,190.0,260.0,140.0,450.01,2600.25,610.01,330.0,3100.35,250.0,140.0
1410.07,230.0,320.0,280.0,430.01,930.03,290.0,280.0,280.0,380.01,520.01,360.0,400.01,9963.63,9723.46,7412.01,22598.69,28930.62,82126.27,3720.51,1910.13,1170.05,1040.04,2080.16,1590.09,1960.14,800.02,1350.07,22077.84,41192.05,26495.69,30093.13,35566.27,16349.78,13116.3,5020.92,24922.73,40710.61,32538.73,11214.6,2330.2,2090.16,28379.46,18152.06,940.03,660.02,370.0,480.01,520.01,650.02,62020.55,37391.13,42415.79,50503.24,17050.64,2710.27,980.04,4770.83,6121.37,6361.48,3560.46,1520.08,7922.3,7121.86,1330.06,1630.1,7772.21,3690.5,1160.05,990.04,71456.51,1140.05,800.02,440.01,460.01,330.0,490.01,550.01,490.01,500.01,530.01,580.01,2010.15,420.01,310.0,590.01,710.02,720.02,660.02,1120.05,1640.1,1170.05,2090.16,1600.09,1050.04,21667.18,5431.08,5120.96,2980.33,430.01,290.0,180.0,250.0,280.0,1030.04,1490.08,1280.06,680.02,410.01
1670.1,240.0,200.0,210.0,370.0,410.01,280.0,1750.11,240.0,450.01,250.0,560.01,430.01,1300.06,13426.6,11244.63,27006.68,166468.75,22728.9,1800.12,750.02,1930.14,1210.05,1520.08,1470.08,840.03,940.03,960.03,9903.59,35997.39,32679.06,22518.56,10003.66,11344.71,5811.24,22528.57,17130.74,36939.9,44111.14,11935.21,2240.18,1660.1,8872.88,32548.75,1560.09,550.01,380.01,840.03,440.01,790.02,450.01,1020.04,4270.67,21637.13,9933.61,1670.1,21096.29,37150.48,35405.85,14818.04,5631.16,3400.42,3500.45,2680.26,3160.37,2310.2,1560.09,2160.17,1890.13,1220.05,690.02,1050.04,1170.05,590.01,450.01,520.01,850.03,560.01,580.01,750.02,560.01,720.02,500.01,600.01,630.01,590.01,1100.04,590.01,760.02,630.01,1010.04,1030.04,3090.35,1190.05,2150.17,9203.1,40590.25,4920.89,4420.72,300.0,630.01,150.0,270.0,350.0,340.0,390.01,520.01,1280.06,130.0
1770.11,410.01,250.0,310.0,230.0,620.01,510.01,330.0,340.0,350.0,560.01,600.01,200.0,3120.36,12175.43,10824.29,35145.18,115032.58,6871.73,1880.13,1180.05,1380.07,990.04,10393.95,2270.19,1250.06,1150.05,1710.11,1060.04,27327.32,14717.93,1920.14,950.03,850.03,17581.31,33029.91,14818.04,20966.09,63637.97,29491.82,2780.28,1480.08,1840.12,24662.26,25944.63,12175.43,1520.08,400.01,560.01,280.0,450.01,1060.04,5781.22,23470.16,21296.6,13867.04,17240.88,36328.27,196930.11,15959.32,6831.71,7402.01,2310.2,5341.04,1580.09,860.03,980.04,1920.14,4020.59,2280.19,3030.34,650.02,630.01,900.03,790.02,1160.05,520.01,470.01,1160.05,610.01,470.01,610.01,610.01,740.02,730.02,610.01,400.01,720.02,250.0,930.03,1370.07,1150.05,1040.04,690.02,1340.07,2890.31,32328.23,4270.67,5291.02,490.01,300.0,190.0,250.0,910.03,250.0,1740.11,530.01,580.01,110.0
1950.14,170.0,200.0,470.01,530.01,610.01,440.01,400.01,290.0,480.01,910.03,310.0,560.01,1460.08,15839.18,6991.79,29802.49,152163.26,13486.66,1750.11,1620.1,1270.06,5801.23,30153.26,5050.93,2020.15,1860.13,950.03,2030.15,5471.1,1750.11,4860.87,830.03,2800.29,20986.12,29451.73,40309.42,38945.47,48716.76,44211.47,41914.24,3080.35,4910.88,1190.05,28890.53,46539.18,36869.72,23640.45,7191.89,1030.04,6241.43,43579.44,111967.25,24441.86,20144.85,5991.31,30514.06,147916.97,21326.64,44111.14,8682.76,5861.26,4200.65,2400.21,2560.24,1270.06,990.04,1830.12,1930.14,1570.09,2090.16,3380.42,940.03,760.02,760.02,580.01,750.02,1080.04,650.02,620.01,890.03,600.01,750.02,640.02,540.01,740.02,1190.05,840.03,860.03,540.01,570.01,710.02,740.02,1390.07,1750.11,3630.48,30995.14,19023.24,5130.96,1760.11,1400.07,220.0,220.0,370.0,840.03,430.01,310.0,320.0,140.0
1080.04,240.0,250.0,340.0,450.01,480.01,400.01,430.01,490.01,520.01,460.01,350.0,420.01,4200.65,16770.29,9723.46,20144.85,146825.27,6661.62,1650.1,3320.4,1330.06,25834.42,39366.67,10614.12,3260.39,2730.27,1010.04,1930.14,1430.07,1720.11,1270.06,1450.08,13536.71,20655.61,23149.61,38153.24,25323.46,43790.12,25333.48,22969.3,2630.25,1140.05,1510.08,1280.06,50974.98,76041.17,75809.89,57079.07,32939.69,43067.82,68933.59,34323.09,38684.73,7572.1,1840.12,15719.04,48345.44,43288.52,53514.68,18772.9,4490.74,3010.33,4630.79,2260.19,3770.52,2800.29,2910.31,1150.05,2160.17,1210.05,960.03,1240.06,780.02,700.02,720.02,550.01,520.01,390.01,470.01,800.02,570.01,450.01,590.01,550.01,890.03,720.02,600.01,570.01,500.01,580.01,920.03,720.02,720.02,860.03,970.03,30293.57,25984.7,4650.79,4660.8,620.01,330.0,260.0,910.03,400.01,390.01,380.01,380.01,360.0
1280.06,330.0,270.0,290.0,460.01,440.01,560.01,300.0,610.01,610.01,630.01,350.0,390.01,7241.92,12035.3,10153.77,137418.11,23059.46,7642.14,11414.77,7091.84,20775.8,49389.17,24001.08,7972.33,3070.35,1060.04,2750.28,3080.35,3180.37,1490.08,1560.09,4320.68,19794.34,67697.42,81683.63,20234.98,18642.72,36047.52,70411.1,43278.49,4130.62,2150.17,1050.04,1150.05,18302.26,23229.75,34854.43,38012.85,30794.69,34122.59,51647.5,55382.1,16159.56,1860.13,17160.78,4770.83,27537.74,111987.41,40600.28,28219.13,8462.62,3540.46,1640.1,5871.26,3720.51,2180.17,2610.25,1120.05,1010.04,1800.12,1970.14,2220.18,1130.05,1020.04,710.02,510.01,590.01,610.01,500.01,490.01,490.01,380.01,920.03,590.01,620.01,600.01,1080.04,650.02,650.02,620.01,730.02,820.02,940.03,1060.04,1430.07,20214.95,18412.41,4670.8,5801.23,3830.54,390.01,300.0,300.0,1140.05,330.0,160.0,1340.07,120.0
1700.11,180.0,250.0,600.01,390.01,410.01,510.01,290.0,310.0,260.0,150.0,470.01,400.01,19113.37,3920.56,8872.88,262530.07,34122.59,14808.03,7091.84,1630.1,18682.77,23089.51,23620.41,3970.58,2120.16,2160.17,1240.06,4780.84,3210.38,1990.15,2850.3,21286.58,17320.98,56205.45,11815.11,14707.92,19323.67,31365.99,56416.32,31025.21,20715.71,8752.8,2270.19,1060.04,19834.4,28549.82,57601.25,47111.14,27828.33,51517.02,70632.24,19874.46,1590.09,23510.22,35305.59,38514.25,11034.46,38253.52,51587.28,37832.34,11124.53,5571.14,3580.47,1520.08,8392.58,5661.17,3440.43,1300.06,1050.04,1460.08,1210.05,2160.17,1860.13,1970.14,1070.04,470.01,490.01,470.01,420.01,430.01,510.01,500.01,610.01,550.01,430.01,640.02,620.01,530.01,780.02,480.01,630.01,1180.05,840.03,560.01,4040.6,6721.65,51848.27,14277.46,5731.2,820.02,180.0,190.0,600.01,400.01,410.01,920.03,450.01,480.01
1720.11,250.0,260.0,310.0,250.0,690.02,310.0,910.03,440.01,340.0,550.01,280.0,370.0,13536.71,5921.28,9773.5,164677.2,6111.37,1380.07,950.03,930.03,20966.09,49118.2,9753.48,1360.07,1550.09,1740.11,1520.08,4590.77,2280.19,1790.12,8582.7,21727.28,26645.98,15408.69,15128.38,15548.85,34924.61,43990.76,34052.41,50071.65,68290.37,30975.1,7802.23,1680.1,2020.15,35997.39,51266.07,67245.2,55111.01,18252.19,16620.11,2220.18,18222.15,57179.49,32809.37,41884.14,18182.1,3100.35,11454.8,30674.42,10794.26,8132.42,4070.61,1590.09,3850.54,2130.17,2300.19,1800.12,3010.33,960.03,1470.08,1990.15,1490.08,1470.08,940.03,870.03,420.01,460.01,340.0,490.01,470.01,420.01,760.02,600.01,550.01,720.02,650.02,790.02,278563.14,680.02,620.01,1150.05,1070.04,1050.04,1180.05,920.03,51005.1,8452.62,5711.19,1980.14,380.01,200.0,390.01,730.02,260.0,580.01,1970.14,130.0
2870.3,320.0,220.0,550.01,560.01,560.01,780.02,350.0,510.01,270.0,21136.35,560.01,3480.44,9283.15,7692.17,56697.48,39597.34,4570.77,3020.33,4440.72,5841.25,13947.12,5150.97,4420.72,1520.08,1270.06,1430.07,1000.04,2710.27,1730.11,1660.1,15238.5,28068.83,22758.95,19513.94,16870.42,17821.62,29311.43,18893.06,40479.92,58645.69,78937.54,14317.5,1550.09,1590.09,1650.1,5301.03,15548.85,10914.36,20074.75,2010.15,1900.13,33270.49,31786.96,38975.55,15148.4,5811.24,13987.16,2560.24,2360.2,2070.16,8252.49,6011.32,5921.28,5901.27,3020.33,4830.85,2290.19,3740.51,1410.07,1430.07,1820.12,1980.14,1890.13,2460.22,1120.05,650.02,540.01,660.02,510.01,530.01,620.01,570.01,870.03,630.01,730.02,660.02,530.01,1030.04,650.02,570.01,950.03,1010.04,1440.08,1090.04,710.02,2870.3,20815.86,18973.17,4020.59,2590.25,160.0,240.0,540.01,1050.04,1490.08,1290.06,2490.23,100.0
2060.16,250.0,410.01,670.02,440.01,490.01,370.0,220.0,440.01,370.0,400.01,290.0,360.0,2820.29,5210.99,14788.0,122809.88,56717.57,10874.33,8832.86,2340.2,1600.09,920.03,2270.19,2890.31,6471.53,4790.84,1920.14,2060.16,1370.07,1310.06,16850.39,24071.2,27778.23,19654.14,21076.25,23229.75,26625.94,32077.64,41352.53,32588.85,33210.34,18061.94,1070.04,890.03,1910.13,880.03,950.03,990.04,770.02,8012.35,28048.78,30724.53,26495.69,25674.12,41833.99,21717.26,8592.7,5110.96,5000.92,13186.36,19974.6,6891.74,3900.56,1990.15,1490.08,2920.31,1370.07,1650.1,2000.15,1470.08,2770.28,1920.14,1610.09,1390.07,960.03,770.02,530.01,660.02,1050.04,780.02,810.02,630.01,690.02,560.01,700.02,560.01,800.02,770.02,510.01,710.02,810.02,1230.06,760.02,640.02,1340.07,1290.06,39065.81,25914.57,4390.71,4160.63,340.0,240.0,790.02,290.0,290.0,470.01,2000.15,220.0
11234.62,820.02,190.0,550.01,420.01,410.01,670.02,650.02,480.01,300.0,270.0,300.0,560.01,4090.61,8272.51,15298.57,114286.35,51235.96,2820.29,2060.16,790.02,1130.05,2250.19,11444.79,14617.82,12415.64,27056.78,2370.21,1210.05,2780.28,3760.52,34724.1,27798.27,26134.99,23700.55,27267.2,26084.89,32448.52,41663.47,85194.99,21717.26,41623.35,21607.08,4240.66,1730.11,770.02,1290.06,550.01,770.02,15929.29,32628.94,28960.68,22408.37,23199.69,12375.61,23720.59,23810.74,9403.24,46800.07,38624.56,41864.09,12735.94,5190.99,3580.47,6201.41,3600.47,2500.23,1210.05,3520.45,2910.31,3070.35,2890.31,1770.11,1820.12,1000.04,1100.04,3090.35,830.03,950.03,510.01,730.02,510.01,410.01,530.01,530.01,720.02,570.01,700.02,530.01,600.01,760.02,680.02,900.03,820.02,680.02,2150.17,3910.56,22057.8,21947.63,7632.13,4180.64,330.0,160.0,420.01,300.0,190.0,250.0,370.0,510.01
2470.22,250.0,280.0,540.01,550.01,440.01,300.0,550.01,450.01,610.01,520.01,290.0,300.0,4580.77,8952.93,83232.94,70994.11,3700.5,1500.08,880.03,1180.05,670.02,14147.33,28128.95,16249.66,20164.88,18923.11,4170.64,1140.05,1110.05,6211.41,19433.82,17140.75,27637.95,29161.11,37170.53,39406.79,39497.05,23850.82,29772.43,46388.68,55723.49,75558.5,24181.4,5231.0,1560.09,1140.05,2170.17,3900.56,27457.58,52711.56,48465.87,33972.21,29131.04,33541.15,37310.91,6131.38,27828.33,55613.04,23950.99,75830.0,34212.81,9413.24,6071.35,8292.52,3800.53,4040.6,3050.34,3570.47,2060.16,2850.3,2030.15,2880.3,2170.17,2330.2,2470.22,4040.6,1110.05,890.03,370.0,410.01,390.01,410.01,600.01,580.01,680.02,380.01,900.03,670.02,600.01,520.01,460.01,1000.04,640.02,350.0,620.01,630.01,13256.43,22288.18,6861.72,6031.33,340.0,260.0,270.0,960.03,390.01,200.0,1420.07,160.0
3000.33,350.0,180.0,490.01,380.01,550.01,530.01,560.01,460.01,870.03,730.02,420.01,820.02,4480.74,8702.77,245131.05,8312.53,2260.19,660.02,420.01,790.02,2320.2,23139.59,17801.6,14097.27,15658.97,21476.88,20986.12,2750.28,1880.13,11745.05,18732.84,19574.02,20505.39,54016.64,24952.78,20525.42,41081.71,15298.57,24952.78,27106.88,30854.83,28629.99,33771.72,3770.52,1650.1,990.04,1280.06,4520.75,24852.6,38845.18,35435.93,22057.8,38042.93,21857.48,2580.24,21567.02,48445.8,57510.87,53594.99,66993.96,48104.6,45164.58,9923.61,3830.54,4860.87,2490.23,9733.47,3010.33,2500.23,2780.28,2620.25,4100.62,3500.45,2630.25,3930.57,5581.14,1100.04,750.02,840.03,810.02,630.01,510.01,720.02,760.02,280.0,690.02,460.01,470.01,510.01,460.01,360.0,580.01,480.01,460.01,490.01,920.03,4500.74,48255.13,7912.29,6551.57,650.02,210.0,310.0,420.01,1590.09,1180.05,660.02,470.01
3980.58,280.0,330.0,320.0,420.01,550.01,500.01,420.01,530.01,480.01,230.0,340.0,1020.04,5070.94,17030.62,55221.45,2830.29,1060.04,620.01,660.02,1090.04,14918.15,23369.99,24511.98,15248.51,21476.88,29381.58,38293.63,4970.9,9103.03,13716.89,17671.43,20675.64,33029.91,25644.06,35736.71,27838.35,24381.75,23690.54,28880.51,26134.99,26635.96,22608.7,6751.67,1560.09,2200.18,980.04,810.02,3220.38,24491.95,23550.3,16129.52,16469.93,2960.32,3070.35,24271.55,31807.01,87318.34,46368.61,64270.92,31847.1,46057.55,18632.71,18832.98,5471.1,6331.47,5751.21,3880.55,1360.07,2570.24,1800.12,1670.1,2970.32,4130.62,2130.17,5981.31,2880.3,900.03,730.02,840.03,500.01,720.02,400.01,530.01,500.01,610.01,730.02,540.01,670.02,1040.04,460.01,660.02,660.02,1030.04,590.01,730.02,930.03,2690.27,25473.74,9673.43,6751.67,680.02,290.0,350.0,250.0,3150.36,770.02,1030.04,90.0
3190.37,310.0,350.0,460.01,570.01,760.02,480.01,500.01,350.0,470.01,370.0,420.01,2860.3,7231.91,157280.76,26395.49,2330.2,870.03,810.02,2200.18,1710.11,16009.38,17651.4,13816.99,16690.2,25914.57,25634.04,58866.63,8132.42,13026.21,15038.28,16189.59,16139.53,28399.51,33761.69,29261.32,33571.23,19634.11,22698.85,18953.15,19844.41,31285.81,22698.85,1840.12,11604.93,12665.87,4860.87,1070.04,1440.08,1920.14,1900.13,2230.18,1280.06,1150.05,22318.23,25333.48,30514.06,64692.91,128249.55,48305.31,29712.29,3510.45,5130.96,10003.66,5040.93,5090.95,2950.32,7742.19,11735.04,7642.14,1680.1,1130.05,1740.11,3610.48,2980.33,3190.37,1360.07,790.02,610.01,490.01,460.01,570.01,590.01,780.02,560.01,540.01,690.02,610.01,450.01,650.02,600.01,760.02,550.01,670.02,1200.05,810.02,500.01,2890.31,32418.44,13256.43,7492.05,1780.12,160.0,340.0,3160.37,1510.08,980.04,1580.09,80.0
3130.36,340.0,290.0,350.0,580.01,620.01,390.01,290.0,390.01,410.01,270.0,670.02,3240.38,15608.92,268463.8,10614.12,1790.12,760.02,740.02,1090.04,1610.09,1580.09,7011.8,13156.34,16860.4,18192.11,28359.42,8712.78,6531.56,18362.34,22718.89,16630.12,23440.1,32739.21,32468.56,32127.76,16349.78,19744.27,24371.73,29752.38,25083.02,23079.49,2460.22,21897.55,25373.56,39507.08,21697.23,11514.85,7962.32,5130.96,1670.1,1570.09,1200.05,1460.08,2710.27,30764.62,132812.87,109184.85,135549.57,48887.37,21707.24,24311.63,61759.37,14487.68,6791.69,7382.0,3860.55,3540.46,3830.54,4010.59,2610.25,1300.06,3310.4,1650.1,2180.17,2440.22,1610.09,2710.27,2280.19,900.03,830.03,450.01,850.03,590.01,620.01,800.02,610.01,1660.1,710.02,560.01,750.02,600.01,660.02,560.01,750.02,1070.04,840.03,1510.08,45475.61,8242.49,6831.71,540.01,240.0,300.0,1790.12,570.01,570.01,610.01,170.0
3600.47,190.0,290.0,270.0,380.01,480.01,440.01,490.01,400.01,440.01,400.01,3010.33,4840.86,49218.56,79641.62,5090.95,1270.06,890.03,1060.04,960.03,900.03,910.03,760.02,1040.04,590.01,990.04,1330.06,1360.07,2510.23,19664.15,24241.5,19023.24,23139.59,33651.42,28329.36,26134.99,35054.95,23169.64,27136.94,21727.28,24201.43,1580.09,2400.21,23450.12,36719.31,41823.96,24291.59,15598.91,16159.56,4730.82,1240.06,840.03,1950.14,12265.51,11044.47,45947.19,17421.11,19974.6,38213.41,66652.3,53173.34,6461.53,7952.32,2660.26,1150.05,1430.07,1270.06,670.02,890.03,4780.84,3510.45,2230.18,2920.31,4810.85,1290.06,3250.39,3850.54,2880.3,1100.04,420.01,280.0,530.01,290.0,500.01,530.01,610.01,530.01,530.01,540.01,750.02,630.01,690.02,480.01,670.02,740.02,570.01,1640.1,3370.42,34303.04,6081.35,4320.68,880.03,190.0,190.0,310.0,690.02,440.01,610.01,120.0
2410.21,250.0,360.0,330.0,690.02,420.01,540.01,730.02,280.0,360.0,2450.22,5461.09,13226.4,213059.61,11795.09,2320.2,960.03,840.03,890.03,400.01,640.02,980.04,720.02,760.02,1460.08,1160.05,1340.07,890.03,1070.04,15929.29,25293.41,47903.9,54107.0,29281.37,24522.0,36488.7,40279.33,27668.01,25513.82,9893.58,1460.08,650.02,21016.16,29932.78,75427.78,28449.61,29010.79,18362.34,15468.76,4670.8,1480.08,6331.47,8312.53,22408.37,23680.52,6241.43,11324.69,22518.56,45335.15,76704.87,35155.2,12495.72,9633.4,1670.1,1500.08,1590.09,3820.53,1050.04,11995.27,6611.6,2530.23,1190.05,1770.11,3350.41,1600.09,2150.17,1040.04,1010.04,540.01,340.0,460.01,550.01,400.01,690.02,610.01,680.02,370.0,520.01,600.01,660.02,490.01,340.0,410.01,400.01,810.02,430.01,1160.05,3560.46,15759.09,10714.2,3680.5,610.01,1870.13,250.0,320.0,350.0,300.0,560.01,220.0
2680.26,270.0,310.0,840.03,430.01,400.01,580.01,2510.23,640.02,980.04,6561.58,5401.07,21667.18,89079.67,5451.09,1270.06,1080.04,720.02,480.01,840.03,530.01,820.02,580.01,810.02,1140.05,800.02,900.03,1340.07,940.03,20074.75,16980.55,19453.85,53695.38,40951.33,38083.04,32558.78,20265.03,8582.7,6261.44,1910.13,1120.05,830.03,27547.76,58133.5,68732.58,19884.47,18953.15,19153.43,7982.33,1460.08,3640.49,10804.27,8202.46,12245.49,28760.26,3340.41,3050.34,10454.0,33140.17,31877.17,31225.67,70059.3,52420.44,21196.44,21136.35,3960.57,2540.24,3800.53,13927.1,5821.24,6581.59,1330.06,850.03,1840.12,1130.05,3210.38,1020.04,1400.07,590.01,750.02,410.01,800.02,960.03,540.01,750.02,500.01,620.01,460.01,630.01,610.01,640.02,520.01,760.02,790.02,720.02,560.01,800.02,11654.97,60614.26,8232.48,5431.08,620.01,230.0,380.01,2490.23,2500.23,950.03,1750.11,460.01
2550.24,1120.05,670.02,350.0,600.01,570.01,250.0,370.0,350.0,250.0,4410.71,8402.58,50141.91,43077.86,3360.41,1120.05,1090.04,470.01,600.01,1290.06,660.02,610.01,660.02,950.03,860.03,870.03,680.02,740.02,770.02,9613.38,21667.18,16680.18,17401.08,17691.45,8522.66,6571.58,4270.67,2280.19,960.03,3150.36,920.03,910.03,20084.76,18782.91,19253.57,22478.49,20585.51,4450.73,1890.13,2360.2,17591.33,61287.25,23410.05,13166.35,12475.7,4820.85,1950.14,2020.15,7932.3,33831.87,73346.49,50051.58,43258.42,6001.32,5200.99,3720.51,1420.07,890.03,2840.3,3220.38,2000.15,820.02,1670.1,450.01,770.02,1540.09,1520.08,910.03,950.03,630.01,920.03,1010.04,620.01,740.02,670.02,700.02,620.01,440.01,440.01,390.01,420.01,610.01,790.02,600.01,470.01,770.02,1330.06,2850.3,25744.25,10133.76,3530.46,860.03,130.0,290.0,500.01,1200.05,1040.04,480.01,110.0
2400.21,250.0,540.01,300.0,1020.04,410.01,630.01,280.0,720.02,2290.19,13106.29,21476.88,303312.22,27397.46,2850.3,1150.05,730.02,1010.04,760.02,640.02,1040.04,1100.04,1020.04,1190.05,1470.08,1780.12,900.03,3960.57,940.03,1990.15,990.04,1930.14,1590.09,1540.09,1990.15,23670.5,72280.83,4410.71,4780.84,920.03,1040.04,1680.1,22137.93,24211.45,24762.44,19604.06,4790.84,1470.08,4860.87,13536.71,57882.44,121114.84,28499.72,35897.13,29251.3,11685.0,2380.21,2550.24,3390.42,1900.13,20074.75,83243.01,17381.06,2240.18,3760.52,1060.04,1950.14,1290.06,3590.47,3500.45,2950.32,1280.06,980.04,2590.25,6321.46,3180.37,4300.68,1190.05,1810.12,690.02,1300.06,920.03,600.01,360.0,700.02,510.01,730.02,570.01,490.01,610.01,610.01,570.01,770.02,550.01,440.01,980.04,1860.13,1780.12,12495.72,12685.89,5040.93,460.01,190.0,370.0,510.01,400.01,360.0,540.01,720.02
2570.24,360.0,390.01,370.0,510.01,1490.08,510.01,290.0,2610.25,8042.37,12385.62,38093.07,156876.14,9393.23,2240.18,1100.04,660.02,530.01,510.01,700.02,1530.09,850.03,970.03,760.02,700.02,740.02,770.02,690.02,590.01,1050.04,2010.15,1070.04,950.03,1480.08,13146.33,46840.21,55532.71,4300.68,3340.41,1200.05,960.03,1590.09,15408.69,24992.85,22488.51,12745.95,4220.65,1670.1,16930.49,59790.64,94717.42,28078.84,51025.17,34854.43,36799.53,36097.66,7091.84,1760.11,2010.15,6551.57,1150.05,3090.35,1970.14,1360.07,2180.17,1380.07,1640.1,3560.46,7101.85,5461.09,1750.11,1290.06,1820.12,5711.19,9403.24,3070.35,2470.22,2000.15,2250.19,1590.09,970.03,650.02,500.01,670.02,580.01,850.03,610.01,510.01,320.0,530.01,630.01,590.01,660.02,570.01,810.02,590.01,1510.08,3580.47,27417.5,11885.17,5801.23,900.03,270.0,350.0,360.0,980.04,760.02,1450.08,660.02
2430.22,310.0,270.0,530.01,670.02,690.02,630.01,1180.05,3370.42,8002.34,10233.83,15769.1,65938.85,3730.51,910.03,850.03,610.01,590.01,920.03,700.02,1190.05,580.01,490.01,1460.08,870.03,660.02,760.02,850.03,1140.05,2350.2,1220.05,1010.04,4210.65,13766.94,28038.76,19734.25,61829.69,13977.15,2250.19,1440.08,1100.04,1820.12,20715.71,18572.62,27066.8,15518.81,2820.29,17761.55,76684.75,86060.39,31125.44,30544.13,22348.28,59288.46,77237.86,28780.3,6681.63,1590.09,1060.04,1630.1,2010.15,5911.28,1150.05,2010.15,1440.08,1420.07,1790.12,1720.11,1210.05,1390.07,990.04,1130.05,2110.16,2860.3,4090.61,5080.95,1670.1,1240.06,1080.04,760.02,1060.04,630.01,610.01,420.01,490.01,610.01,480.01,520.01,520.01,430.01,790.02,520.01,840.03,570.01,470.01,330.0,760.02,10353.92,26064.86,7502.06,2920.31,430.01,230.0,190.0,270.0,830.03,4820.85,3240.38,220.0
2550.24,850.03,280.0,390.01,410.01,510.01,1110.05,1620.1,5561.13,5881.27,20615.55,293399.1,9723.46,2550.24,980.04,990.04,1640.1,710.02,700.02,680.02,860.03,670.02,580.01,1510.08,1010.04,610.01,560.01,710.02,1300.06,940.03,1110.05,3560.46,13686.86,16640.13,18252.19,20204.94,56627.19,29060.9,2400.21,1810.12,3780.52,26155.03,22418.39,20936.04,26766.21,11935.21,4160.63,14507.7,30654.37,22618.72,31335.92,41753.75,33310.59,35656.5,42375.66,12986.17,1820.12,5090.95,3040.34,1630.1,1860.13,1400.07,3060.34,3810.53,1700.11,4180.64,1280.06,1230.06,810.02,2600.25,3480.44,3510.45,1640.1,1550.09,6531.56,2190.18,1990.15,950.03,910.03,820.02,660.02,620.01,380.01,610.01,690.02,790.02,550.01,550.01,660.02,640.02,550.01,530.01,380.01,630.01,460.01,430.01,880.03,4220.65,33059.98,15899.25,2800.29,520.01,590.01,280.0,1080.04,6621.61,6611.6,5981.31,520.01
2870.3,460.01,460.01,1130.05,500.01,560.01,410.01,6661.62,4450.73,9843.55,20265.03,103641.9,8702.77,1480.08,880.03,1460.08,930.03,800.02,590.01,980.04,750.02,860.03,2990.33,1080.04,1020.04,860.03,700.02,1570.09,1990.15,1000.04,1420.07,10714.2,25934.61,27507.69,26064.86,19794.34,31696.75,17220.85,1800.12,2740.27,23299.87,22328.24,21787.37,30884.89,28499.72,8872.88,2690.27,15638.95,40911.2,36639.1,32167.85,33370.73,34854.43,50192.09,31496.29,3200.38,1420.07,2800.29,3780.52,22027.76,29311.43,33350.69,32849.47,49750.48,19784.32,14007.18,10433.99,8092.4,28640.01,8902.9,6031.33,5381.06,2210.18,1130.05,1980.14,1290.06,2230.18,1010.04,600.01,660.02,860.03,640.02,570.01,560.01,640.02,450.01,590.01,480.01,550.01,560.01,410.01,360.0,780.02,730.02,510.01,730.02,1570.09,14227.41,31225.67,11054.47,2680.26,340.0,200.0,140.0,350.0,5721.2,5971.31,8642.73,490.01
2010.15,340.0,830.03,660.02,710.02,710.02,480.01,4680.8,7802.23,12785.98,327849.72,72381.36,5020.92,1740.11,840.03,880.03,800.02,620.01,1050.04,710.02,700.02,700.02,530.01,810.02,2030.15,13626.8,710.02,600.01,1700.11,1130.05,9983.65,16540.01,35225.39,29161.11,26635.96,36458.61,31125.44,3240.38,1350.07,10704.19,21807.4,28359.42,47984.17,32769.28,13776.95,2580.24,2110.16,4870.87,19313.65,20605.54,17310.97,16289.71,12265.51,2140.17,1230.06,800.02,860.03,3330.41,21967.66,21186.43,21757.32,39607.37,26976.63,43338.68,32508.66,17330.99,21697.23,19894.48,54267.64,18262.21,3210.38,5030.93,4780.84,2020.15,1670.1,3300.4,3270.39,1340.07,570.01,1200.05,620.01,860.03,720.02,910.03,670.02,440.01,650.02,340.0,820.02,550.01,690.02,400.01,690.02,1540.09,1060.04,810.02,9913.6,28349.4,18492.52,7021.81,1480.08,270.0,220.0,200.0,570.01,4540.75,5080.95,4930.89,140.0
2060.16,460.01,510.01,440.01,760.02,760.02,600.01,4670.8,14537.74,23259.8,241456.44,31496.29,4310.68,1190.05,820.02,590.01,970.03,920.03,670.02,760.02,690.02,640.02,1720.11,8082.39,23460.14,7432.02,1110.05,1170.05,1060.04,3960.57,10954.39,30534.11,50944.87,47301.8,22448.44,10674.17,2480.23,1880.13,292152.79,20295.07,22097.87,34653.92,18853.01,17571.3,3200.38,1200.05,1710.11,2040.15,1610.09,1150.05,1180.05,1260.06,1160.05,640.02,970.03,1250.06,3050.34,16399.84,34142.64,22879.15,39216.24,24682.29,25614.0,35375.77,33100.08,12705.91,45646.18,54659.19,57721.76,44783.33,14557.76,5020.92,3750.52,1450.08,2350.2,4390.71,2320.2,840.03,1270.06,550.01,480.01,760.02,940.03,470.01,590.01,510.01,380.01,660.02,600.01,610.01,500.01,330.0,480.01,480.01,1760.11,810.02,2850.3,28830.41,12045.31,4740.82,1370.07,240.0,280.0,380.01,1450.08,1300.06,1590.09,420.01,950.03
2860.3,920.03,630.01,470.01,830.03,440.01,930.03,10053.7,11104.51,182653.71,229930.0,15919.28,2280.19,1380.07,830.03,850.03,630.01,640.02,660.02,500.01,890.03,990.04,9103.03,27507.69,16069.45,2470.22,1560.09,1800.12,1340.07,11855.15,30494.02,55673.28,40991.44,27247.16,6901.74,2930.31,6201.41,1240.06,860.03,22338.26,33932.11,22268.14,16419.87,10854.31,3120.36,11404.76,49078.05,14677.89,6641.61,7181.89,1560.09,1010.04,4010.59,1840.12,2880.3,1260.06,19984.62,28058.8,21567.02,20234.98,29030.83,26255.22,27647.97,26916.51,31666.68,3200.38,14697.91,27998.68,68722.53,51778.0,10814.28,7572.1,3700.5,4080.61,6741.66,5391.06,1100.04,650.02,1010.04,400.01,240.0,600.01,560.01,810.02,330.0,290.0,540.01,500.01,340.0,550.01,440.01,530.01,590.01,520.01,780.02,1700.11,5271.02,43107.95,12245.49,2520.23,660.02,290.0,170.0,290.0,420.01,650.02,500.01,780.02,100.0
2910.31,4540.75,1210.05,800.02,790.02,730.02,7812.23,16499.96,14788.0,232370.82,205606.64,6301.45,3120.36,1080.04,1530.09,690.02,820.02,940.03,870.03,690.02,1670.1,1030.04,20625.57,29632.12,6791.69,2540.24,1330.06,1250.06,1550.09,16189.59,24922.73,39476.99,49429.32,6211.41,1920.14,2330.2,2420.21,2790.28,1010.04,33350.69,31696.75,18392.38,11594.92,2070.16,9233.12,34724.1,59730.38,39547.19,29622.1,18732.84,7802.23,2310.2,5851.25,1300.06,1180.05,15749.08,21216.47,18812.95,20585.51,23870.85,25503.8,27958.6,25874.49,30854.83,15638.95,2610.25,3300.4,31135.46,66772.89,73095.15,11755.06,4210.65,5721.2,4510.74,6411.51,5531.12,1460.08,950.03,2000.15,830.03,520.01,830.03,680.02,790.02,620.01,530.01,660.02,360.0,620.01,570.01,600.01,630.01,550.01,440.01,530.01,2670.26,8642.73,20765.78,9193.09,5711.19,700.02,310.0,230.0,310.0,210.0,390.01,390.01,850.03,120.0
7552.09,760.02,930.03,1140.05,710.02,2810.29,12765.97,14978.21,192031.07,195753.38,26505.71,6041.34,1430.07,980.04,7582.1,840.03,850.03,690.02,540.01,590.01,660.02,860.03,1760.11,4690.81,1140.05,1040.04,860.03,1140.05,1720.11,10293.88,28449.61,38865.24,30233.44,2240.18,1250.06,2550.24,1460.08,4280.67,15578.88,23730.61,36388.43,18382.37,4030.59,1450.08,32398.4,29561.97,23600.38,29762.4,27978.64,19734.25,25263.35,15608.92,2320.2,5841.25,15308.58,27267.2,21116.32,19924.53,25944.63,17811.61,22849.1,26124.97,43037.73,24582.11,6631.61,2230.18,1470.08,35897.13,15058.3,30784.67,31636.61,5190.99,2360.2,1950.14,1380.07,2050.15,960.03,1280.06,1420.07,820.02,750.02,840.03,990.04,540.01,380.01,770.02,510.01,660.02,300.0,620.01,410.01,1080.04,700.02,700.02,550.01,2230.18,8552.68,21346.67,7842.25,4320.68,640.02,330.0,1320.06,530.01,280.0,820.02,460.01,1110.05,100.0
4050.6,850.03,3130.36,940.03,1060.04,12575.79,23700.55,149382.8,345014.99,49288.81,5701.19,8652.74,2180.17,7812.23,6791.69,1570.09,860.03,650.02,510.01,1260.06,3040.34,1380.07,960.03,4020.59,940.03,790.02,2220.18,1480.08,1610.09,4350.69,16029.4,14117.29,4580.77,1800.12,2090.16,9113.04,12936.13,25353.52,31556.43,31736.84,14027.2,3480.44,1620.1,15408.69,23590.36,40510.01,28509.74,24271.55,24902.69,19904.5,20305.09,24351.7,16439.89,11544.88,19543.98,58916.85,21817.42,31406.08,24702.33,21036.19,20905.99,22388.34,26836.35,4640.79,1400.07,700.02,1230.06,38002.82,35405.85,49439.35,38113.12,3530.46,5261.01,1560.09,1630.1,3160.37,2890.31,2030.15,1610.09,930.03,830.03,530.01,940.03,720.02,790.02,440.01,410.01,570.01,380.01,510.01,510.01,560.01,740.02,760.02,1110.05,1020.04,14307.49,32478.59,5601.15,1720.11,1290.06,6601.6,6941.76,3970.58,2820.29,1730.11,1650.1,550.01,110.0
3870.55,1650.1,1010.04,1570.09,6371.49,12705.91,15648.96,310450.0,32929.67,3260.39,1660.1,1140.05,1040.04,2530.23,1790.12,770.02,670.02,1590.09,520.01,610.01,630.01,630.01,1030.04,1550.09,1170.05,610.01,1200.05,1070.04,1440.08,3060.34,1250.06,1210.05,1100.04,6731.66,24832.56,25133.11,28028.74,31636.61,25804.36,17951.79,17270.92,1810.12,1580.09,14347.54,29802.49,18652.73,22789.0,23710.57,18372.35,30073.08,62814.16,18953.15,18031.9,2520.23,3360.41,22809.04,15048.29,18873.04,19814.37,24451.88,18612.68,11554.89,3430.43,1380.07,730.02,970.03,2550.24,1290.06,39025.7,45997.35,20455.31,1520.08,910.03,2470.22,6241.43,3690.5,1480.08,1140.05,670.02,990.04,13446.62,920.03,510.01,700.02,650.02,45555.88,470.01,330.0,520.01,560.01,660.02,990.04,780.02,1070.04,2810.29,4490.74,40229.18,6711.65,8812.84,1390.07,1490.08,5281.02,4690.81,2860.3,21256.53,5381.06,1290.06,1180.05,180.0
4500.74,610.01,910.03,2230.18,9843.55,17751.53,494174.64,156016.37,6791.69,2390.21,1250.06,3550.46,890.03,530.01,620.01,830.03,610.01,650.02,1710.11,1690.1,550.01,400.01,730.02,750.02,990.04,1650.1,1150.05,1200.05,2990.33,1540.09,1230.06,1300.06,24421.82,24932.74,41372.59,24692.31,25834.42,21396.76,44733.16,28800.34,4870.87,1650.1,1670.1,17661.42,21927.59,16850.39,16249.66,18041.91,33400.81,32328.23,40028.6,16189.59,13096.28,7361.98,1390.07,1540.09,9153.07,17751.53,16900.45,18742.86,17601.34,5441.08,2680.26,1190.05,3890.55,1410.07,1330.06,1650.1,17811.61,20996.13,3080.35,1850.13,870.03,2620.25,4880.87,2800.29,970.03,930.03,490.01,480.01,650.02,680.02,810.02,590.01,530.01,990.04,590.01,960.03,540.01,1740.11,730.02,720.02,740.02,570.01,2370.21,4010.59,42867.19,9313.17,5631.16,1010.04,1650.1,5020.92,5160.98,4260.66,7301.95,7792.22,4250.66,1430.07,500.01
5781.22,760.02,1100.04,11134.54,17511.22,101898.86,252432.3,38534.3,3200.38,1590.09,900.03,3440.43,660.02,360.0,600.01,950.03,710.02,610.01,890.03,670.02,450.01,720.02,1020.04,2310.2,1670.1,3050.34,1290.06,2150.17,1570.09,1510.08,22208.05,35014.84,29421.67,34954.69,42004.52,25083.02,28750.24,25173.19,41553.14,37020.12,3710.5,2230.18,4510.74,21727.28,32899.59,28519.76,23630.43,19423.81,32538.73,30634.33,44071.01,19644.12,12415.64,1890.13,1010.04,1610.09,880.03,950.03,13166.35,17561.29,10484.02,1900.13,1030.04,3070.35,1380.07,2220.18,9813.53,33831.87,48656.55,5521.12,2150.17,5521.12,9083.02,8892.89,2100.16,2870.3,15348.62,3550.46,920.03,710.02,610.01,650.02,390.01,680.02,650.02,550.01,650.02,560.01,390.01,610.01,710.02,800.02,1200.05,1120.05,10393.95,14597.8,33511.08,3600.47,3250.39,320.0,1830.12,4330.69,5881.27,5681.18,6981.78,7091.84,7341.97,4160.63,600.01
3920.56,1080.04,2340.2,14707.92,14798.01,293256.07,154337.46,17371.04,2650.26,1160.05,1530.09,2780.28,1680.1,900.03,1190.05,520.01,640.02,510.01,850.03,650.02,710.02,1240.06,840.03,740.02,590.01,1490.08,2260.19,3580.47,1820.12,20685.66,22188.01,19083.33,30864.85,23510.22,24211.45,28840.43,25473.74,19964.59,19804.35,16820.35,3610.48,1850.13,23940.97,30163.28,21226.49,28058.8,28970.71,26495.69,29070.92,22608.7,49439.35,30544.13,8022.36,1200.05,1050.04,14447.64,3460.44,1440.08,1630.1,2230.18,1560.09,1490.08,880.03,2410.21,1430.07,26515.72,18552.6,55803.81,54759.6,26325.36,6741.66,4040.6,8072.39,10734.22,9483.29,6781.68,9173.08,9373.22,970.03,1110.05,1540.09,710.02,540.01,510.01,740.02,500.01,1430.07,1480.08,540.01,570.01,700.02,570.01,780.02,1330.06,1770.11,40469.89,17391.07,3500.45,3090.35,960.03,2790.28,4160.63,5381.06,5471.1,8532.67,6031.33,6031.33,7191.89,270.0
3480.44,1070.04,6141.38,78082.65,215792.01,212734.59,38012.85,5601.15,1810.12,1250.06,950.03,870.03,690.02,1270.06,570.01,510.01,1490.08,810.02,750.02,580.01,920.03,1590.09,880.03,1220.05,1560.09,1030.04,3330.41,1790.12,18913.09,23380.0,22789.0,20405.24,33631.37,57681.6,49760.52,51697.69,30133.22,21867.5,24772.45,13196.37,1730.11,9383.22,27237.14,21506.93,28700.13,23390.02,65858.46,28660.05,6001.32,20515.4,47753.37,17391.07,2980.33,1710.11,3760.52,1210.05,2290.19,3290.4,2490.23,2230.18,1600.09,1100.04,1080.04,1570.09,34854.43,21607.08,1250.06,25984.7,109346.14,43719.89,13166.35,9002.97,4990.91,10814.28,7942.31,4230.66,7832.25,3170.37,690.02,620.01,750.02,1010.04,510.01,95553.21,430.01,770.02,780.02,670.02,720.02,630.01,530.01,340.0,1710.11,1060.04,6421.51,58073.25,13837.01,4430.72,1160.05,570.01,3480.44,3740.51,4370.7,4650.79,7492.05,5210.99,7021.81,6691.64,320.0
4290.67,5301.03,27257.18,165466.66,256170.97,22929.24,4310.68,1340.07,1470.08,1090.04,1500.08,820.02,740.02,710.02,1320.06,830.03,590.01,530.01,580.01,600.01,690.02,510.01,740.02,810.02,1480.08,51436.71,1930.14,20124.82,23039.42,38303.66,34964.72,85698.12,74935.08,58886.72,85728.31,34724.1,32298.16,28870.49,18252.19,2290.19,12535.75,26585.86,20024.67,24772.45,18302.26,67878.32,74643.49,21516.94,2760.28,18232.17,18452.46,5611.15,1620.1,820.02,900.03,820.02,1130.05,910.03,4200.65,1300.06,1100.04,10043.69,2140.17,21647.15,67365.79,4870.87,3220.38,60483.68,89693.66,65175.19,3010.33,1000.04,5501.11,10894.34,8952.93,7772.21,1320.06,560.01,930.03,1030.04,1030.04,540.01,830.03,760.02,650.02,550.01,830.03,270.0,460.01,760.02,510.01,700.02,980.04,2970.32,21246.52,23981.04,8132.42,6221.42,550.01,990.04,7101.85,3980.58,5251.01,5401.07,5691.19,6831.71,6931.76,5671.18,570.01
3050.34,7452.03,70009.04,24101.25,87912.13,5691.19,1670.1,1250.06,1150.05,810.02,630.01,3160.37,690.02,830.03,940.03,700.02,650.02,730.02,760.02,900.03,710.02,1080.04,860.03,3700.5,1830.12,15759.09,35415.87,50352.68,67747.67,86634.0,82961.29,138892.92,79611.44,103097.8,75729.45,32809.37,24882.65,26305.32,9022.98,1890.13,51587.28,27156.98,25343.5,32187.9,52018.91,67154.75,33681.49,21737.29,2160.17,19493.91,12475.7,4430.72,1890.13,740.02,760.02,2850.3,1590.09,3000.33,9493.3,2490.23,1650.1,1570.09,4770.83,24331.66,35415.87,1270.06,7672.16,39888.19,74703.82,5531.12,10904.35,10944.38,98534.3,11214.6,8582.7,7602.12,1270.06,1070.04,1450.08,730.02,420.01,700.02,820.02,500.01,520.01,570.01,600.01,780.02,610.01,610.01,840.03,710.02,680.02,2700.27,15448.74,10524.06,2870.3,3480.44,250.0,2140.17,4140.63,3740.51,6231.42,59951.34,8302.52,9773.5,4930.89,7702.17,200.0
4970.9,8412.59,307494.23,9483.29,1750.11,8162.44,810.02,840.03,770.02,1000.04,720.02,490.01,1400.07,770.02,790.02,750.02,900.03,700.02,1090.04,1080.04,1020.04,1960.14,1400.07,7882.27,28299.3,42576.28,75146.24,77801.04,107834.18,140428.51,119954.67,62894.54,30574.2,71426.35,59569.68,23570.33,27106.88,30574.2,1680.1,19724.24,35877.08,17771.56,25103.06,43168.14,24622.18,24852.6,18702.8,17431.12,6301.45,3250.39,2250.19,1180.05,1380.07,1080.04,1150.05,1780.12,1380.07,1230.06,1790.12,4670.8,2520.23,20795.82,27918.52,22318.23,59870.99,3420.43,1050.04,18041.91,21877.51,5321.04,24141.33,13236.41,6301.45,7111.85,8292.52,4260.66,1420.07,2060.16,1920.14,680.02,780.02,490.01,640.02,530.01,630.01,490.01,550.01,740.02,640.02,720.02,760.02,700.02,680.02,5601.15,29221.24,5531.12,3710.5,850.03,150.0,2270.19,3510.45,3660.49,4020.59,6411.51,5861.26,5150.97,4630.79,8082.39,260.0
8432.6,31646.64,280451.21,6341.47,1550.09,1660.1,960.03,1030.04,760.02,430.01,580.01,970.03,680.02,1030.04,930.03,980.04,1270.06,870.03,1150.05,2080.16,800.02,1550.09,8892.89,24882.65,33861.94,123274.04,168807.18,151981.24,49258.71,77076.96,85678.0,41964.39,65335.96,89492.35,59358.76,39637.46,28469.65,30554.15,37732.07,26716.11,27026.73,27277.22,28650.03,39838.04,18762.88,18762.88,22758.95,13466.64,3930.57,930.03,1650.1,1160.05,1100.04,1620.1,1110.05,1060.04,1490.08,1290.06,14357.54,20024.67,18432.43,24051.17,28179.05,31015.19,31315.87,10243.84,900.03,23680.52,15668.99,17220.85,49670.18,20675.64,7772.21,8382.57,8102.4,2920.31,2610.25,2180.17,1400.07,1190.05,800.02,590.01,530.01,760.02,660.02,640.02,790.02,540.01,450.01,400.01,510.01,730.02,6361.48,19013.23,35967.31,3850.54,3880.55,1460.08,280.0,3240.38,6031.33,5221.0,5130.96,14157.34,4670.8,4290.67,4190.64,8232.48,360.0
8672.75,84722.06,4550.76,1470.08,1130.05,1070.04,1110.05,1150.05,930.03,1240.06,780.02,970.03,830.03,940.03,2010.15,630.01,1360.07,2000.15,1480.08,910.03,1240.06,14397.59,52550.94,43890.43,129117.67,132136.36,178793.1,36408.48,161965.05,69948.73,47683.12,24962.8,35335.67,27076.82,42877.23,82418.02,41382.62,34323.09,31426.13,20775.8,33731.62,33501.05,51978.76,25093.04,20575.49,20645.6,15588.9,5771.22,860.03,580.01,620.01,750.02,920.03,2480.23,1840.12,1260.06,1110.05,12605.82,19934.54,19724.24,20926.03,13216.39,35967.31,39326.56,14067.24,22268.14,18672.76,28389.48,15478.77,24451.88,98161.62,29592.04,13146.33,5831.25,6901.74,10814.28,1630.1,1550.09,500.01,1240.06,440.01,690.02,930.03,620.01,630.01,780.02,850.03,670.02,710.02,550.01,1090.04,1850.13,12866.06,16730.24,16560.04,2430.22,1050.04,200.0,670.02,4510.74,5461.09,3700.5,4260.66,4780.84,3690.5,4980.91,7742.19,7532.08,890.03
42094.79,8742.8,2400.21,830.03,830.03,720.02,1520.08,520.01,730.02,910.03,1360.07,930.03,1030.04,720.02,760.02,580.01,1550.09,1080.04,1470.08,2660.26,35646.47,48365.52,43057.79,35987.37,131207.46,143570.95,94334.78,96530.05,33902.04,23760.66,27297.26,21046.21,28609.94,19373.74,59298.5,31857.12,18842.99,22718.89,34443.39,29321.45,28800.34,32638.97,23339.93,23099.52,15638.95,22308.21,9583.36,1550.09,620.01,710.02,680.02,3090.35,1290.06,3040.34,1370.07,1350.07,1110.05,21066.24,18812.95,16249.66,14067.24,18923.11,24511.98,32899.59,24802.51,29561.97,12665.87,43669.73,29311.43,60975.86,30153.26,23440.1,4630.79,3960.57,4560.76,4230.66,930.03,1120.05,680.02,1110.05,500.01,690.02,900.03,660.02,720.02,940.03,650.02,600.01,810.02,790.02,1000.04,3600.47,20885.96,31837.08,13356.53,2850.3,300.0,200.0,9153.07,7422.02,8532.67,3530.46,4350.69,4240.66,3500.45,11444.79,7402.01,3220.38,250.0
65124.96,3520.45,3340.41,1120.05,830.03,930.03,1700.11,700.02,930.03,1360.07,880.03,1080.04,790.02,2020.15,1350.07,1380.07,1410.07,1070.04,2830.29,37812.29,79691.91,38153.24,68843.13,66220.2,78847.02,46639.53,30995.14,29181.15,29962.84,22518.56,22548.61,18552.6,27547.76,37722.04,21777.35,21937.61,20224.97,15648.96,22819.05,18242.18,28660.05,16269.69,2000.15,500.01,630.01,720.02,570.01,760.02,970.03,1720.11,2010.15,1410.07,820.02,1640.1,1220.05,1270.06,21386.74,16149.55,19574.02,20565.48,26946.56,16630.12,17391.07,37521.49,25634.04,41312.41,27557.78,14527.73,15568.87,39246.33,35205.33,10624.13,2360.2,2790.28,10824.29,3460.44,4180.64,3820.53,470.01,1000.04,1040.04,800.02,540.01,700.02,750.02,590.01,910.03,590.01,610.01,830.03,980.04,1240.06,32669.04,9253.13,4950.9,2430.22,210.0,4730.82,5361.05,8792.83,6081.35,8322.54,4590.77,4030.59,5481.1,7341.97,8032.36,3340.41,170.0
3970.58,3490.45,2390.21,680.02,1290.06,560.01,660.02,610.01,610.01,1340.07,1070.04,3460.44,1570.09,640.02,1180.05,800.02,1410.07,1260.06,5231.0,64270.92,15739.07,21567.02,47181.39,75628.89,60975.86,36228.0,23540.28,13126.31,16419.87,34122.59,24301.61,20525.42,21947.63,19103.36,23690.54,17561.29,20435.28,19393.76,27858.39,17591.33,12645.85,7221.91,650.02,1990.15,750.02,670.02,720.02,780.02,670.02,1910.13,1320.06,1780.12,1240.06,1860.13,13947.12,20505.39,25193.22,23500.21,16109.5,25273.37,32107.71,49188.45,25183.21,55261.62,121568.85,57410.45,9593.37,2780.28,21707.24,26836.35,48245.09,2900.31,2830.29,2520.23,7812.23,1860.13,1780.12,2380.21,910.03,710.02,960.03,720.02,840.03,890.03,530.01,510.01,730.02,610.01,650.02,950.03,510.01,13186.36,27367.4,4430.72,2420.21,290.0,230.0,2760.28,1350.07,6111.37,4670.8,6111.37,3870.55,10243.84,5801.23,8282.51,3770.52,1570.09,160.0
3530.46,1740.11,1200.05,920.03,690.02,600.01,660.02,780.02,1260.06,980.04,790.02,850.03,690.02,1350.07,940.03,870.03,1130.05,2150.17,13786.96,34714.08,18612.68,26375.45,31957.36,31666.68,10413.97,3220.38,3250.39,1230.06,1390.07,1330.06,3550.46,15188.44,21056.23,27136.94,21587.05,18963.16,11114.52,15078.32,22498.52,8292.52,940.03,1180.05,1400.07,900.03,820.02,820.02,580.01,730.02,830.03,1480.08,1060.04,870.03,9743.48,17721.49,20645.6,26746.17,20465.33,22358.29,31796.98,40851.02,59398.93,44823.46,38143.21,44833.49,41643.41,37040.18,3030.34,6251.43,15088.33,28449.61,30002.93,3120.36,3010.33,2690.27,2730.27,1060.04,1420.07,980.04,720.02,690.02,770.02,730.02,700.02,730.02,29421.67,530.01,630.01,880.03,670.02,1510.08,1070.04,29972.86,15168.42,2980.33,1090.04,300.0,2070.16,290.0,2040.15,3720.51,3480.44,3620.48,13456.63,6381.49,4470.73,4590.77,2140.17,8992.96,250.0
3270.39,1350.07,2750.28,720.02,860.03,580.01,450.01,520.01,850.03,540.01,680.02,570.01,850.03,640.02,740.02,900.03,2810.29,2430.22,3070.35,26145.01,23520.24,20865.93,4830.85,1460.08,830.03,980.04,900.03,1190.05,770.02,1010.04,2370.21,23550.3,18592.65,27497.66,27988.66,19784.32,20725.72,20775.8,3250.39,1340.07,1650.1,1760.11,1550.09,1490.08,760.02,910.03,770.02,510.01,810.02,1110.05,1330.06,6161.39,16780.31,32077.64,18472.49,16059.44,22368.31,40520.04,52801.91,58053.16,73195.68,21957.64,1460.08,3850.54,23269.81,19614.08,13106.29,16069.45,18402.39,11434.79,6141.38,4100.62,1360.07,1000.04,760.02,600.01,590.01,870.03,840.03,640.02,840.03,900.03,610.01,470.01,840.03,700.02,550.01,640.02,1290.06,660.02,8532.67,22909.2,8122.42,2990.33,330.0,250.0,240.0,640.02,2830.29,3400.42,3200.38,3570.47,4290.67,5621.16,3910.56,6721.65,7592.11,5291.02,340.0
3130.36,980.04,740.02,1020.04,700.02,580.01,500.01,490.01,910.03,670.02,760.02,810.02,1930.14,1090.04,880.03,740.02,3980.58,1570.09,1270.06,2230.18,8862.88,1420.07,2540.24,810.02,1470.08,3810.53,1830.12,1950.14,990.04,1180.05,15388.67,21777.35,28990.75,38273.57,45264.91,26185.09,18091.98,13026.21,1530.09,1800.12,2190.18,1320.06,810.02,970.03,960.03,3210.38,1010.04,930.03,3260.39,7592.11,14517.71,34303.04,23189.68,22117.9,28379.46,25984.7,40449.83,60463.59,8472.63,1840.12,810.02,420.01,1360.07,2200.18,610.01,25854.46,15208.47,14327.51,5301.03,1690.1,7001.79,3330.41,7732.19,13346.52,2220.18,540.01,600.01,820.02,1110.05,460.01,690.02,430.01,660.02,780.02,640.02,510.01,550.01,1290.06,2440.22,1010.04,16980.55,10023.68,4040.6,1920.14,320.0,200.0,200.0,820.02,3690.5,3320.4,3890.55,2780.28,2970.32,4320.68,4360.7,4030.59,5951.3,1040.04,130.0
2650.26,1050.04,930.03,1470.08,700.02,560.01,340.0,690.02,590.01,550.01,960.03,910.03,10934.38,1940.14,1220.05,1960.14,950.03,850.03,710.02,940.03,980.04,810.02,780.02,1070.04,1540.09,850.03,1200.05,990.04,1290.06,9453.27,22248.11,23971.03,25944.63,22728.9,19523.95,21597.07,16419.87,1300.06,1290.06,2700.27,820.02,1460.08,570.01,720.02,800.02,3240.38,7141.87,11925.21,12545.76,21957.64,41502.99,52972.57,29922.75,21617.1,23470.16,80194.84,70340.74,33370.73,39105.92,2610.25,550.01,1120.05,2160.17,290.0,320.0,31145.49,11254.64,7321.96,10734.22,4910.88,6021.33,4980.91,7782.22,6041.34,2900.31,1120.05,810.02,760.02,670.02,650.02,6461.53,640.02,800.02,770.02,1290.06,590.01,1350.07,770.02,930.03,5561.13,24582.11,6321.46,1660.1,330.0,470.01,850.03,410.01,1610.09,5100.95,4420.72,3520.45,1760.11,3150.36,3410.43,5761.22,5741.21,1290.06,590.01,220.0
2100.16,980.04,2280.19,7732.19,960.03,1100.04,640.02,870.03,710.02,670.02,5431.08,690.02,9953.63,8512.65,13967.14,2190.18,770.02,780.02,750.02,990.04,850.03,950.03,790.02,1360.07,4230.66,1010.04,1810.12,14567.77,3170.37,30423.86,19654.14,24501.96,25523.84,24642.22,16379.82,14087.26,1380.07,1080.04,800.02,2700.27,780.02,1230.06,1020.04,1090.04,2720.27,7502.06,14237.42,11074.49,17951.79,29942.8,24501.96,50483.16,87298.21,21536.97,23279.83,42255.29,6221.42,1040.04,17481.18,21496.91,1980.14,640.02,4240.66,800.02,4840.86,57099.15,42205.14,43950.63,19914.51,11544.88,5941.29,7472.04,4450.73,2800.29,7872.27,850.03,720.02,470.01,540.01,850.03,570.01,620.01,970.03,590.01,940.03,520.01,1410.07,700.02,3700.5,27287.24,9883.58,5861.26,770.02,380.01,1350.07,3110.35,630.01,2300.19,3400.42,3330.41,3470.44,5421.08,930.03,4450.73,7271.94,1770.11,390.01,550.01,170.0
2650.26,1720.11,18822.97,5721.2,1150.05,940.03,1240.06,660.02,580.01,2100.16,890.03,3680.5,4630.79,3110.35,1250.06,950.03,1050.04,1050.04,820.02,4500.74,2220.18,2460.22,1040.04,1670.1,1810.12,3910.56,1300.06,2290.19,20164.88,55492.55,22859.12,25233.3,18762.88,23169.64,5771.22,1160.05,850.03,1060.04,570.01,1350.07,1060.04,3380.42,2990.33,4810.85,10844.31,15108.35,11955.23,15709.03,21206.46,31325.9,27367.4,48225.02,19844.41,38955.5,29050.88,3050.34,1400.07,850.03,17951.79,38173.29,36538.83,33180.27,54478.48,35746.74,48907.44,52641.29,35064.97,25884.51,34724.1,11444.79,7051.82,6351.48,2980.33,1680.1,1220.05,890.03,410.01,750.02,620.01,600.01,520.01,700.02,880.03,570.01,940.03,520.01,610.01,2720.27,25493.78,16269.69,8212.47,2060.16,1720.11,690.02,340.0,32207.95,29571.99,3290.4,3610.48,3770.52,3830.54,7171.88,6361.48,2460.22,290.0,300.0,380.01,7942.31,210.0
3710.5,5241.01,5591.14,1300.06,850.03,660.02,700.02,960.03,1040.04,850.03,1000.04,2610.25,1080.04,1100.04,1110.05,840.03,710.02,630.01,1150.05,1960.14,2940.32,3970.58,2990.33,1440.08,2560.24,1390.07,1300.06,17310.97,27307.28,55111.01,37120.39,32147.8,11024.45,31827.06,1040.04,1320.06,1240.06,910.03,1180.05,1140.05,1010.04,2320.2,5891.27,14747.96,14007.18,10223.83,13816.99,12585.8,14577.78,17070.67,21106.3,20585.51,35486.06,9983.65,2600.25,1130.05,1100.04,2960.32,21617.1,43970.69,16369.81,42807.01,62552.97,54297.76,72733.23,36308.21,44773.3,10594.11,32248.04,2780.28,6321.46,4740.82,8402.58,3740.51,870.03,780.02,780.02,790.02,760.02,890.03,780.02,1650.1,720.02,610.01,1030.04,820.02,700.02,14097.27,17741.52,7472.04,2950.32,3180.37,4670.8,380.01,520.01,1010.04,840.03,250.0,310.0,2240.18,9133.05,4010.59,1150.05,200.0,130.0,240.0,6421.51,7211.9,380.01
2400.21,1020.04,1000.04,4170.64,550.01,2030.15,850.03,1580.09,720.02,670.02,760.02,1430.07,690.02,710.02,860.03,630.01,3020.33,850.03,1330.06,750.02,870.03,1380.07,5851.25,2320.2,2020.15,2480.23,34052.41,26014.76,28058.8,69958.78,20024.67,3580.47,2730.27,2300.19,840.03,1940.14,950.03,580.01,940.03,1190.05,1410.07,6851.72,10864.32,9473.29,9453.27,6171.39,4110.62,5841.25,5110.96,3040.34,1880.13,2870.3,2820.29,1090.04,1920.14,1690.1,990.04,1490.08,5801.23,21166.39,45616.08,41051.63,37912.57,13706.88,44863.59,15078.32,4620.78,13977.15,13716.89,6641.61,6181.4,6321.46,4030.59,1630.1,1140.05,1050.04,640.02,41492.96,860.03,870.03,910.03,690.02,850.03,980.04,1150.05,730.02,11614.94,16990.56,4750.83,3990.58,860.03,3000.33,680.02,240.0,380.01,2760.28,3100.35,5801.23,7982.33,10373.94,1570.09,430.01,190.0,170.0,220.0,3170.37,7732.19,7392.0,540.01
1720.11,1280.06,1320.06,1170.05,920.03,760.02,610.01,630.01,610.01,870.03,880.03,910.03,750.02,1730.11,620.01,540.01,540.01,660.02,1000.04,1430.07,650.02,580.01,1280.06,1060.04,1660.1,19203.5,46529.15,32258.06,39848.07,42656.53,4130.62,1210.05,1050.04,570.01,960.03,940.03,690.02,47372.04,830.03,1120.05,1460.08,2870.3,9243.13,5331.04,1780.12,900.03,2430.22,1340.07,1490.08,1310.06,1390.07,6371.49,1230.06,2300.19,1240.06,1550.09,1240.06,1760.11,4000.59,1280.06,3960.57,6571.58,2220.18,1760.11,4600.77,3310.4,6551.57,37310.91,9353.2,3480.44,4130.62,9263.14,2890.31,1760.11,1040.04,1220.05,1000.04,970.03,640.02,970.03,600.01,1020.04,920.03,990.04,1200.05,3380.42,25493.78,4560.76,5751.21,2560.24,2540.24,2900.31,190.0,310.0,5491.1,3500.45,4280.67,8082.39,8892.89,2880.3,790.02,250.0,90.0,150.0,7031.81,7772.21,6231.42,9723.46,300.0
2030.15,1090.04,920.03,1940.14,650.02,670.02,980.04,1230.06,850.03,840.03,650.02,820.02,700.02,850.03,1140.05,440.01,400.01,1520.08,690.02,2090.16,660.02,630.01,720.02,730.02,49068.02,35506.11,23710.57,15248.51,40981.42,39757.8,3050.34,1210.05,3730.51,1200.05,790.02,720.02,890.03,730.02,890.03,610.01,1340.07,1410.07,1450.08,2940.32,830.03,950.03,770.02,1080.04,1630.1,2020.15,920.03,1780.12,1050.04,1330.06,1430.07,4800.84,1350.07,2210.18,2270.19,1780.12,2850.3,2220.18,1530.09,1280.06,1980.14,5851.25,1690.1,13376.55,5851.25,3610.48,9253.13,10894.34,1940.14,1310.06,730.02,720.02,670.02,640.02,830.03,810.02,840.03,500.01,820.02,710.02,4040.6,18792.92,5080.95,4810.85,2910.31,1750.11,3360.41,350.0,220.0,9893.58,4360.7,4860.87,7882.27,35135.15,3370.42,670.02,450.01,450.01,820.02,7001.79,4850.86,4210.65,5401.07,7662.15,560.01
3830.54,1010.04,1360.07,700.02,630.01,700.02,800.02,590.01,580.01,640.02,670.02,920.03,600.01,1030.04,610.01,550.01,910.03,900.03,850.03,1340.07,950.03,700.02,2570.24,62452.51,24321.65,31085.35,22077.84,24732.38,16970.54,17981.83,24802.51,24301.61,4370.7,1340.07,630.01,470.01,570.01,3210.38,810.02,990.04,1100.04,1770.11,1530.09,980.04,670.02,970.03,3850.54,4600.77,880.03,700.02,1050.04,1450.08,3100.35,1630.1,1480.08,8572.69,13396.57,7111.85,2440.22,4490.74,9453.27,7832.25,2130.17,1750.11,2710.27,4520.75,2590.25,3490.45,2530.23,8092.4,11504.84,6261.44,2920.31,1440.08,1320.06,760.02,1050.04,770.02,910.03,560.01,820.02,480.01,410.01,2130.17,17521.24,5421.08,7101.85,3100.35,920.03,3920.56,3980.58,300.0,800.02,6051.34,6021.33,7552.09,5251.01,430.01,4070.61,1260.06,370.0,1980.14,4570.77,3360.41,3810.53,3900.56,7842.25,8742.8,540.01
1670.1,860.03,1730.11,1280.06,910.03,920.03,630.01,820.02,680.02,470.01,560.01,1390.07,550.01,690.02,610.01,660.02,1650.1,1550.09,870.03,1090.04,880.03,3580.47,23880.87,25493.78,27467.6,24612.17,28249.19,22468.47,22488.51,30293.57,36849.66,34663.95,10273.86,1160.05,1210.05,1550.09,770.02,630.01,560.01,950.03,930.03,1020.04,2660.26,1030.04,1160.05,520.01,720.02,820.02,1160.05,990.04,940.03,1980.14,1900.13,2510.23,42907.32,50834.46,53956.41,72632.69,87559.88,31386.03,33932.11,5901.27,1280.06,4730.82,3380.42,3240.38,3830.54,2620.25,2770.28,7822.24,10714.2,4350.69,2840.3,1440.08,1700.11,1000.04,850.03,980.04,750.02,1200.05,1620.1,2130.17,4850.86,21346.67,3990.58,5281.02,3190.37,1310.06,3910.56,2620.25,520.01,750.02,5951.3,4330.69,7181.89,5601.15,12145.4,10073.72,1330.06,2070.16,5681.18,4920.89,4680.8,6291.45,9243.13,11775.08,13887.06,4050.6,570.01
2510.23,1250.06,1530.09,1450.08,750.02,1260.06,890.03,820.02,1220.05,770.02,880.03,910.03,690.02,760.02,870.03,1410.07,1620.1,890.03,920.03,930.03,1540.09,29301.41,19283.61,31195.6,25954.65,19944.56,19353.71,27407.48,36318.24,22979.32,21777.35,30323.64,3140.36,1020.04,950.03,850.03,750.02,650.02,840.03,1110.05,930.03,1520.08,570.01,660.02,720.02,730.02,910.03,860.03,1170.05,1740.11,21446.83,33801.79,53594.99,41553.14,20385.21,24522.0,13736.91,15999.37,19964.59,9433.26,52490.71,49890.99,9643.4,3530.46,3820.53,7261.93,13366.54,2930.31,2430.22,9143.06,28249.19,3750.52,1610.09,1160.05,850.03,940.03,1570.09,940.03,1440.08,1170.05,970.03,12125.38,20735.73,5281.02,4970.9,4370.7,1520.08,5040.93,2440.22,310.0,210.0,4370.7,8992.96,8122.42,7552.09,560.01,270.0,440.01,33541.15,7462.04,7462.04,11865.15,10844.31,7702.17,8372.57,3920.56,5961.3,5531.12,340.0
1530.09,780.02,830.03,800.02,820.02,1180.05,790.02,1240.06,1040.04,780.02,560.01,890.03,780.02,2630.25,540.01,1720.11,520.01,650.02,1020.04,1220.05,24762.44,24922.73,18272.22,19443.84,23981.04,45555.88,23189.68,17160.78,14657.86,15088.33,13796.97,3820.53,1150.05,830.03,850.03,920.03,570.01,670.02,2150.17,840.03,1040.04,940.03,670.02,650.02,800.02,870.03,910.03,760.02,1090.04,40991.44,32117.73,16840.38,11184.58,22698.85,12195.44,15989.36,17821.62,18742.86,13576.75,11664.98,17731.51,13907.08,27617.9,26425.55,28619.97,40810.91,27948.58,10804.27,22438.42,16229.64,11364.73,3820.53,4260.66,2270.19,1470.08,1290.06,750.02,1210.05,1230.06,4370.7,2970.32,29912.73,2960.32,2940.32,2800.29,1210.05,5070.94,3440.43,350.0,360.0,3480.44,4530.75,8302.52,8632.73,3660.49,260.0,220.0,1100.04,6001.32,4700.81,6091.36,7442.03,6391.5,1850.13,2230.18,4200.65,4340.69,5030.93,450.01
4140.63,870.03,1100.04,1080.04,630.01,630.01,4350.69,770.02,4470.73,910.03,550.01,820.02,660.02,630.01,500.01,1330.06,1830.12,1190.05,1510.08,18132.03,45706.38,23129.57,135155.7,24942.76,25052.96,8502.65,1500.08,970.03,1800.12,1530.09,1380.07,880.03,920.03,620.01,1280.06,820.02,770.02,640.02,920.03,1660.1,1150.05,2100.16,1110.05,1070.04,1550.09,1490.08,1720.11,2740.27,10223.83,34162.69,11084.5,24081.22,9823.53,8842.86,10574.09,5961.3,6001.32,4920.89,5721.2,5110.96,9063.01,14097.27,11214.6,39206.21,47502.49,11785.08,13326.5,11294.67,56637.24,45876.95,10714.2,3740.51,5050.93,2770.28,1390.07,1520.08,710.02,1950.14,1530.09,14337.52,23289.85,4180.64,8332.54,3360.41,1420.07,3750.52,2050.15,420.01,1140.05,2590.25,4810.85,1600.09,7792.22,2090.16,620.01,150.0,230.0,7602.12,6131.38,6261.44,5221.0,3670.49,2830.29,2720.27,4140.63,3640.49,4840.86,7692.17,380.01
6341.47,2290.19,1250.06,610.01,710.02,900.03,770.02,640.02,550.01,1490.08,690.02,3330.41,840.03,2650.26,550.01,11975.25,1880.13,2730.27,11674.99,31746.87,24371.73,55251.58,23410.05,9143.06,1350.07,1960.14,1210.05,1230.06,980.04,1010.04,1180.05,840.03,910.03,700.02,730.02,960.03,820.02,580.01,630.01,510.01,910.03,730.02,530.01,810.02,1400.07,1080.04,98332.85,40540.1,42897.28,34313.07,24291.59,16930.49,9263.14,6541.57,5611.15,5501.11,6511.55,8112.41,7111.85,4390.71,7211.9,7902.29,8872.88,7251.93,10614.12,9573.35,11474.82,11624.95,33501.05,90207.03,39707.66,11604.93,4040.6,2190.18,3080.35,2350.2,5701.19,18152.06,31847.1,15248.51,5651.17,5431.08,1740.11,2250.19,5291.02,580.01,390.01,470.01,390.01,6731.66,3720.51,3850.54,3580.47,480.01,320.0,130.0,7472.04,5241.01,4250.66,4080.61,3880.55,4100.62,980.04,1930.14,8522.66,4090.61,4320.68,9193.09,690.02
5921.28,1870.13,1070.04,1240.06,1060.04,670.02,980.04,1290.06,830.03,1500.08,780.02,800.02,770.02,770.02,4380.7,28589.9,17991.85,4750.83,24972.82,38484.16,25583.95,10113.74,2350.2,980.04,1140.05,750.02,660.02,800.02,830.03,730.02,800.02,1800.12,2400.21,850.03,800.02,640.02,740.02,660.02,640.02,920.03,650.02,930.03,650.02,560.01,740.02,26375.45,46970.66,37862.43,10674.17,11815.11,11234.62,11584.91,7962.32,5841.25,7101.85,11865.15,11965.24,4320.68,6221.42,9233.12,7191.89,9843.55,17210.84,13957.13,13937.11,14527.73,13366.54,17330.99,26706.09,45736.48,57932.65,63266.25,73034.83,49208.52,46830.18,36438.56,38203.37,13206.38,7351.98,11374.74,4220.65,750.02,3050.34,5451.09,840.03,190.0,540.01,870.03,5190.99,4620.78,710.02,2720.27,260.0,200.0,310.0,2400.21,2420.21,5831.25,16560.04,7271.94,6911.75,3550.46,3440.43,3700.5,4620.78,4330.69,5311.03,10283.87,420.01
2670.26,2070.16,1170.05,1640.1,910.03,740.02,790.02,1210.05,10584.1,590.01,890.03,810.02,620.01,2130.17,9012.97,33871.96,7662.15,6241.43,33410.83,29070.92,15749.08,1550.09,2250.19,890.03,470.01,500.01,670.02,730.02,630.01,700.02,500.01,740.02,980.04,14727.94,2830.29,570.01,630.01,550.01,490.01,810.02,530.01,530.01,470.01,750.02,2750.28,48064.46,22508.54,13006.19,10894.34,10804.27,8602.71,6021.33,5241.01,3890.55,9113.04,6351.48,5771.22,7211.9,6091.36,7902.29,17811.61,3190.37,5010.92,670.02,300.0,390.01,930.03,5150.97,5471.1,22688.84,30604.26,36538.83,16049.43,15028.27,17120.73,20325.12,11765.07,13706.88,7191.89,5130.96,4810.85,5891.27,5020.92,2850.3,480.01,390.01,490.01,3550.46,4840.86,4150.63,1190.05,170.0,210.0,210.0,7402.01,4490.74,9313.17,6081.35,5241.01,6581.59,9933.61,10423.98,8872.88,13426.6,4230.66,4200.65,4490.74,5791.23,340.0
4540.75,1440.08,1160.05,1190.05,700.02,1290.06,2130.17,1900.13,1030.04,910.03,590.01,1280.06,1020.04,1100.04,1490.08,1310.06,4310.68,14397.59,15358.63,3790.53,1990.15,660.02,820.02,630.01,480.01,550.01,2370.21,990.04,920.03,620.01,550.01,1550.09,670.02,600.01,730.02,600.01,610.01,590.01,830.03,670.02,900.03,430.01,1010.04,1950.14,32097.69,13796.97,16850.39,13456.63,11384.74,8072.39,7341.97,5661.17,4660.8,7041.82,6321.46,5701.19,4530.75,2100.16,490.01,340.0,350.0,270.0,380.01,260.0,280.0,230.0,210.0,290.0,590.01,3120.36,9173.08,5741.21,10153.77,6701.64,14808.03,8202.46,4710.81,2350.2,300.0,4950.9,4540.75,7281.94,700.02,230.0,270.0,450.01,1880.13,3370.42,2040.15,620.01,560.01,250.0,1210.05,4160.63,4880.87,3740.51,2280.19,5761.22,5391.06,5180.98,5100.95,8412.59,8562.68,4420.72,4390.71,7572.1,4750.83,5331.04,200.0
2600.25,1960.14,2200.18,1000.04,640.02,800.02,800.02,570.01,870.03,740.02,550.01,1090.04,1170.05,1180.05,3400.42,1990.15,8262.5,8712.78,3610.48,1120.05,850.03,580.01,550.01,710.02,440.01,910.03,700.02,1140.05,1030.04,600.01,680.02,670.02,790.02,410.01,400.01,410.01,420.01,370.0,410.01,560.01,830.03,850.03,1010.04,51476.86,13526.7,12956.14,9463.28,8942.93,8552.68,10223.83,7552.09,3940.57,6391.5,4970.9,4490.74,1490.08,290.0,230.0,210.0,300.0,90.0,300.0,190.0,140.0,180.0,180.0,130.0,170.0,270.0,170.0,200.0,350.0,440.01,360.0,340.0,520.01,250.0,1280.06,5291.02,6011.32,6301.45,3980.58,2250.19,950.03,2370.21,3110.35,4340.69,3890.55,3240.38,5100.95,1090.04,640.02,330.0,6521.56,5771.22,8732.79,2500.23,4450.73,5150.97,4850.86,5881.27,7021.81,6341.47,3310.4,4910.88,5921.28,5050.93,5441.08,190.0
3790.53,1140.05,1100.04,1080.04,1800.12,1080.04,6491.54,1220.05,820.02,600.01,1210.05,1480.08,1650.1,3020.33,1740.11,4570.77,8032.36,5010.92,1100.04,970.03,1270.06,1390.07,540.01,2970.32,820.02,500.01,840.03,560.01,790.02,420.01,610.01,550.01,990.04,440.01,460.01,480.01,530.01,790.02,690.02,1080.04,740.02,1930.14,1960.14,85205.05,10143.77,7301.95,5301.03,4710.81,3250.39,7061.83,4510.74,5851.25,3700.5,2540.24,450.01,160.0,260.0,260.0,260.0,1350.07,2900.31,2590.25,6861.72,6341.47,2280.19,1360.07,1380.07,890.03,500.01,790.02,630.01,840.03,1200.05,710.02,770.02,1480.08,4030.59,5381.06,5591.14,7301.95,9853.55,8232.48,810.02,2810.29,5180.98,6521.56,7021.81,5060.94,7572.1,4320.68,530.01,1830.12,1010.04,5981.31,9423.25,10413.97,8582.7,9002.97,6831.71,8552.68,8792.83,8532.67,8102.4,960.03,4590.77,4770.83,4910.88,10183.8,450.01
5010.92,1470.08,1400.07,920.03,990.04,1120.05,720.02,630.01,1030.04,1060.04,1810.12,1330.06,1480.08,2490.23,5911.28,5571.14,7361.98,610.01,700.02,780.02,720.02,760.02,1070.04,5180.98,660.02,600.01,670.02,410.01,380.01,520.01,450.01,540.01,770.02,1010.04,660.02,3410.43,1400.07,840.03,880.03,940.03,860.03,710.02,17631.38,22087.85,6371.49,8192.46,4490.74,7061.83,7852.26,5421.08,11204.6,4090.61,1340.07,1230.06,320.0,1520.08,630.01,2090.16,6451.52,7562.09,7051.82,11234.62,15929.29,8912.91,14858.08,8592.7,10954.39,8232.48,4110.62,960.03,2640.26,5761.22,4840.86,4930.89,6701.64,5931.29,5020.92,4980.91,5961.3,7361.98,7732.19,6391.5,3520.45,5541.12,7031.81,7442.03,13676.85,9163.07,3840.54,1100.04,1230.06,9233.12,2760.28,5551.13,11654.97,5551.13,4900.88,8882.89,7682.16,8282.51,10904.35,7902.29,6881.73,1990.15,5180.98,6181.4,13456.63,10203.81,410.01
