24591.82,24872.32,25192.9,25052.65,24822.23,24010.8,25132.79,25463.39,25303.1,23850.53,24221.17,24922.41,24912.39,24872.32,25453.38,25653.75,25283.06,24882.34,25042.63,24772.14,25423.32,24982.52,25553.56,24591.82,23850.53,24922.41,24641.91,23770.39,25082.7,24511.68,25593.63,25603.65,24792.18,25202.92,25353.19,25603.65,23910.63,24321.34,24141.03,25052.65,24181.1,25102.74,24211.15,24822.23,24551.75,24030.84,25012.58,25092.72,25323.14,24621.87,24651.93,25573.6,25232.97,24742.09,24832.25,24852.28,25162.85,25102.74,26074.53,24892.36,24521.7,25473.41,25042.63,23980.75,24351.4,24511.68,24090.94,23760.37,25373.23,24090.94,24331.36,25693.82,24962.48,25523.51,24341.38,25202.92,24892.36,24421.52,25072.68,25132.79,25242.99,25182.88,24291.29,24311.33,24962.48,25713.86,24451.57,23349.67,24581.8,24952.47,25463.39,24401.48,25273.05,25253.01,25172.86,24942.45,24621.87,25503.47,24341.38,25653.75,24621.87,24241.2,25032.61,24321.34,25393.27,25102.74,24421.52,24581.8,24922.41
24782.16,24301.31,24281.27,24201.13,23990.77,24451.57,24271.25,23960.72,24421.52,25403.28,25383.25,24952.47,23840.51,25222.96,23820.48,24902.38,24772.14,23760.37,24651.93,24201.13,24692.0,25393.27,25092.72,25283.06,25253.01,23780.4,25313.12,23710.29,25753.93,24702.02,25273.05,24992.54,24441.55,24942.45,24020.82,25403.28,25162.85,23570.05,24521.7,25212.94,23910.63,24521.7,24321.34,25182.88,24692.0,25283.06,25623.69,25283.06,24641.91,24601.84,24982.52,24421.52,25032.61,24551.75,24301.31,24992.54,24621.87,25273.05,24722.05,24521.7,24732.07,24651.93,24521.7,24171.08,23710.29,25763.95,25202.92,25172.86,24852.28,25533.53,25874.15,24651.93,24661.95,25092.72,24171.08,24060.89,25794.01,25112.75,24712.04,24892.36,25042.63,24151.05,25783.99,24171.08,25703.84,24802.2,24421.52,23950.7,25543.54,25523.51,25082.7,24401.48,24441.55,24010.8,24361.42,23369.71,24932.43,24221.17,24481.63,24772.14,24521.7,24521.7,23439.82,24281.27,24361.42,25052.65,24942.45,25323.14,24501.66
24581.8,25383.25,24451.57,23980.75,25383.25,24561.77,24321.34,24732.07,25954.3,24862.3,23219.46,24882.34,24872.32,24491.65,24812.21,24782.16,24591.82,24782.16,25212.94,24712.04,25152.83,24331.36,24952.47,25383.25,24671.96,24040.85,24681.98,23590.08,24641.91,24281.27,24641.91,25162.85,24491.65,25022.59,24361.42,24431.54,24752.11,24852.28,24151.05,25032.61,23920.65,25062.66,27126.55,28338.97,27888.06,28629.57,29180.72,28799.92,29381.14,30132.76,30072.63,29471.34,30162.82,28829.98,28298.89,27787.86,26485.31,25613.67,25172.86,24161.06,24852.28,24151.05,25002.56,25002.56,23950.7,26595.52,24942.45,24431.54,24712.04,24090.94,25212.94,24762.12,24090.94,24641.91,25453.38,24221.17,24141.03,24391.47,24531.72,25423.32,24872.32,24641.91,24241.2,24832.25,24090.94,24651.93,24471.61,24671.96,24241.2,23369.71,24882.34,23940.68,24902.38,24511.68,24762.12,24311.33,24762.12,24060.89,24702.02,24742.09,25363.21,24952.47,24281.27,23580.06,24131.01,24321.34,24832.25,24531.72,24972.5
24671.96,25443.36,25653.75,23840.51,24511.68,25783.99,24321.34,25313.12,24241.2,24812.21,25122.77,23049.17,24401.48,25112.75,24251.22,24191.12,24631.89,24060.89,24531.72,24181.1,24782.16,24932.43,25012.58,23870.56,24802.2,23870.56,24661.95,23960.72,25172.86,23880.58,25052.65,24702.02,23870.56,25072.68,24932.43,25012.58,25794.01,28559.43,29300.97,30894.43,30323.17,30413.37,31796.47,31144.99,29771.98,30202.91,30293.11,30623.83,31976.89,31335.42,29721.87,30283.08,29912.28,30373.28,29351.08,30002.47,31255.24,30373.28,30353.24,29631.68,29100.55,26234.83,25002.56,25333.16,25353.19,24912.39,23780.4,24391.47,25082.7,24030.84,24541.73,24491.65,24932.43,25323.14,24321.34,24181.1,24120.99,23900.61,24311.33,25413.3,23760.37,23990.77,24511.68,24551.75,25192.9,25172.86,24872.32,25072.68,23409.78,24311.33,24722.05,23319.62,25102.74,24221.17,23690.25,24431.54,24962.48,25353.19,25313.12,25924.25,24932.43,24862.3,24671.96,25162.85,24261.24,23830.49,24391.47,25062.66,25253.01
24892.36,24551.75,24601.84,23950.7,24141.03,24511.68,24942.45,25062.66,23800.44,23489.91,24852.28,24110.98,24010.8,24191.12,24291.29,24651.93,24351.4,24151.05,24742.09,24832.25,24301.31,24972.5,24261.24,25092.72,24251.22,25192.9,24752.11,25172.86,25012.58,24341.38,24631.89,24381.45,26114.61,26725.77,29130.61,31325.4,30573.72,30243.0,32167.33,29972.41,30062.6,31195.1,30633.85,31736.33,31646.13,31565.94,30363.26,29771.98,30363.26,30914.48,30323.17,31215.15,30663.92,32067.09,31555.92,29611.63,31425.63,30273.06,30924.5,30313.15,30734.08,29641.7,30092.67,30924.5,28108.51,25864.14,24521.7,24191.12,24131.01,23159.36,24752.11,24060.89,24732.07,25172.86,23900.61,24201.13,24010.8,24722.05,23660.2,23780.4,24661.95,24241.2,24491.65,24371.43,24651.93,24451.57,24471.61,24141.03,24651.93,24060.89,24872.32,23539.99,23950.7,24301.31,23650.18,24802.2,24271.25,23650.18,24772.14,23930.66,24782.16,24561.77,24080.92,24882.34,24060.89,24191.12,24561.77,24511.68,24191.12
24491.65,24070.91,24491.65,23570.05,23730.32,23189.4,24992.54,24030.84,23600.1,24221.17,24291.29,23730.32,24681.98,25283.06,24040.85,24281.27,24271.25,24481.63,24762.12,25022.59,23920.65,23259.52,24070.91,23790.42,25783.99,24832.25,24080.92,25363.21,24671.96,23519.96,26445.23,28218.73,30503.57,30824.27,29992.45,30072.63,32137.26,31896.7,29661.74,30082.65,30383.3,29070.49,31415.6,30363.26,30062.6,30273.06,29912.28,30172.84,29591.59,29030.4,28759.84,30513.59,29711.85,30102.69,30473.5,29000.34,28489.28,31726.31,29731.89,31525.85,30974.61,30513.59,30263.04,31636.1,30804.23,31395.56,29290.95,28308.91,25152.83,24361.42,24070.91,24451.57,24461.59,24571.78,24110.98,23479.89,23429.81,23129.3,23820.48,24261.24,24441.55,24321.34,24551.75,24551.75,24972.5,24451.57,24601.84,24231.19,24772.14,24231.19,24040.85,23910.63,24802.2,23990.77,24411.5,23880.58,23249.5,24141.03,23700.27,24211.15,24732.07,23770.39,24251.22,24050.87,23740.34,24261.24,24712.04,24702.02,24591.82
24451.57,24120.99,23620.13,24311.33,22888.9,24341.38,24080.92,23840.51,23890.6,23910.63,24581.8,24191.12,24040.85,24110.98,24391.47,24010.8,23519.96,24371.43,25062.66,23850.53,23389.74,22788.74,24301.31,24151.05,24421.52,24812.21,24962.48,26695.71,28359.01,30122.73,29341.06,29381.14,31114.93,29802.04,29761.96,29300.97,28429.16,29842.13,31155.01,31225.17,28579.47,29952.37,32107.19,28829.98,28970.28,28188.67,29531.46,32578.28,29892.24,28369.04,30182.86,29761.96,28599.51,29441.27,28369.04,29451.29,28258.81,31205.13,29461.31,30022.52,29180.72,29080.51,30002.47,31856.61,32508.12,31185.08,30633.85,30954.57,28248.79,26244.85,24261.24,23670.22,24201.13,24451.57,24311.33,24141.03,24381.45,24722.05,24641.91,23660.2,23449.84,24261.24,24191.12,24902.38,24231.19,23249.5,23509.94,24231.19,24391.47,24301.31,24461.59,24100.96,24371.43,24491.65,24020.82,24501.66,24171.08,24231.19,24131.01,23920.65,24471.61,23810.46,24641.91,23660.2,23880.58,23720.3,23660.2,24762.12,24611.86
24481.63,26284.93,25072.68,24501.66,23910.63,24822.23,24511.68,23660.2,24050.87,24421.52,24120.99,23640.17,24842.27,24100.96,25112.75,24211.15,25313.12,24882.34,24161.06,24060.89,24882.34,25082.7,23760.37,24251.22,23770.39,24832.25,28629.57,30373.28,30914.48,30413.37,31575.97,30433.41,30102.69,30202.91,31966.86,30573.72,29892.24,30573.72,27938.16,28228.75,28900.13,30042.56,30553.68,30944.54,28248.79,29822.08,29361.1,28549.41,29842.13,30002.47,29551.51,28318.93,29641.7,29371.12,31636.1,30172.84,29541.48,29130.61,30844.32,29411.21,30012.49,30303.13,29992.45,31074.84,30864.36,31054.79,31676.2,31585.99,29671.76,31155.01,28549.41,25703.84,25553.56,23980.75,24722.05,23960.72,24201.13,24191.12,24211.15,23690.25,24171.08,22969.04,24902.38,23189.4,24431.54,23069.2,23850.53,23760.37,23489.91,24201.13,24501.66,24681.98,23249.5,23700.27,24591.82,24842.27,23539.99,24241.2,23489.91,24631.89,24702.02,23870.56,23860.54,23700.27,23630.15,24792.18,23910.63,23880.58,23610.11
24080.92,25032.61,23730.32,24481.63,24010.8,24361.42,23840.51,24882.34,23650.18,24020.82,24141.03,24942.45,23580.06,24461.59,24141.03,24281.27,24291.29,25032.61,24151.05,23920.65,23750.35,23239.49,24361.42,24661.95,28749.82,32107.19,31455.69,32999.28,32016.98,29621.65,30443.43,30954.57,30774.16,30152.8,29852.15,31505.81,29621.65,28809.94,31295.33,31465.72,29541.48,28218.73,29511.42,29260.89,30443.43,28679.67,29551.51,29671.76,28389.08,29521.44,30433.41,27677.64,29110.57,29441.27,28669.65,30493.54,28619.55,29130.61,28559.43,30493.54,29310.99,30714.03,31716.29,31004.68,29341.06,30393.32,32828.88,30473.5,32087.14,31054.79,30403.35,30523.61,27076.45,25032.61,25092.72,23950.7,23970.73,24241.2,24992.54,24181.1,23860.54,23700.27,24331.36,23309.61,24161.06,23620.13,24792.18,24782.16,23509.94,23519.96,24451.57,25483.43,23790.42,24591.82,25443.36,25132.79,24511.68,24391.47,23479.89,23770.39,24010.8,24571.78,24631.89,25012.58,23439.82,24431.54,23890.6,24191.12,24431.54
23920.65,25232.97,24301.31,23640.17,24110.98,24772.14,23560.03,24511.68,24651.93,23690.25,24722.05,25032.61,24581.8,24792.18,24561.77,25293.08,24120.99,24401.48,23019.12,24541.73,25122.77,24621.87,29040.43,31074.84,29541.48,31305.35,29761.96,29912.28,29471.34,30313.15,28429.16,29090.53,28248.79,30132.76,29872.19,30182.86,28499.3,28228.75,28459.22,29701.83,26575.48,29331.04,29240.85,28148.59,30222.95,28038.36,30052.58,31545.9,29601.61,27096.49,29561.53,27156.61,29571.55,29962.39,28829.98,28789.9,29671.76,29761.96,27296.88,29812.06,28819.97,29321.02,29902.26,28278.85,30463.48,30653.9,29431.25,30122.73,30433.41,31565.94,31906.72,32067.09,30493.54,28769.86,25012.58,25964.32,24281.27,25423.32,23590.08,24151.05,24321.34,24671.96,23660.2,24271.25,23369.71,24661.95,24641.91,24431.54,25443.36,24171.08,23860.54,23309.61,23850.53,24792.18,24732.07,24441.55,24241.2,23720.3,24461.59,23349.67,25032.61,25283.06,25192.9,23399.76,24171.08,23920.65,23780.4,24902.38,24631.89
23700.27,23590.08,24000.79,24481.63,24040.85,24611.86,24060.89,25032.61,24541.73,24311.33,24621.87,24842.27,24531.72,23880.58,25293.08,26505.35,24832.25,24321.34,24842.27,24692.0,25944.29,29942.34,30784.19,30313.15,31976.89,31926.77,28659.63,29932.32,31114.93,30593.77,30182.86,28840.01,29351.08,29491.38,30593.77,30984.63,29070.49,29581.57,28248.79,27687.66,28298.89,29691.8,29511.42,29180.72,30493.54,30303.13,28980.3,30493.54,29441.27,29070.49,27988.26,29581.57,29040.43,28920.18,26214.79,31124.95,28068.42,29140.63,29331.04,29050.45,29090.53,29521.44,27397.08,28950.24,30653.9,29260.89,29441.27,28449.2,29952.37,30232.98,29962.39,30774.16,30754.12,30653.9,27908.1,24581.8,24732.07,24802.2,25423.32,24681.98,30373.28,24681.98,24151.05,24351.4,24191.12,24161.06,24401.48,24271.25,24090.94,23570.05,24501.66,24351.4,24311.33,24962.48,25323.14,25182.88,24641.91,24972.5,24742.09,24842.27,24151.05,23189.4,25293.08,24100.96,24411.5,23920.65,24070.91,25112.75,24852.28
23710.29,24070.91,23900.61,24661.95,24692.0,24571.78,23129.3,24161.06,24782.16,25313.12,25914.23,25914.23,25172.86,24641.91,24201.13,24361.42,24581.8,23630.15,23680.23,27186.67,29300.97,30433.41,31094.88,31565.94,29411.21,29190.74,29000.34,29200.76,29020.38,29351.08,29852.15,28489.28,29170.7,30533.63,29321.02,27346.98,28469.24,28779.88,30794.21,28449.2,30453.46,30403.35,28449.2,29842.13,29050.45,29972.41,29611.63,29892.24,28669.65,29952.37,29210.78,29461.31,29000.34,31666.17,28840.01,27737.76,28900.13,31114.93,29351.08,29010.36,29461.31,28238.77,30663.92,29180.72,28308.91,29792.02,29842.13,28539.39,27677.64,29832.11,30764.14,29721.87,30513.59,30754.12,29771.98,28910.15,24671.96,25253.01,24381.45,23980.75,24892.36,23760.37,24251.22,23970.73,23880.58,23439.82,24131.01,24521.7,24671.96,24501.66,23780.4,24681.98,25002.56,24411.5,24231.19,23750.35,24000.79,24681.98,26044.47,24151.05,24341.38,24241.2,24471.61,24000.79,24822.23,25172.86,24481.63,24020.82,24241.2
24742.09,24581.8,23890.6,24421.52,24832.25,24852.28,24872.32,24441.55,25242.99,25553.56,26214.79,25092.72,23760.37,23920.65,24411.5,24211.15,24351.4,25393.27,29200.76,30683.96,31856.61,29381.14,28429.16,29090.53,28228.75,29100.55,30022.52,28409.12,29751.93,29541.48,29822.08,28108.51,28679.67,29892.24,29371.12,26876.06,28960.26,29461.31,28840.01,29571.55,28960.26,31345.44,27717.72,30754.12,28138.57,28739.8,28840.01,29972.41,30814.25,29341.06,29070.49,30092.67,27607.5,29321.02,28098.48,26825.96,30283.08,30052.58,29190.74,29300.97,28759.84,30673.94,30122.73,30192.89,29922.3,28900.13,29290.95,28689.69,29391.16,30333.19,29421.23,30693.99,29902.26,30363.26,29982.43,28288.87,27216.73,26094.57,23700.27,23570.05,25202.92,24381.45,24742.09,25353.19,23800.44,24591.82,24581.8,24311.33,24802.2,24621.87,24651.93,23089.24,24651.93,24471.61,23610.11,23529.98,24341.38,23449.84,25293.08,24060.89,24992.54,23529.98,23630.15,24641.91,24371.43,23960.72,24581.8,23870.56,25323.14
23750.35,23580.06,24311.33,23920.65,24501.66,24651.93,24351.4,24722.05,26224.81,26345.04,25042.63,23690.25,24201.13,24742.09,24511.68,24391.47,26715.75,30333.19,30824.27,32107.19,30253.02,29852.15,31004.68,29982.43,30162.82,29671.76,28228.75,29371.12,28749.82,29110.57,27266.82,28138.57,30002.47,28118.52,30142.78,27427.14,29551.51,29621.65,28799.92,33530.55,31616.06,29441.27,28308.91,30232.98,28699.72,29751.93,25854.12,28018.32,29591.59,27387.06,27637.56,28489.28,30613.81,30653.9,27677.64,29591.59,29491.38,28248.79,28489.28,31004.68,30704.01,29401.19,29822.08,30232.98,32237.49,30323.17,30393.32,29351.08,29621.65,28840.01,30663.92,30714.03,29631.68,30683.96,30142.78,29731.89,28549.41,27898.08,27677.64,26004.4,24080.92,24842.27,25363.21,24391.47,24461.59,23710.29,24521.7,23600.1,24922.41,25162.85,25182.88,25052.65,24181.1,23690.25,24902.38,23700.27,24541.73,24802.2,24671.96,24912.39,24171.08,24852.28,23670.22,23850.53,24431.54,23680.23,24181.1,24822.23,24231.19
23499.93,25142.81,24752.11,24842.27,24141.03,25583.62,24441.55,26345.04,27597.48,27847.98,24191.12,24451.57,25022.59,24561.77,24431.54,26485.31,31185.08,30904.46,32698.57,30323.17,29361.1,31144.99,30764.14,29501.4,28228.75,27507.3,28900.13,29621.65,29661.74,30102.69,31024.72,30814.25,28529.36,29691.8,29862.17,28809.94,30222.95,29381.14,28369.04,29020.38,29972.41,28629.57,29230.82,28870.07,29300.97,29200.76,29010.36,29651.72,30814.25,29310.99,28369.04,29591.59,29180.72,29120.59,28789.9,29451.29,29962.39,29792.02,28108.51,32237.49,30613.81,30142.78,29952.37,28819.97,29751.93,29130.61,35184.65,28860.05,29140.63,28940.22,29671.76,27497.28,29270.91,30854.34,29691.8,29431.25,29130.61,28809.94,27727.74,26846.0,27056.41,25112.75,24141.03,25122.77,24261.24,24742.09,24010.8,25202.92,24511.68,25232.97,24151.05,23499.93,24531.72,24151.05,24902.38,24752.11,25172.86,24581.8,24782.16,24712.04,24862.3,24952.47,24331.36,24942.45,25323.14,23880.58,24992.54,23680.23,25974.34
35304.96,35355.08,35936.58,34111.97,34111.97,35345.06,38252.77,37841.64,37831.62,34733.52,33279.95,33450.36,35014.22,33761.11,39385.94,42585.39,43538.35,43277.53,40599.44,38974.78,39265.6,37420.5,35976.68,39726.92,39355.86,39014.89,41010.65,39496.26,39436.09,40649.59,43528.32,43478.16,42324.6,40198.27,41151.07,41181.16,39706.86,38603.74,38112.39,38884.53,37260.07,37340.29,37029.46,37490.69,37641.1,36979.32,38493.44,34793.66,37250.04,37590.96,38012.11,36949.24,34643.29,37189.88,35515.5,34111.97,34703.44,32939.14,34472.87,35014.22,35916.53,37550.86,33249.88,33229.83,35986.71,34873.87,34783.64,35645.83,35054.32,35124.5,35264.86,35936.58,34583.14,35004.2,34954.07,35726.03,35906.5,34162.1,33300.0,33380.19,30503.57,32427.93,31114.93,30062.6,28900.13,29290.95,28028.34,27757.8,27637.56,28278.85,27346.98,27958.2,28268.83,28659.63,27938.16,27878.04,27577.44,28479.26,28539.39,28038.36,28038.36,27727.74,27978.24,27948.18,27807.9,27667.62,27186.67,28238.77,28519.34
26274.91,26365.08,26044.47,26866.04,26846.0,30232.98,30573.72,30543.65,28038.36,25964.32,28038.36,26174.72,26755.83,29471.34,33480.43,33771.14,34813.72,32868.97,31104.9,32808.83,31886.68,32117.21,31104.9,32508.12,31636.1,35806.24,36518.1,40017.75,40850.18,40910.36,42605.46,38994.84,39155.29,41492.08,41331.6,41010.65,42184.17,39596.54,37721.32,35625.78,37881.75,35766.14,36859.0,32868.97,32317.68,32157.3,31575.97,30964.59,30092.67,29140.63,31004.68,33279.95,33741.06,29351.08,30643.88,31646.13,31515.83,30413.37,33179.71,30002.47,29942.34,33380.19,30453.46,30884.41,31235.19,31896.7,29541.48,30473.5,30142.78,31736.33,30363.26,31405.58,30222.95,30182.86,29371.12,29040.43,30734.08,28178.65,29210.78,30413.37,27697.68,28769.86,27627.54,27797.88,26194.76,25673.78,25122.77,24922.41,26284.93,25503.47,25473.41,25283.06,25293.08,24972.5,26284.93,24802.2,25052.65,25934.27,25834.08,24852.28,24291.29,24231.19,25132.79,24561.77,24681.98,24832.25,24712.04,25844.1,24371.43
24331.36,24511.68,23960.72,25904.21,27647.58,29210.78,30313.15,25513.49,25202.92,24571.78,24932.43,25182.88,25142.81,30774.16,33249.88,33340.09,31275.29,29641.7,28789.9,28469.24,29802.04,31215.15,34683.39,37009.4,37079.59,39275.63,39466.17,37380.39,34954.07,34673.36,32417.91,32077.12,36377.73,35044.3,34673.36,38012.11,33380.19,34753.56,32087.14,32117.21,34472.87,35475.39,37290.15,41762.89,37751.4,36397.78,33390.22,33289.98,30954.57,29130.61,29080.51,30072.63,31716.29,30543.65,28729.78,30363.26,31004.68,30764.14,28910.15,29741.91,29942.34,30623.83,29701.83,29591.59,29391.16,29120.59,30714.03,30884.41,30423.39,28509.32,30343.21,29892.24,30182.86,29270.91,28028.34,28990.32,30293.11,30132.76,30022.52,28880.09,29892.24,28318.93,27477.24,28399.1,27397.08,27707.7,25854.12,24992.54,24912.39,25333.16,24902.38,25673.78,25573.6,24371.43,24912.39,24571.78,24892.36,25152.83,24862.3,24792.18,25363.21,25343.18,24351.4,24401.48,24441.55,25633.71,24010.8,24391.47,24201.13
24952.47,25092.72,24451.57,26194.76,30002.47,30744.1,28178.65,24882.34,25313.12,25653.75,24892.36,25102.74,29782.0,31124.95,33259.9,32177.35,30774.16,28429.16,29541.48,30493.54,33269.93,36859.0,38653.88,36748.71,34252.32,34312.47,30273.06,30022.52,28920.18,27266.82,27777.84,30343.21,34192.17,31435.65,34372.62,30563.7,30463.48,31495.79,33761.11,32488.07,32909.06,31736.33,33650.85,32327.7,35425.26,36217.31,34783.64,36167.18,32237.49,31706.26,32006.96,31054.79,28429.16,31596.01,30243.0,30102.69,31365.49,31255.24,29110.57,31275.29,29982.43,30593.77,31155.01,28028.34,29581.57,29571.55,28579.47,29451.29,29832.11,31395.56,30243.0,31215.15,29331.04,32397.86,31415.6,30573.72,30373.28,30323.17,29932.32,30483.52,29130.61,29862.17,28920.18,27507.3,27537.36,28529.36,26254.87,24641.91,24962.48,24952.47,24692.0,24942.45,24802.2,25353.19,24651.93,25964.32,25473.41,24702.02,24291.29,25273.05,24962.48,25022.59,25072.68,24341.38,24571.78,24231.19,24511.68,24541.73,24541.73
24351.4,25433.34,24952.47,27126.55,29691.8,29751.93,26745.81,24992.54,24421.52,26274.91,25523.51,25232.97,29711.85,29371.12,29180.72,30363.26,32758.71,32878.99,35415.24,36508.07,37250.04,35385.16,34613.21,33189.74,29541.48,28499.3,27617.52,28178.65,27607.5,27296.88,28228.75,28098.48,28699.72,31485.76,33139.62,30483.52,27186.67,28829.98,29381.14,30463.48,30453.46,29942.34,33731.04,31245.22,33279.95,31986.91,34152.07,31024.72,31515.83,32117.21,31094.88,30934.52,30142.78,31265.26,31846.59,31596.01,31686.22,29771.98,28789.9,31345.44,28288.87,29080.51,28619.55,30182.86,30082.65,29240.85,30152.8,28970.28,30423.39,31736.33,30443.43,29190.74,30132.76,30022.52,29371.12,30072.63,29802.04,31235.19,30293.11,29611.63,31345.44,30453.46,30413.37,28439.18,28880.09,28338.97,28789.9,26124.62,25453.38,25884.17,24301.31,25032.61,24832.25,26054.49,25062.66,24872.32,24892.36,24541.73,24511.68,24661.95,24852.28,25072.68,24822.23,25563.58,25242.99,24932.43,25132.79,24932.43,24621.87
25373.23,25343.18,26254.87,29000.34,29771.98,28850.03,25513.49,25523.51,24000.79,25783.99,24862.3,24852.28,27868.02,28278.85,28769.86,30513.59,33279.95,34071.87,32768.73,35314.98,32217.44,34372.62,29751.93,27036.37,28098.48,26735.79,26355.06,27026.35,27587.46,27417.12,27898.08,27938.16,30543.65,28148.59,27346.98,28920.18,27517.32,27286.86,26274.91,26916.14,26856.02,27617.52,29771.98,27517.32,27988.26,29842.13,29942.34,29060.47,30463.48,32638.43,32227.47,32006.96,35455.34,32407.89,30313.15,31305.35,31756.38,32317.68,30413.37,31596.01,28739.8,30253.02,30603.79,29992.45,30453.46,31185.08,28469.24,31195.1,30383.3,29641.7,29661.74,30483.52,30373.28,29731.89,29020.38,29972.41,29140.63,29310.99,30834.3,30864.36,30152.8,30313.15,29932.32,30553.68,29240.85,28579.47,29280.93,28158.61,25824.06,24531.72,24842.27,25062.66,23940.68,24421.52,24501.66,24501.66,24621.87,24351.4,24371.43,24161.06,24411.5,23730.32,24201.13,24341.38,25042.63,25242.99,25313.12,24712.04,24571.78
24561.77,24782.16,27667.62,28459.22,28960.26,25182.88,24481.63,24471.61,24521.7,24221.17,24060.89,24110.98,27326.94,27497.28,28429.16,31365.49,31485.76,32598.33,31335.42,30483.52,30593.77,29110.57,27677.64,28008.3,26956.22,27276.84,26375.1,27006.32,28148.59,27146.59,30774.16,27216.73,27326.94,27256.8,26815.94,28148.59,26725.77,26906.12,27096.49,26896.1,28599.51,27346.98,28078.44,27657.6,27807.9,28829.98,28619.55,29150.66,30192.89,31666.17,33189.74,35846.35,34613.21,35375.14,30373.28,32167.33,32548.21,31585.99,30122.73,31044.77,29210.78,29812.06,29070.49,29080.51,30232.98,29611.63,30333.19,30092.67,28258.81,31405.58,30463.48,30253.02,30433.41,29671.76,31986.91,31786.45,30313.15,31435.65,29351.08,30824.27,30673.94,30423.39,30443.43,29912.28,31014.7,30764.14,30152.8,30724.05,27547.38,25874.15,25072.68,25583.62,23970.73,25242.99,25553.56,24010.8,25643.73,25192.9,24832.25,24491.65,25052.65,23990.77,24802.2,24982.52,24782.16,24882.34,24792.18,24461.59,24131.01
23880.58,24391.47,27377.04,28739.8,25443.36,24912.39,24692.0,25012.58,25052.65,24191.12,24471.61,24541.73,26094.57,27657.6,28559.43,30623.83,31034.75,31646.13,31245.22,28950.24,27737.76,26575.48,27958.2,26405.16,27657.6,27106.51,25924.25,26846.0,28769.86,30243.0,27577.44,27286.86,28178.65,28860.05,28930.19,28639.59,28689.69,27868.02,27306.9,26665.65,26896.1,27166.63,26956.22,26996.29,26575.48,27928.14,28880.09,27196.69,31155.01,30062.6,32838.9,33129.59,34122.0,35716.01,31245.22,31144.99,30643.88,30653.9,32798.81,31856.61,27577.44,30393.32,30132.76,29451.29,29711.85,32177.35,29932.32,29431.25,30874.39,30824.27,29751.93,31205.13,29140.63,32588.31,30904.46,30042.56,30964.59,31596.01,29070.49,30724.05,29741.91,29912.28,29962.39,30774.16,30162.82,31255.24,30112.71,29862.17,29471.34,28739.8,25914.23,24191.12,25222.96,24341.38,24992.54,25323.14,25092.72,24932.43,25222.96,25523.51,25152.83,24571.78,24361.42,23800.44,23870.56,24892.36,24822.23,24601.84,25072.68
24341.38,25092.72,27066.43,28228.75,25012.58,24261.24,25463.39,24301.31,24792.18,25323.14,24591.82,23670.22,25904.21,27858.0,29671.76,28559.43,29731.89,28348.99,30603.79,28218.73,27156.61,26866.04,27407.1,27236.76,27497.28,26575.48,29771.98,30513.59,28228.75,27717.72,26144.66,27667.62,27336.96,26755.83,27276.84,29341.06,28499.3,27888.06,30052.58,27707.7,26765.85,27306.9,28910.15,28389.08,27216.73,27166.63,24892.36,23830.49,25363.21,28609.53,30633.85,33440.34,32127.23,34232.27,35365.11,35505.47,31766.4,29882.21,30824.27,32217.44,32728.64,32197.39,27767.82,29902.26,31345.44,28960.26,29952.37,29391.16,30443.43,29170.7,28338.97,30794.21,29731.89,30353.24,30974.61,30744.1,28920.18,30142.78,29050.45,30513.59,29922.3,31736.33,32267.56,30232.98,30132.76,30764.14,31165.04,31896.7,30463.48,30683.96,29541.48,27106.51,25192.9,24261.24,24922.41,25012.58,24732.07,24040.85,24441.55,24932.43,24621.87,24962.48,24060.89,25102.74,24040.85,24631.89,23750.35,24271.25,24571.78
24762.12,24772.14,27567.42,25623.69,24631.89,25002.56,24722.05,24932.43,23810.46,24581.8,25212.94,24351.4,25353.19,26946.2,28068.42,28338.97,27296.88,27116.53,30924.5,27447.18,28429.16,26635.6,27206.71,26996.29,27417.12,27547.38,26675.68,27086.47,27286.86,27326.94,26495.33,28018.32,26805.92,26615.56,28208.71,27116.53,27407.1,28459.22,27817.92,29310.99,27066.43,27336.96,28389.08,26294.95,29300.97,28819.97,30102.69,28399.1,29451.29,30022.52,28539.39,29551.51,33370.17,33610.75,34763.59,33861.36,31265.26,31826.54,30864.36,30383.3,31686.22,30142.78,31185.08,30162.82,29771.98,29942.34,28479.26,27617.52,29902.26,29621.65,29832.11,29481.35,30834.3,29651.72,31365.49,30483.52,31565.94,29511.42,32508.12,30673.94,30924.5,30623.83,29451.29,29771.98,30734.08,29341.06,31064.81,31846.59,33119.57,32037.02,32067.09,29751.93,26174.72,25062.66,24732.07,24050.87,23279.56,24040.85,24401.48,24421.52,25242.99,23119.29,24141.03,24591.82,24070.91,24631.89,25092.72,25473.41,24671.96
24932.43,25994.38,27336.96,25683.8,24551.75,23590.08,24151.05,23960.72,24712.04,25232.97,24020.82,24351.4,24451.57,26024.44,26725.77,28038.36,27196.69,27837.96,27677.64,28840.01,26815.94,26856.02,27487.26,27116.53,27236.76,27046.39,28499.3,27186.67,27136.57,27026.35,28659.63,26335.02,28058.4,27146.59,26064.51,27427.14,26605.54,27918.12,30142.78,26745.81,27106.51,25012.58,27206.71,30603.79,29190.74,29431.25,29792.02,27908.1,27116.53,27797.88,27216.73,25553.56,30563.7,34041.8,34122.0,36568.23,35525.52,34923.99,33029.35,32878.99,29882.21,31074.84,29341.06,31195.1,29561.53,28338.97,30874.39,31175.06,32167.33,29601.61,29581.57,29000.34,28158.61,30152.8,29481.35,30553.68,28829.98,29160.68,31706.26,30704.01,30704.01,33821.26,31756.38,31114.93,29180.72,29842.13,27797.88,30232.98,31435.65,31114.93,31926.77,31876.65,27467.22,25503.47,25423.32,25363.21,24451.57,25253.01,24862.3,24451.57,24481.63,25493.45,24902.38,24631.89,24621.87,24491.65,24511.68,24752.11,24902.38
23870.56,24361.42,27637.56,25132.79,24521.7,25783.99,25563.58,24501.66,25373.23,24521.7,25002.56,24822.23,24641.91,25182.88,27377.04,27497.28,27727.74,26264.89,27427.14,27336.96,26455.25,26465.27,27106.51,26876.06,29551.51,27487.26,25553.56,26645.61,26264.89,26705.73,28729.78,27256.8,27837.96,26906.12,27537.36,26936.18,27256.8,28779.88,30102.69,27357.0,26034.46,25874.15,25012.58,29531.46,29070.49,29952.37,30764.14,28539.39,29321.02,28088.46,27898.08,26335.02,28870.07,30794.21,34101.95,40820.09,36127.07,33450.36,31175.06,31986.91,29631.68,30433.41,30814.25,30523.61,28910.15,31365.49,27827.94,29391.16,30894.43,29751.93,29371.12,29290.95,29050.45,30904.46,30052.58,29771.98,30914.48,29942.34,30473.5,31014.7,28779.88,30914.48,29170.7,32107.19,31385.53,30393.32,30303.13,30724.05,32016.98,30222.95,32858.95,31656.15,31485.76,28158.61,25273.05,25293.08,25964.32,24391.47,24922.41,23990.77,25212.94,24882.34,24832.25,24461.59,24010.8,24531.72,24631.89,24942.45,24641.91
24722.05,25052.65,26465.27,24872.32,24611.86,25263.03,24511.68,24692.0,24671.96,25563.58,24141.03,25212.94,24982.52,24762.12,26735.79,27968.22,27206.71,26856.02,28138.57,27647.58,26916.14,27888.06,28389.08,29200.76,29661.74,28248.79,26795.91,26405.16,27797.88,27868.02,28078.44,27026.35,27597.48,25974.34,27757.8,28629.57,26184.74,28399.1,29290.95,26926.16,25273.05,25353.19,24862.3,25433.34,24822.23,26996.29,29942.34,30132.76,28819.97,27216.73,26475.29,28599.51,28870.07,33680.92,31816.52,34954.07,32929.11,31926.77,30994.66,30533.63,31966.86,31225.17,32397.86,31475.74,28579.47,30253.02,30393.32,30132.76,30313.15,30663.92,28629.57,27437.16,28799.92,30543.65,27557.4,30673.94,29541.48,29341.06,28439.18,28880.09,31104.9,30894.43,30493.54,30593.77,28318.93,29120.59,30804.23,30543.65,31215.15,31074.84,32638.43,31585.99,32618.38,30343.21,25373.23,24301.31,25232.97,25022.59,24802.2,24491.65,24621.87,23930.66,23880.58,25102.74,24050.87,25363.21,24471.61,24962.48,24110.98
24551.75,23850.53,26284.93,26174.72,25052.65,24461.59,24141.03,24611.86,23670.22,25082.7,24601.84,24872.32,24581.8,24942.45,25854.12,27036.37,27497.28,26335.02,27587.46,28559.43,28489.28,25904.21,27637.56,26385.12,27647.58,27437.16,27166.63,26345.04,28078.44,26956.22,26886.08,27186.67,27837.96,26866.04,28469.24,27076.45,26485.31,26996.29,27787.86,27256.8,25022.59,24742.09,24671.96,24521.7,24151.05,24501.66,25954.3,29361.1,27587.46,27346.98,26455.25,29030.4,31956.84,33239.86,32618.38,28699.72,31004.68,35916.53,32237.49,28990.32,28709.74,31094.88,30253.02,28208.71,31916.75,30062.6,31265.26,30182.86,26856.02,28399.1,29290.95,31746.35,31826.54,32067.09,28379.06,30162.82,30453.46,29290.95,29561.53,28619.55,31014.7,28469.24,29731.89,30814.25,31235.19,29782.0,29050.45,30523.61,30904.46,34563.09,33059.42,32608.36,30724.05,32187.37,27978.24,24251.22,25493.45,23990.77,23940.68,25072.68,24311.33,25353.19,24551.75,25112.75,24772.14,25273.05,24932.43,24281.27,24932.43
25263.03,25092.72,25263.03,24491.65,23379.72,24211.15,24641.91,24491.65,24501.66,25653.75,25102.74,24431.54,24010.8,24341.38,25804.02,26505.35,27326.94,26735.79,26735.79,27066.43,26996.29,27587.46,28268.83,26986.27,26725.77,27417.12,26435.21,26825.96,27296.88,28148.59,27757.8,26986.27,27847.98,26535.4,28409.12,26545.42,27517.32,27256.8,26695.71,27417.12,24641.91,23720.3,23910.63,24772.14,24571.78,23770.39,25142.81,26194.76,25934.27,26485.31,26956.22,30824.27,30513.59,28990.32,30443.43,29120.59,32528.17,33811.24,33700.97,30433.41,29270.91,30323.17,31946.82,32498.1,30503.57,27938.16,29170.7,30012.49,30563.7,30012.49,30413.37,30704.01,31165.04,29912.28,29771.98,30934.52,30172.84,30663.92,27176.65,28369.04,30333.19,32407.89,31034.75,29351.08,27717.72,30613.81,31505.81,31776.43,32919.09,32969.21,32327.7,31565.94,30563.7,32247.51,30854.34,24792.18,24151.05,25313.12,24120.99,25583.62,24641.91,24702.02,24521.7,25132.79,24641.91,24461.59,23560.03,24922.41,23479.89
24301.31,24301.31,24692.0,24892.36,24271.25,25253.01,25423.32,25273.05,24181.1,24912.39,25092.72,23409.78,23650.18,25363.21,25543.54,26835.98,28248.79,28108.51,27617.52,27878.04,27276.84,27086.47,27467.22,26846.0,28058.4,27747.78,27176.65,27266.82,26595.52,27427.14,27086.47,27487.26,25854.12,27377.04,27326.94,27407.1,27507.3,27968.22,27467.22,28359.01,25072.68,23409.78,24020.82,23319.62,24251.22,24381.45,24341.38,26555.44,24321.34,25112.75,23940.68,26976.25,29361.1,29651.72,30192.89,31124.95,33700.97,34663.34,30994.66,29421.23,32648.45,29601.61,32698.57,31134.97,30353.24,29150.66,31515.83,29070.49,27697.68,29661.74,29591.59,29310.99,30222.95,32037.02,29681.78,30082.65,27577.44,30393.32,31616.06,30162.82,27577.44,29541.48,30994.66,29912.28,30353.24,30222.95,29431.25,29210.78,30012.49,29792.02,33169.69,30032.54,31946.82,31195.1,31335.42,28900.13,24221.17,24942.45,25202.92,25022.59,24832.25,24020.82,24361.42,24671.96,23429.81,23940.68,24040.85,23630.15,23680.23
24161.06,24401.48,24872.32,24251.22,25283.06,24561.77,24651.93,24110.98,25022.59,24531.72,25463.39,25212.94,23519.96,25794.01,24952.47,26595.52,29210.78,27978.24,28108.51,28389.08,27537.36,27577.44,27326.94,26896.1,26765.85,27357.0,26956.22,26645.61,26775.87,27086.47,26886.08,27126.55,26986.27,27517.32,26525.39,27797.88,25383.25,28138.57,28348.99,27066.43,25633.71,24261.24,24141.03,25283.06,24541.73,24952.47,24461.59,28058.4,25102.74,24812.21,24131.01,24872.32,24601.84,25783.99,28298.89,28749.82,31044.77,30253.02,32006.96,29661.74,30293.11,29892.24,29952.37,29802.04,30884.41,29110.57,30052.58,30573.72,29421.23,28990.32,30232.98,31104.9,30192.89,30423.39,29180.72,29411.21,27747.78,30633.85,29371.12,30964.59,31104.9,29561.53,31425.63,30453.46,31545.9,29872.19,30092.67,28348.99,30874.39,35004.2,33901.46,30212.93,31616.06,31205.13,30273.06,30082.65,26946.2,24631.89,26194.76,24692.0,24722.05,25122.77,24171.08,22918.95,25002.56,25333.16,24732.07,24531.72,24030.84
24261.24,24732.07,25032.61,24481.63,23489.91,24431.54,24401.48,24000.79,26084.55,24331.36,25283.06,24321.34,24571.78,26695.71,26224.81,27266.82,27467.22,27346.98,26365.08,28539.39,27617.52,27467.22,26024.44,26365.08,26204.78,27377.04,28529.36,27296.88,26896.1,27647.58,27637.56,27567.42,26976.25,27637.56,27096.49,27517.32,26174.72,29110.57,27156.61,27447.18,24541.73,24431.54,25693.82,25313.12,23850.53,24141.03,25613.67,28749.82,30182.86,26695.71,24852.28,24030.84,25493.45,27086.47,25844.1,30283.08,28509.32,30473.5,33811.24,33801.21,31255.24,33360.14,31054.79,32397.86,29892.24,31435.65,30714.03,31215.15,29210.78,33831.29,29601.61,27908.1,30443.43,28429.16,30543.65,26856.02,28900.13,30984.63,30112.71,30443.43,31876.65,28860.05,31004.68,30593.77,29381.14,29661.74,29681.78,31696.24,29771.98,31786.45,31956.84,30954.57,31094.88,30533.63,30744.1,30353.24,28048.38,25583.62,25453.38,24331.36,24521.7,24661.95,24591.82,23710.29,23770.39,24381.45,25122.77,24631.89,22798.76
23870.56,24621.87,23960.72,23950.7,24732.07,24241.2,23960.72,24291.29,24511.68,24722.05,23900.61,25273.05,24641.91,26174.72,26254.87,26545.42,28459.22,27086.47,26004.4,26074.53,27507.3,27216.73,27086.47,27156.61,26585.5,27567.42,27918.12,25773.97,26124.62,27387.06,27407.1,26745.81,27236.76,26856.02,28188.67,27246.78,27727.74,26996.29,26254.87,26555.44,24702.02,24681.98,23820.48,24391.47,24661.95,24792.18,25904.21,29290.95,29431.25,28579.47,26194.76,26635.6,29661.74,29160.68,26635.6,28098.48,29471.34,29391.16,31836.56,34132.02,32949.16,31926.77,31225.17,28038.36,30714.03,31425.63,31465.72,30804.23,27547.38,31054.79,30232.98,29521.44,32578.28,29912.28,30613.81,30493.54,30172.84,29992.45,31606.04,26996.29,31275.29,29852.15,32037.02,30543.65,29671.76,30062.6,31104.9,30613.81,29671.76,29992.45,30263.04,31325.4,30653.9,31666.17,30653.9,30082.65,30844.32,25844.1,23519.96,24501.66,23820.48,23840.51,24681.98,24561.77,24601.84,24261.24,24371.43,24181.1,24551.75
25062.66,23890.6,25162.85,24251.22,24591.82,25112.75,24872.32,25202.92,24671.96,23539.99,25232.97,24772.14,23950.7,25303.1,26284.93,26264.89,27166.63,27256.8,25994.38,26765.85,28288.87,26635.6,26084.55,27948.18,27146.59,26605.54,27797.88,28379.06,27216.73,26805.92,26585.5,26194.76,27326.94,27336.96,27296.88,27657.6,27246.78,27226.75,27176.65,26976.25,27377.04,25343.18,24221.17,24341.38,25212.94,22959.02,26375.1,28900.13,29180.72,29671.76,29260.89,27918.12,27286.86,26615.56,25643.73,26966.23,28930.19,27858.0,29691.8,33821.26,32387.84,32778.76,33149.64,31856.61,28659.63,29932.32,32407.89,30162.82,31235.19,30112.71,33179.71,29020.38,31205.13,30683.96,30062.6,30553.68,31395.56,29601.61,29751.93,32067.09,28960.26,28058.4,30984.63,29751.93,29551.51,31956.84,29541.48,29401.19,29671.76,30904.46,28238.77,30383.3,30643.88,32447.98,29882.21,32458.0,30954.57,28399.1,25543.54,23760.37,24621.87,24171.08,24401.48,23610.11,24010.8,24371.43,23349.67,24421.52,24131.01
24331.36,24631.89,24281.27,24872.32,23870.56,25242.99,24371.43,24491.65,24070.91,24441.55,25653.75,25022.59,23680.23,24772.14,26835.98,25403.28,27066.43,27577.44,26705.73,26134.64,27968.22,27817.92,27767.82,28338.97,27888.06,27387.06,27717.72,26114.61,26946.2,27597.48,26685.69,26615.56,27998.28,26284.93,27236.76,27597.48,26525.39,27306.9,27587.46,26445.23,25683.8,27186.67,24611.86,24922.41,25122.77,23830.49,24411.5,24611.86,26114.61,28449.2,27827.94,29180.72,27667.62,26866.04,26435.21,28108.51,28228.75,27807.9,28799.92,33751.09,33089.49,34101.95,33179.71,31064.81,28008.3,31435.65,32468.03,30533.63,29010.36,29270.91,32698.57,32608.36,31986.91,29070.49,30944.54,32828.88,29771.98,27667.62,27908.1,28278.85,30303.13,30934.52,29351.08,30483.52,30994.66,30473.5,29451.29,32979.23,30473.5,32127.23,31465.72,30613.81,29721.87,28990.32,31255.24,32187.37,30142.78,31245.22,25683.8,25343.18,24241.2,24411.5,25132.79,25393.27,24631.89,24862.3,23550.01,24521.7,24030.84
25092.72,24331.36,25413.3,23369.71,24902.38,24401.48,24822.23,23850.53,24401.48,24962.48,24782.16,24531.72,24952.47,25273.05,25934.27,26234.83,26595.52,27447.18,27206.71,28619.55,28579.47,27647.58,27787.86,27537.36,27387.06,27246.78,26745.81,27577.44,27968.22,27517.32,27026.35,26284.93,27357.0,26946.2,26335.02,27988.26,27607.5,27757.8,27206.71,27256.8,26856.02,27837.96,27577.44,23770.39,23489.91,24581.8,24581.8,24561.77,24541.73,24732.07,27206.71,27777.84,29010.36,26565.46,27136.57,29220.81,28990.32,28288.87,32307.65,35816.27,35294.93,34422.74,34081.9,29371.12,30814.25,30623.83,29150.66,29872.19,30603.79,30583.74,29651.72,30102.69,30082.65,29491.38,29711.85,30283.08,29210.78,27417.12,29030.4,28499.3,28669.65,28840.01,30623.83,29771.98,31716.29,30202.91,29250.87,32838.9,29621.65,29471.34,31926.77,29852.15,29611.63,29331.04,31345.44,30633.85,30643.88,31425.63,26956.22,24762.12,24812.21,24411.5,25042.63,23720.3,24802.2,23850.53,25383.25,25062.66,23339.66
24181.1,24401.48,23840.51,24812.21,25353.19,24732.07,24541.73,24942.45,24371.43,24070.91,25002.56,23760.37,23429.81,24311.33,26515.37,25373.23,26104.59,26224.81,27487.26,27316.92,27146.59,26906.12,26815.94,28338.97,26946.2,26164.7,26515.37,27507.3,26956.22,27046.39,26896.1,26856.02,26635.6,26946.2,26575.48,27908.1,25834.08,26886.08,28920.18,27577.44,27276.84,26635.6,27216.73,29250.87,25403.28,25483.43,24541.73,25082.7,24561.77,24722.05,24772.14,28058.4,27777.84,27487.26,27847.98,29701.83,30894.43,31215.15,30263.04,32337.72,35445.31,34733.52,32818.85,33310.02,31225.17,29751.93,30443.43,31505.81,32277.58,29992.45,29792.02,38132.44,29972.41,30493.54,29641.7,29060.47,31195.1,30413.37,29591.59,29882.21,28990.32,29040.43,28589.49,29561.53,29671.76,30222.95,29681.78,32267.56,29010.36,30744.1,30724.05,28298.89,30794.21,30273.06,30563.7,30643.88,29962.39,31054.79,29461.31,24221.17,25283.06,24251.22,23830.49,26395.14,24020.82,24732.07,24681.98,23920.65,24752.11
24431.54,24882.34,24902.38,23810.46,24782.16,24211.15,25002.56,24812.21,24812.21,24772.14,24912.39,24762.12,24782.16,23870.56,25142.81,25483.43,27086.47,26304.97,26805.92,27306.9,27246.78,27407.1,26565.46,27577.44,27537.36,26405.16,25373.23,26365.08,27056.41,26896.1,26876.06,27126.55,27567.42,26465.27,25814.04,25593.63,27607.5,26345.04,27607.5,26745.81,28308.91,26946.2,27106.51,26655.63,26325.0,23840.51,23049.17,23870.56,23700.27,25273.05,24692.0,23570.05,24992.54,25543.54,26385.12,27938.16,28980.3,27266.82,29651.72,30563.7,33400.24,34332.52,33690.94,31966.86,30563.7,28419.14,32277.58,30874.39,31656.15,29912.28,30132.76,28850.03,28990.32,27657.6,31225.17,29381.14,30653.9,32117.21,28840.01,28829.98,31976.89,29290.95,29401.19,32207.42,29792.02,30403.35,30834.3,32197.39,29591.59,30764.14,31175.06,30052.58,30683.96,28749.82,30724.05,30593.77,30904.46,32778.76,31405.58,25002.56,24862.3,23980.75,24732.07,23419.79,25132.79,24852.28,23770.39,24762.12,25022.59
23650.18,24762.12,23459.86,23740.34,24822.23,23409.78,24501.66,24782.16,25042.63,24822.23,23670.22,24311.33,24341.38,23499.93,26084.55,25703.84,27537.36,26926.16,27206.71,26445.23,26294.95,26144.66,25944.29,27647.58,27176.65,26415.18,26565.46,27417.12,25954.3,27026.35,28188.67,26545.42,26886.08,26986.27,25844.1,25844.1,26936.18,26866.04,27196.69,28589.49,27928.14,27246.78,27316.92,27567.42,27737.76,25563.58,24281.27,23309.61,24401.48,24802.2,24241.2,24802.2,25333.16,26876.06,26775.87,27186.67,27487.26,26465.27,32027.0,30453.46,33620.77,33801.21,35535.55,32016.98,32207.42,30002.47,31866.63,30804.23,30102.69,32949.16,28318.93,32197.39,32568.26,31054.79,30994.66,31746.35,29962.39,29952.37,29481.35,27898.08,31175.06,30914.48,30373.28,31155.01,31575.97,31515.83,30052.58,29601.61,30132.76,29872.19,31836.56,31215.15,31155.01,30784.19,31104.9,31986.91,32277.58,30022.52,30222.95,27016.34,24812.21,25102.74,24361.42,24571.78,24882.34,24251.22,25092.72,24141.03,24110.98
35004.2,34252.32,34603.19,33851.33,34482.89,35094.42,34031.77,34533.01,33670.9,34713.46,34813.72,33350.12,33219.81,33289.98,36327.6,34543.04,35475.39,35505.47,36257.41,35505.47,36117.05,34623.24,34893.92,35054.32,35585.68,35184.65,34974.12,34182.15,33610.75,34643.29,33680.92,33991.68,33490.46,32929.11,34673.36,33580.68,34913.97,33079.47,32758.71,32558.24,34603.19,36006.76,34322.49,32267.56,34222.24,34061.85,32979.23,33761.11,32538.19,30473.5,30623.83,31014.7,34653.31,34162.1,34292.42,33851.33,33991.68,31475.74,35104.45,32878.99,42454.99,38002.08,44561.6,42996.66,38052.22,37009.4,38553.61,34843.79,37611.02,36548.18,38613.77,39516.31,36919.16,39546.4,35756.11,35314.98,38663.91,34633.26,36457.94,35304.96,35104.45,33971.63,37801.54,32848.92,34543.04,36056.89,33490.46,35485.42,37651.13,34883.89,36498.04,36107.02,37019.43,36528.12,33500.48,37129.72,36397.78,34813.72,35415.24,31906.72,29451.29,27948.18,28158.61,28018.32,26996.29,28058.4,27978.24,26785.89,27497.28
27517.32,27316.92,26545.42,27016.34,26976.25,27717.72,26725.77,26385.12,27236.76,26134.64,26856.02,26375.1,26034.46,27126.55,28158.61,28639.59,30874.39,30393.32,29882.21,29030.4,28719.76,28950.24,29000.34,28008.3,30483.52,28198.69,28228.75,28429.16,28870.07,28158.61,27717.72,28008.3,29381.14,28048.38,28559.43,29190.74,28890.11,30092.67,29681.78,28579.47,30072.63,27827.94,28940.22,29010.36,29381.14,29511.42,29170.7,30042.56,29661.74,29310.99,29862.17,29180.72,28599.51,31726.31,31375.51,29150.66,29852.15,28639.59,33801.21,27357.0,32828.88,34252.32,39877.35,38683.97,34172.12,37781.48,34883.89,28689.69,32698.57,30152.8,31325.4,34412.71,33259.9,31956.84,33560.63,28589.49,31355.47,28799.92,31325.4,31094.88,29872.19,27908.1,32207.42,31165.04,31395.56,32979.23,30653.9,31696.24,31926.77,30523.61,32628.4,32057.07,33239.86,30924.5,33600.72,31505.81,33841.31,33079.47,31996.93,31305.35,26144.66,26114.61,24752.11,24341.38,24732.07,25253.01,25433.34,25072.68,25132.79
26094.57,25152.83,24671.96,24251.22,24621.87,25142.81,25623.69,25513.49,24782.16,23730.32,24972.5,24661.95,25212.94,24992.54,27256.8,25824.06,27577.44,26755.83,27677.64,27717.72,26395.14,26365.08,26535.4,26415.18,28489.28,27657.6,27146.59,27888.06,27827.94,26896.1,26545.42,26605.54,26966.23,27547.38,26996.29,26886.08,26886.08,26695.71,27357.0,26515.37,26765.85,28409.12,27036.37,26405.16,26685.69,27928.14,27316.92,27787.86,28168.63,28278.85,27757.8,27477.24,28389.08,29310.99,28138.57,28178.65,28930.19,28168.63,28218.73,28549.41,29140.63,33540.58,34934.02,37741.37,39375.91,36889.08,35124.5,32067.09,30854.34,30884.41,31375.51,31134.97,32347.75,31806.49,31956.84,32437.96,32317.68,31265.26,28669.65,27437.16,31726.31,29361.1,28990.32,31054.79,30343.21,30714.03,29902.26,30192.89,30132.76,31285.31,30343.21,32257.53,31636.1,30693.99,30974.61,31596.01,32518.14,31245.22,31495.79,31555.92,25673.78,25753.93,25202.92,25122.77,24561.77,24381.45,24471.61,24631.89,25162.85
24401.48,24481.63,24982.52,24171.08,25533.53,25002.56,24241.2,24521.7,23780.4,23449.84,23860.54,24992.54,23319.62,25443.36,26405.16,25904.21,26936.18,26274.91,28008.3,27316.92,27286.86,27266.82,25804.02,26345.04,27667.62,26645.61,27727.74,27016.34,25974.34,27236.76,26926.16,27186.67,27166.63,27487.26,27507.3,27657.6,27236.76,26224.81,27797.88,26635.6,26274.91,27296.88,27236.76,27747.78,28168.63,27036.37,26054.49,28328.95,28038.36,27126.55,27387.06,28709.74,29240.85,28158.61,28509.32,28318.93,27737.76,27517.32,27667.62,28669.65,25663.76,30423.39,33219.81,36157.15,36117.05,36337.63,33991.68,28499.3,29942.34,30724.05,32307.65,26916.14,32628.4,31585.99,29641.7,31686.22,30243.0,30864.36,28930.19,29060.47,30623.83,29581.57,30593.77,27607.5,30633.85,28599.51,27998.28,29461.31,30232.98,31956.84,29731.89,31235.19,29982.43,28679.67,30112.71,31345.44,30774.16,31876.65,29300.97,30122.73,28208.71,25172.86,24351.4,24651.93,24671.96,24441.55,24110.98,23970.73,24351.4
24000.79,24621.87,24742.09,23660.2,23910.63,24521.7,25543.54,23810.46,24872.32,24291.29,25152.83,25503.47,25072.68,25583.62,25323.14,27216.73,27507.3,27216.73,26815.94,27246.78,26986.27,25924.25,27156.61,28429.16,26705.73,26655.63,27306.9,26846.0,27226.75,27898.08,26715.75,27046.39,27367.02,26705.73,27336.96,27958.2,27827.94,27948.18,27166.63,26365.08,27266.82,27487.26,29501.4,27517.32,27176.65,27547.38,27086.47,27367.02,27166.63,27597.48,28709.74,29100.55,27266.82,27216.73,25914.23,28268.83,27086.47,30463.48,27998.28,30072.63,28699.72,28539.39,33029.35,34923.99,37330.26,36838.95,33881.41,32588.31,30293.11,30483.52,31064.81,32778.76,30824.27,33219.81,32548.21,33640.82,27387.06,31365.49,29391.16,30874.39,30303.13,29391.16,31185.08,32227.47,30523.61,30243.0,29100.55,31455.69,30152.8,34212.22,30994.66,31956.84,28359.01,28890.11,30283.08,31565.94,31726.31,31746.35,32688.54,33219.81,29040.43,24361.42,24000.79,24792.18,24972.5,24852.28,24491.65,25413.3,24822.23
34853.82,35134.52,35365.11,34723.49,34101.95,34543.04,34703.44,34402.69,34743.54,34683.39,34713.46,35475.39,32327.7,35645.83,34913.97,36006.76,35625.78,36678.52,35395.19,34934.02,36869.03,36508.07,36387.76,34422.74,35525.52,34402.69,35294.93,34332.52,34893.92,34633.26,35345.06,34462.84,34522.99,36056.89,36187.23,34272.37,34873.87,34122.0,34482.89,33159.66,33991.68,35114.47,34232.27,34442.79,34442.79,32728.64,33881.41,33931.53,33410.26,33650.85,31716.29,32949.16,34573.11,33931.53,33390.22,33670.9,30182.86,33530.55,32718.62,37641.1,38633.83,36989.35,42194.2,38072.28,48665.38,42274.44,35114.47,38483.41,36347.65,38222.69,38182.58,34292.42,38062.25,36768.76,34773.62,35004.2,38042.19,37961.97,34944.04,36327.6,34252.32,33540.58,36177.21,35746.09,32919.09,34863.84,35485.42,38593.72,35074.37,35054.32,35726.03,36778.79,35335.04,37330.26,35826.3,35976.68,36167.18,34974.12,35605.73,37280.12,33139.62,28569.45,28609.53,28539.39,27918.12,27767.82,28389.08,27306.9,28158.61
26705.73,26214.79,27026.35,25874.15,26725.77,26375.1,25894.19,26595.52,26144.66,27086.47,27387.06,27076.45,25303.1,27056.41,27647.58,29491.38,29421.23,29691.8,28910.15,28880.09,30122.73,28860.05,28028.34,28359.01,28379.06,30062.6,28078.44,29070.49,29080.51,29210.78,29120.59,29882.21,28739.8,28359.01,28910.15,28829.98,29601.61,29401.19,28298.89,28779.88,29761.96,27567.42,28930.19,28268.83,27898.08,29431.25,28068.42,26785.89,28829.98,27888.06,28619.55,28389.08,28609.53,28920.18,28809.94,28168.63,30844.32,29892.24,27938.16,28298.89,30724.05,30643.88,32367.79,34703.44,35114.47,33861.36,32979.23,31756.38,32788.78,32478.05,32257.53,32498.1,30433.41,32087.14,33139.62,30994.66,30643.88,30984.63,29942.34,28529.36,32858.95,29280.93,32889.02,30884.41,30172.84,32538.19,34282.39,30964.59,30954.57,33881.41,27847.98,31325.4,32367.79,31565.94,30984.63,31666.17,32167.33,32307.65,31445.67,32057.07,29681.78,26054.49,25723.88,24862.3,25112.75,24902.38,25283.06,26154.68,23580.06
24291.29,24782.16,24752.11,24812.21,25172.86,23870.56,24551.75,24842.27,25753.93,24631.89,25172.86,24171.08,24231.19,24651.93,26896.1,27567.42,27146.59,27988.26,27968.22,27968.22,26485.31,27106.51,26585.5,28068.42,27146.59,28348.99,26595.52,27757.8,27637.56,26264.89,27326.94,27086.47,27577.44,27998.28,27076.45,27286.86,27707.7,27667.62,27136.57,28399.1,26745.81,26234.83,27727.74,27557.4,28459.22,31415.6,27106.51,26916.14,26204.78,27226.75,28028.34,26254.87,27537.36,29220.81,27326.94,28078.44,28399.1,28308.91,27617.52,28038.36,27397.08,28188.67,30543.65,31415.6,33049.4,37209.94,35986.71,32006.96,32437.96,27246.78,31816.52,32177.35,30884.41,29862.17,31195.1,31104.9,31956.84,32047.05,30683.96,30082.65,32878.99,31766.4,29982.43,27938.16,32207.42,31545.9,30202.91,30082.65,31034.75,27166.63,31806.49,30343.21,32959.19,30683.96,31756.38,32458.0,29932.32,32417.91,30904.46,31756.38,29331.04,24141.03,24471.61,25212.94,24581.8,25393.27,24712.04,24141.03,24772.14
25102.74,24371.43,24421.52,23960.72,23910.63,23960.72,25142.81,25593.63,24271.25,24942.45,24681.98,24692.0,24702.02,24571.78,26585.5,26425.19,27006.32,27457.2,26345.04,27487.26,27236.76,26916.14,27517.32,26044.47,27677.64,27687.66,26294.95,27577.44,28288.87,27457.2,26846.0,27186.67,26565.46,27557.4,28659.63,28399.1,28298.89,26535.4,26264.89,26856.02,27326.94,26735.79,27236.76,28208.71,28679.67,31936.79,26886.08,27547.38,26134.64,27547.38,27186.67,28389.08,26966.23,28719.76,27417.12,29391.16,27507.3,27547.38,27447.18,26425.19,26314.98,26254.87,30172.84,32548.21,35134.52,38423.24,37009.4,35846.35,32788.78,31876.65,31375.51,31816.52,30714.03,31144.99,29912.28,29621.65,30754.12,31325.4,29321.02,28158.61,31064.81,30373.28,30854.34,30202.91,29351.08,30603.79,29180.72,29932.32,30593.77,30994.66,30784.19,31896.7,29771.98,30603.79,31495.79,30313.15,30583.74,31515.83,32447.98,30994.66,30934.52,25713.86,25142.81,25413.3,24341.38,24641.91,26595.52,24782.16,24752.11
24611.86,23720.3,23770.39,24852.28,24531.72,25343.18,24752.11,24511.68,25152.83,24010.8,24451.57,25423.32,24661.95,25042.63,26866.04,26284.93,26906.12,27447.18,26254.87,26946.2,26956.22,27517.32,27417.12,26645.61,28048.38,26906.12,27847.98,27447.18,28469.24,27256.8,28118.52,26054.49,27116.53,27557.4,27847.98,27076.45,27687.66,27868.02,26976.25,26956.22,27567.42,27016.34,27597.48,28549.41,27477.24,30383.3,26244.85,27577.44,28308.91,27517.32,28639.59,27888.06,27888.06,28038.36,28819.97,29771.98,29280.93,27467.22,28048.38,27517.32,28008.3,29942.34,28850.03,30483.52,34533.01,37931.89,37891.78,36869.03,35435.29,32929.11,32437.96,33751.09,31114.93,32297.63,31515.83,29721.87,30463.48,31435.65,32037.02,31004.68,30734.08,30283.08,28519.34,30593.77,30874.39,30353.24,30533.63,30593.77,29050.45,28389.08,29922.3,31485.76,30934.52,30202.91,30202.91,31656.15,29020.38,32097.17,32989.26,30313.15,30152.8,25954.3,24982.52,23970.73,24110.98,24601.84,24161.06,24882.34,24661.95
25443.36,23580.06,25022.59,24832.25,25202.92,25012.58,24351.4,24802.2,24962.48,23960.72,25633.71,24972.5,24381.45,26445.23,27847.98,27587.46,27607.5,27116.53,26485.31,27226.75,26665.65,27306.9,27787.86,27677.64,26886.08,28359.01,27246.78,26755.83,26715.75,27948.18,27507.3,26896.1,27547.38,26725.77,27216.73,28088.46,27607.5,26695.71,27827.94,27918.12,28158.61,25974.34,27507.3,28248.79,27687.66,26204.78,27687.66,27437.16,26715.75,28268.83,26765.85,27326.94,27346.98,26415.18,27146.59,27477.24,27627.54,27116.53,28549.41,27627.54,27878.04,27807.9,30964.59,29641.7,32297.63,33620.77,35304.96,32598.33,30764.14,33570.65,32207.42,30934.52,31094.88,29541.48,29411.21,31916.75,32969.21,28809.94,30523.61,33300.0,30814.25,30944.54,31144.99,31846.59,29731.89,30844.32,31636.1,31024.72,31235.19,30463.48,30533.63,29782.0,32708.59,32107.19,28599.51,30503.57,30964.59,32558.24,32257.53,30293.11,30513.59,26495.33,24802.2,24241.2,24551.75,25533.53,24972.5,24772.14,23199.42
24341.38,24000.79,23930.66,23760.37,24251.22,24221.17,24852.28,24762.12,24341.38,24301.31,24050.87,24571.78,24481.63,25874.15,28018.32,26685.69,27898.08,26314.98,26825.96,26685.69,27246.78,26645.61,26004.4,25844.1,26595.52,27236.76,27196.69,26946.2,25964.32,26595.52,27306.9,26415.18,27086.47,28098.48,26365.08,27306.9,26595.52,28028.34,28158.61,28308.91,28729.78,27517.32,28479.26,27827.94,27226.75,27256.8,27657.6,27346.98,27437.16,27787.86,29611.63,26976.25,27276.84,27637.56,28138.57,27988.26,27226.75,29270.91,29461.31,28258.81,28629.57,30563.7,31084.86,29260.89,30784.19,32778.76,35886.45,31636.1,32758.71,31756.38,30633.85,32498.1,31024.72,32728.64,29300.97,30914.48,31205.13,31756.38,30333.19,32307.65,29280.93,30573.72,30403.35,31104.9,28138.57,28749.82,33841.31,30613.81,29331.04,31886.68,32227.47,30212.93,31014.7,31455.69,31505.81,29731.89,29902.26,29952.37,31305.35,30232.98,30944.54,27617.52,25002.56,24181.1,23519.96,24501.66,25002.56,24181.1,24601.84
24601.84,24591.82,24201.13,24381.45,25232.97,23509.94,24151.05,24030.84,24651.93,23279.56,25513.49,25303.1,25142.81,26545.42,27477.24,27667.62,27006.32,26635.6,26946.2,26435.21,26805.92,27016.34,27858.0,27186.67,26415.18,25864.14,27827.94,28539.39,26956.22,25924.25,26555.44,26856.02,26846.0,27256.8,28008.3,27777.84,27086.47,27357.0,27377.04,29441.27,27878.04,28930.19,27196.69,26655.63,27286.86,27437.16,27657.6,26946.2,28258.81,28439.18,26335.02,26395.14,26304.97,27547.38,27787.86,26565.46,28369.04,27387.06,28328.95,28359.01,28779.88,29731.89,27156.61,29381.14,30704.01,33710.99,38764.19,35535.55,34152.07,30984.63,31094.88,29771.98,28258.81,30764.14,30022.52,31976.89,31094.88,31064.81,30052.58,31465.72,32758.71,30092.67,31054.79,31195.1,31104.9,31445.67,31235.19,28439.18,30052.58,31134.97,30172.84,30543.65,27918.12,31866.63,27016.34,34152.07,31966.86,30603.79,31545.9,30583.74,32748.69,26455.25,23940.68,25503.47,24361.42,23990.77,24832.25,24571.78,24651.93
24581.8,25333.16,23940.68,24671.96,25222.96,23319.62,23600.1,24541.73,23229.47,24030.84,24201.13,24591.82,25132.79,27447.18,26765.85,27607.5,25984.36,26896.1,26294.95,26605.54,25773.97,26585.5,25884.17,27657.6,25894.19,27226.75,27407.1,27928.14,26846.0,26625.58,27056.41,26785.89,27126.55,26605.54,27156.61,26395.14,27096.49,26365.08,27166.63,27377.04,28549.41,26715.75,26134.64,26495.33,27918.12,26926.16,26886.08,27336.96,26505.35,27276.84,27657.6,26405.16,27557.4,26775.87,27497.28,27176.65,28729.78,27507.3,27226.75,25002.56,27827.94,28960.26,28138.57,29190.74,30232.98,28158.61,29701.83,30333.19,31565.94,30052.58,30212.93,29872.19,31535.88,29731.89,33139.62,29761.96,28910.15,29140.63,29661.74,30533.63,27687.66,31074.84,28950.24,28068.42,31064.81,27617.52,31084.86,28429.16,29401.19,30172.84,30643.88,29491.38,29461.31,30653.9,31375.51,32006.96,32167.33,32107.19,33330.07,31706.26,31906.72,27767.82,24822.23,24110.98,24601.84,24341.38,24141.03,25062.66,23489.91
24661.95,24792.18,24782.16,23940.68,24531.72,23890.6,24641.91,23449.84,24451.57,24491.65,24191.12,25653.75,25874.15,26385.12,27016.34,25693.82,26435.21,25773.97,26936.18,26785.89,26595.52,27226.75,26545.42,26475.29,26264.89,27497.28,27036.37,25673.78,26926.16,26395.14,26866.04,25543.54,27036.37,27487.26,27757.8,26775.87,26705.73,27136.57,27296.88,28048.38,26044.47,27016.34,27587.46,26665.65,28108.51,27507.3,28509.32,27226.75,26795.91,27617.52,27747.78,26445.23,25964.32,27136.57,26365.08,29290.95,27757.8,26595.52,27807.9,27026.35,27126.55,27457.2,28439.18,28880.09,27246.78,29130.61,28809.94,29711.85,31525.85,30493.54,29721.87,31806.49,33279.95,31195.1,31114.93,31034.75,30002.47,31375.51,29792.02,30734.08,29321.02,32337.72,31034.75,28088.46,29391.16,30864.36,28629.57,27397.08,30914.48,31525.85,31335.42,29701.83,31435.65,30393.32,29511.42,33901.46,29782.0,30603.79,30563.7,29872.19,29842.13,26705.73,25553.56,23449.84,24030.84,24561.77,25122.77,24471.61,23920.65
35355.08,35014.22,35495.44,34312.47,34472.87,34522.99,33440.34,33791.19,33320.05,34302.44,34643.29,36498.04,36899.11,37982.03,36437.89,36598.31,35886.45,35846.35,35635.8,34994.17,35445.31,34302.44,34683.39,35355.08,35495.44,33480.43,35796.22,33851.33,34723.49,35565.62,35726.03,34713.46,34442.79,33921.51,34342.54,35104.45,35836.32,34533.01,33340.09,33811.24,33861.36,33390.22,34041.8,34352.57,34563.09,35164.6,34633.26,33700.97,32728.64,31786.45,33149.64,33320.05,34292.42,32728.64,33049.4,34633.26,32608.36,32247.51,34392.67,33109.54,34793.66,34653.31,34282.39,34533.01,34182.15,36718.63,38052.22,35776.16,38483.41,39456.14,39155.29,37600.99,37621.04,36508.07,34282.39,35375.14,35154.58,34693.42,36097.0,34843.79,34954.07,35846.35,33460.39,35014.22,35685.93,33771.14,37159.8,35244.8,34142.05,33430.31,36127.07,33169.69,37019.43,35716.01,34172.12,35906.5,33330.07,34111.97,35525.52,33340.09,34994.17,30583.74,27908.1,27547.38,27667.62,27677.64,27717.72,28208.71,27537.36
26365.08,26475.29,26034.46,26775.87,27487.26,26294.95,26695.71,26184.74,27016.34,24952.47,26976.25,27537.36,29591.59,29611.63,29832.11,29501.4,28649.61,29190.74,29100.55,28669.65,29481.35,29321.02,27617.52,29411.21,28308.91,27437.16,28759.84,27988.26,28900.13,29822.08,28409.12,29561.53,29220.81,29351.08,28218.73,28268.83,28178.65,28028.34,29471.34,28880.09,29090.53,28318.93,28178.65,28198.69,29040.43,28739.8,28799.92,28098.48,28629.57,27898.08,29250.87,29491.38,29000.34,29601.61,28248.79,29661.74,28799.92,29521.44,27918.12,28569.45,28529.36,25763.95,27517.32,29080.51,32257.53,33931.53,35655.86,30353.24,33861.36,35154.58,33630.8,31606.04,33781.16,31666.17,31686.22,33410.26,31495.79,32177.35,30473.5,31616.06,30704.01,31946.82,32397.86,29922.3,30052.58,31555.92,30894.43,31826.54,28038.36,30092.67,32347.75,29481.35,32267.56,30653.9,30473.5,31225.17,32277.58,33540.58,30874.39,31836.56,31445.67,27397.08,24351.4,25583.62,25643.73,23750.35,25212.94,25222.96,25553.56
34793.66,35756.11,34563.09,34923.99,34653.31,34723.49,34021.75,35124.5,34583.14,33751.09,37119.69,36939.21,36357.68,36818.89,34813.72,36337.63,36718.63,36528.12,34553.06,35685.93,35726.03,35535.55,36377.73,37611.02,37009.4,34883.89,34543.04,34101.95,33199.76,33400.24,33510.51,32969.21,33400.24,33340.09,33781.16,34081.9,32878.99,34292.42,33099.52,33049.4,32087.14,33390.22,33380.19,34212.22,32147.28,33450.36,34172.12,33981.65,32277.58,33741.06,32768.73,33690.94,33400.24,34242.29,34713.46,33610.75,35375.14,33660.87,33510.51,31195.1,32558.24,33791.19,32016.98,34873.87,33660.87,34813.72,34212.22,33941.55,40669.65,41803.02,44882.64,39636.66,43939.61,40268.48,43036.79,41090.89,39135.23,39365.89,39335.8,39586.52,37931.89,37049.51,37400.45,36137.1,32678.52,35766.14,38984.81,36287.49,33590.7,37751.4,36137.1,33951.58,32087.14,33761.11,33721.02,36237.36,34533.01,35605.73,35585.68,34643.29,34603.19,30874.39,28038.36,27076.45,27918.12,27767.82,27186.67,28669.65,27156.61
27457.2,26996.29,26304.97,26555.44,26785.89,27377.04,27306.9,27196.69,26475.29,27056.41,30082.65,30633.85,30343.21,29050.45,29090.53,28188.67,29651.72,28759.84,28910.15,27467.22,29130.61,31014.7,28549.41,29120.59,28569.45,27597.48,28920.18,28208.71,28218.73,28619.55,27988.26,27557.4,27296.88,28018.32,27547.38,27777.84,28288.87,28789.9,28268.83,27727.74,28749.82,28338.97,27487.26,29140.63,28449.2,28559.43,28328.95,27497.28,28940.22,28028.34,29361.1,29591.59,28238.77,28509.32,29080.51,28809.94,27056.41,27537.36,28920.18,27557.4,27206.71,28018.32,30202.91,30623.83,29982.43,29611.63,30553.68,33670.9,39014.89,39676.77,37310.2,32267.56,30573.72,30704.01,33450.36,32668.5,34944.04,31866.63,32207.42,31225.17,29571.55,32818.85,32367.79,31165.04,29882.21,29621.65,32738.66,31866.63,28308.91,31245.22,29080.51,29761.96,29240.85,32006.96,30764.14,28379.06,30974.61,32407.89,32207.42,31435.65,31686.22,26936.18,25242.99,25844.1,25884.17,23960.72,25253.01,23820.48,25102.74
24541.73,24631.89,25072.68,24371.43,24601.84,25463.39,24732.07,24451.57,24912.39,26565.46,26936.18,25964.32,28108.51,27898.08,27707.7,28048.38,27046.39,26555.44,26234.83,26655.63,28609.53,27316.92,26575.48,27206.71,27096.49,28008.3,26715.75,26325.0,26765.85,28068.42,26345.04,26014.42,26675.68,27226.75,26825.96,26735.79,26815.94,28338.97,26505.35,26936.18,27126.55,26485.31,25643.73,28509.32,26174.72,26605.54,26866.04,26665.65,27487.26,27547.38,27026.35,26725.77,28048.38,27086.47,27046.39,28960.26,28639.59,27176.65,28749.82,28218.73,26996.29,28840.01,28930.19,29190.74,28890.11,29501.4,28689.69,30543.65,29741.91,28058.4,31205.13,32568.26,32638.43,29140.63,29912.28,31185.08,32237.49,31786.45,30082.65,32608.36,31415.6,28699.72,30202.91,29060.47,28328.95,30704.01,30623.83,28970.28,29481.35,30273.06,30313.15,29240.85,28950.24,32087.14,30794.21,26625.58,28469.24,33179.71,30112.71,32277.58,30463.48,26605.54,25122.77,25092.72,25373.23,24090.94,24992.54,26795.91,24712.04
24371.43,24491.65,25443.36,24692.0,24461.59,23880.58,24621.87,23800.44,25303.1,26094.57,27968.22,28208.71,26375.1,27928.14,28479.26,26455.25,27276.84,26014.42,27357.0,27377.04,29701.83,26034.46,26615.56,26114.61,27076.45,26835.98,27266.82,26815.94,26405.16,26284.93,25653.75,26254.87,25994.38,26184.74,25623.69,27126.55,28078.44,28168.63,26775.87,26585.5,26585.5,27597.48,27016.34,25182.88,27026.35,26946.2,26425.19,27737.76,28359.01,27918.12,27837.96,27847.98,27236.76,26956.22,27677.64,28799.92,27797.88,27136.57,28569.45,30503.57,30152.8,27777.84,28178.65,27767.82,28328.95,26876.06,28118.52,27817.92,28148.59,28048.38,33981.65,34533.01,33981.65,31616.06,30704.01,31425.63,32858.95,30623.83,29802.04,32277.58,78039.33,32347.75,30663.92,30012.49,31355.47,30343.21,31966.86,30663.92,29601.61,31505.81,29050.45,27757.8,31786.45,32818.85,30974.61,30483.52,31315.38,32989.26,31084.86,31736.33,29952.37,26445.23,24381.45,23860.54,22888.9,23760.37,28118.52,28348.99,27387.06
24792.18,23760.37,24872.32,23770.39,23980.75,23900.61,25122.77,25263.03,25082.7,26144.66,26755.83,27727.74,26906.12,26956.22,26274.91,26655.63,28338.97,25613.67,26675.68,27196.69,26375.1,25232.97,26705.73,26375.1,26615.56,26916.14,26445.23,27437.16,26795.91,26314.98,27627.54,25904.21,26635.6,25753.93,25593.63,27246.78,27507.3,28559.43,27427.14,26475.29,25804.02,27777.84,27206.71,27186.67,27417.12,26785.89,27186.67,27377.04,26525.39,28489.28,28288.87,26655.63,26805.92,27817.92,26775.87,29290.95,27607.5,27477.24,28188.67,26635.6,28469.24,28168.63,28729.78,28308.91,28308.91,27607.5,27066.43,27316.92,28359.01,31585.99,34212.22,37039.48,37972.0,36447.91,37681.21,31656.15,32307.65,28198.69,30874.39,32097.17,29240.85,30714.03,31816.52,29872.19,31465.72,29491.38,29300.97,28188.67,30212.93,30924.5,31726.31,30162.82,33951.58,31195.1,32568.26,30633.85,29651.72,32367.79,31836.56,31104.9,30062.6,26024.44,24712.04,24692.0,24782.16,24521.7,28529.36,28218.73,26415.18
24902.38,25102.74,25042.63,24261.24,24962.48,25633.71,25122.77,24561.77,25733.89,27056.41,26916.14,26996.29,27527.34,27076.45,26585.5,28308.91,26695.71,25773.97,26164.7,26084.55,25393.27,25633.71,25413.3,26244.85,26335.02,27146.59,26335.02,26936.18,26294.95,25433.34,26465.27,27807.9,26425.19,26785.89,26204.78,26294.95,29030.4,27346.98,26074.53,26615.56,25954.3,27086.47,26916.14,27026.35,26695.71,27567.42,27266.82,26755.83,26896.1,27577.44,27918.12,27607.5,26234.83,27407.1,28419.14,30443.43,30633.85,28218.73,26906.12,27497.28,27507.3,27487.26,27056.41,27757.8,27888.06,27166.63,27256.8,26725.77,26805.92,31555.92,34001.7,31195.1,32768.73,34633.26,35665.88,31515.83,30974.61,31666.17,31946.82,30323.17,30303.13,26725.77,30092.67,28900.13,31445.67,30583.74,30854.34,28569.45,29822.08,31094.88,30724.05,31816.52,30744.1,30403.35,33059.42,32899.04,32548.21,32167.33,31596.01,32137.26,30523.61,25172.86,24181.1,24712.04,24762.12,25242.99,27216.73,26164.7,24822.23
25042.63,25473.41,25333.16,25453.38,24171.08,24291.29,24531.72,23650.18,27016.34,27066.43,26825.96,26455.25,26866.04,26124.62,26715.75,26926.16,26244.85,26605.54,26054.49,26314.98,25713.86,26856.02,26194.76,26024.44,27066.43,27898.08,26244.85,27577.44,26415.18,26876.06,27547.38,26976.25,26755.83,27737.76,26815.94,27567.42,27968.22,25794.01,28118.52,26515.37,27336.96,26304.97,27467.22,28048.38,26375.1,26505.35,27066.43,26385.12,27286.86,26184.74,26475.29,27006.32,26876.06,30643.88,29792.02,29982.43,27547.38,26154.68,26795.91,30794.21,26715.75,27367.02,25834.08,26956.22,27607.5,26234.83,27016.34,27427.14,29010.36,29050.45,29561.53,32798.81,33951.58,35264.86,36628.39,34553.06,31706.26,33480.43,31455.69,31505.81,30243.0,31445.67,32367.79,27908.1,30393.32,31275.29,30072.63,31535.88,30112.71,31285.31,30944.54,29501.4,29411.21,30754.12,28799.92,31465.72,34352.57,31575.97,30142.78,30934.52,28268.83,25232.97,24952.47,24742.09,24211.15,24311.33,25443.36,23840.51,23199.42
24671.96,24461.59,24872.32,24171.08,24161.06,24451.57,24862.3,25653.75,27547.38,27256.8,27437.16,27537.36,26375.1,27387.06,26224.81,25753.93,26214.79,27847.98,25353.19,26655.63,26705.73,26274.91,26375.1,26785.89,27306.9,27457.2,26274.91,26325.0,27106.51,27326.94,26024.44,27076.45,28298.89,27056.41,27016.34,26204.78,26154.68,26104.59,26795.91,26114.61,25884.17,26485.31,27186.67,27427.14,27146.59,26034.46,27126.55,27707.7,26104.59,26876.06,27457.2,26896.1,27036.37,27837.96,27537.36,28218.73,28098.48,27076.45,26325.0,27106.51,27296.88,27847.98,26395.14,27998.28,27607.5,27296.88,27146.59,26585.5,29030.4,28168.63,30283.08,34061.85,31455.69,34111.97,34693.42,35425.26,33590.7,32147.28,31064.81,31405.58,28870.07,30984.63,28028.34,31185.08,30994.66,30463.48,31475.74,29501.4,27918.12,31676.2,31195.1,30413.37,31836.56,30994.66,31345.44,30744.1,32217.44,32037.02,32057.07,30042.56,28379.06,24271.25,24311.33,24822.23,24571.78,23960.72,24752.11,23419.79,24581.8
24110.98,24321.34,24311.33,25092.72,24161.06,23790.42,24892.36,26495.33,25293.08,27367.02,27096.49,27377.04,27116.53,26455.25,26805.92,26916.14,25733.89,25844.1,26114.61,26805.92,26625.58,26795.91,26856.02,26675.68,27567.42,26936.18,26565.46,26846.0,27016.34,27196.69,26916.14,27427.14,26615.56,26395.14,26695.71,25643.73,27176.65,27507.3,26395.14,26234.83,26665.65,27226.75,27397.08,26815.94,26375.1,27346.98,28288.87,27507.3,27647.58,27657.6,27677.64,27096.49,26214.79,27146.59,26996.29,27296.88,25944.29,26675.68,27727.74,27888.06,27938.16,27837.96,28459.22,26715.75,29050.45,27266.82,26996.29,27467.22,27597.48,28469.24,32658.47,33059.42,34843.79,35615.75,35816.27,32608.36,32387.84,30774.16,29351.08,32057.07,30062.6,33109.54,31776.43,31776.43,32227.47,31786.45,33019.33,28890.11,29471.34,29782.0,31155.01,31676.2,32447.98,34101.95,31305.35,34793.66,33239.86,31946.82,33189.74,31054.79,27928.14,25212.94,24281.27,25613.67,24100.96,25032.61,24221.17,24020.82,22668.54
24010.8,24611.86,23700.27,23920.65,23920.65,25092.72,26154.68,27026.35,26194.76,28529.36,27437.16,27717.72,25904.21,27637.56,27086.47,26405.16,26194.76,26304.97,26655.63,27787.86,26996.29,27016.34,26525.39,27978.24,27046.39,26284.93,27086.47,26846.0,26655.63,25493.45,27056.41,26555.44,27216.73,27357.0,26365.08,26515.37,26405.16,26485.31,27567.42,27066.43,27587.46,26555.44,27346.98,26094.57,26805.92,27978.24,28649.61,26475.29,27487.26,27076.45,27527.34,27116.53,27256.8,26365.08,26685.69,26094.57,27657.6,27918.12,28238.77,27837.96,26675.68,27988.26,28559.43,26655.63,26435.21,28348.99,28960.26,27176.65,25012.58,28649.61,28940.22,32468.03,34813.72,35264.86,34623.24,33801.21,32117.21,31124.95,27387.06,31485.76,30954.57,30774.16,30754.12,31606.04,29180.72,33630.8,31295.33,29671.76,28258.81,31205.13,29922.3,31185.08,34633.26,32417.91,30152.8,31836.56,30433.41,30663.92,31024.72,30954.57,25964.32,24912.39,24221.17,24040.85,24221.17,24712.04,24040.85,23780.4,23570.05
36097.0,35194.68,34402.69,34262.34,34452.81,35615.75,37510.75,37079.59,38453.33,37641.1,36798.84,35836.32,35916.53,35044.3,35796.22,36097.0,34422.74,35936.58,34202.19,35264.86,35134.52,35355.08,35114.47,34693.42,34111.97,33861.36,33951.58,33129.59,33791.19,33550.6,34101.95,35274.88,34222.24,33700.97,35144.55,34202.19,33771.14,33901.46,32387.84,33410.26,34984.14,34502.94,32698.57,32798.81,33400.24,32878.99,33941.55,33710.99,32818.85,33881.41,32718.62,32989.26,35014.22,34001.7,32087.14,33510.51,33310.02,32748.69,32508.12,33320.05,33430.31,35816.27,35375.14,33811.24,32337.72,38232.72,34593.16,32929.11,30383.3,32417.91,33831.29,34703.44,39757.0,39947.55,42565.33,39395.97,38914.61,32878.99,33851.33,35495.44,36107.02,37039.48,38282.86,36107.02,35034.27,36117.05,35726.03,33931.53,37721.32,33360.14,37761.43,35806.24,36347.65,37039.48,34362.59,34162.1,36508.07,36718.63,34512.97,35024.25,29611.63,29802.04,31796.47,30764.14,30623.83,28850.03,26815.94,26976.25,28228.75
26846.0,27507.3,27577.44,26896.1,27346.98,30022.52,29230.82,29080.51,30082.65,29541.48,29250.87,28108.51,28689.69,28649.61,29220.81,28910.15,28228.75,28369.04,28569.45,28058.4,28268.83,28238.77,27657.6,28469.24,28459.22,28549.41,29321.02,27447.18,28629.57,28579.47,29030.4,28519.34,27767.82,28248.79,28248.79,29130.61,28679.67,28539.39,30042.56,28679.67,28208.71,28940.22,28098.48,28338.97,28519.34,30222.95,29130.61,28840.01,29000.34,28840.01,28328.95,27807.9,28158.61,28278.85,27266.82,28489.28,26966.23,27837.96,27427.14,28579.47,26986.27,28068.42,28168.63,28829.98,31355.47,30603.79,29631.68,28589.49,28328.95,28379.06,27737.76,31144.99,31014.7,34683.39,36137.1,35074.37,33320.05,31515.83,32748.69,28379.06,43407.94,29551.51,32488.07,29481.35,32548.21,32868.97,30122.73,31616.06,30884.41,31144.99,30623.83,32758.71,32227.47,32558.24,34733.52,33330.07,32929.11,32828.88,32397.86,29321.02,25773.97,27747.78,29501.4,28679.67,25824.06,28088.46,26084.55,24932.43,24702.02
23560.03,25082.7,24942.45,24581.8,26635.6,27236.76,26645.61,28389.08,27326.94,27106.51,26244.85,26835.98,27767.82,26715.75,26735.79,27577.44,26254.87,26815.94,26495.33,26695.71,27377.04,26795.91,27407.1,26635.6,26825.96,26365.08,27387.06,25934.27,26254.87,26505.35,26264.89,27637.56,27737.76,25894.19,26204.78,27527.34,27226.75,26936.18,27387.06,27357.0,27847.98,27627.54,26745.81,25633.71,27928.14,26846.0,25934.27,26926.16,27597.48,26815.94,27266.82,27537.36,26906.12,27807.9,26705.73,26675.68,26835.98,27888.06,28078.44,27196.69,28208.71,27627.54,27357.0,29200.76,28078.44,27286.86,27096.49,27126.55,26856.02,27477.24,27837.96,28338.97,30974.61,31686.22,34944.04,36969.29,33921.51,31726.31,31606.04,28699.72,31335.42,30152.8,30222.95,32327.7,30012.49,30513.59,30122.73,32458.0,30483.52,31024.72,32838.9,30854.34,29050.45,28459.22,34132.02,33340.09,32989.26,31636.1,30383.3,28359.01,25022.59,27336.96,28840.01,28288.87,29190.74,30082.65,28890.11,24531.72,23920.65
25122.77,25182.88,24391.47,24171.08,26515.37,27076.45,28138.57,26966.23,27567.42,27868.02,26996.29,26735.79,26154.68,27086.47,26785.89,25523.51,26585.5,26876.06,26866.04,27316.92,25954.3,27086.47,26876.06,26585.5,27216.73,26906.12,27397.08,27517.32,27216.73,26264.89,26966.23,25944.29,28258.81,26665.65,26425.19,26425.19,25904.21,28338.97,26325.0,27296.88,27797.88,26886.08,27106.51,27537.36,27527.34,26675.68,27036.37,27126.55,28699.72,27397.08,28238.77,28359.01,27236.76,27096.49,27507.3,30092.67,27346.98,26655.63,27026.35,28539.39,27777.84,27817.92,29060.47,29872.19,27637.56,26946.2,26515.37,27096.49,29691.8,29020.38,29992.45,31726.31,30222.95,35084.4,34152.07,35996.74,34172.12,33229.83,31666.17,27858.0,30693.99,29421.23,31375.51,29140.63,33771.14,28499.3,32848.92,31345.44,31806.49,29351.08,32307.65,31796.47,31124.95,29571.55,32478.05,32498.1,32608.36,31435.65,30573.72,26715.75,24511.68,27847.98,28499.3,28369.04,29180.72,28449.2,29220.81,28469.24,27276.84
24100.96,26044.47,24060.89,25914.23,26966.23,27166.63,27136.57,28860.05,28188.67,26575.48,26455.25,27256.8,28078.44,26425.19,26986.27,26735.79,26896.1,27156.61,27136.57,27797.88,27346.98,26805.92,26445.23,27677.64,27377.04,26715.75,26615.56,26856.02,26525.39,26535.4,27497.28,26304.97,27076.45,26545.42,26034.46,27206.71,26345.04,27467.22,26705.73,26946.2,27898.08,26545.42,26906.12,27316.92,27587.46,27236.76,27397.08,27066.43,28068.42,28819.97,27557.4,27236.76,28589.49,28148.59,28809.94,27637.56,27367.02,26054.49,26886.08,27647.58,28168.63,27537.36,29902.26,27186.67,27306.9,26926.16,25824.06,28359.01,32097.17,30373.28,28008.3,27507.3,30673.94,31926.77,33209.78,33721.02,32498.1,30232.98,31906.72,31134.97,30593.77,29842.13,30663.92,27106.51,32207.42,31215.15,31505.81,30673.94,31656.15,30102.69,28469.24,31375.51,32327.7,31255.24,30754.12,32478.05,32768.73,31155.01,30323.17,27216.73,25433.34,26755.83,29721.87,29972.41,28268.83,29210.78,29270.91,29220.81,26294.95
23880.58,23279.56,24251.22,26244.85,27216.73,27397.08,28850.03,27006.32,27607.5,26154.68,27657.6,26846.0,25383.25,27036.37,27156.61,27547.38,26986.27,27547.38,27837.96,26735.79,26906.12,26916.14,25964.32,25844.1,26505.35,26064.51,27637.56,26525.39,27878.04,27056.41,26585.5,26635.6,26665.65,26876.06,27617.52,27507.3,26896.1,27136.57,26785.89,28038.36,27427.14,26805.92,26906.12,26134.64,26465.27,26976.25,26284.93,26906.12,27076.45,26565.46,26635.6,28519.34,27036.37,28308.91,27226.75,27757.8,27346.98,28018.32,28799.92,27357.0,26795.91,27657.6,29280.93,27837.96,26725.77,28348.99,24902.38,25052.65,29541.48,29782.0,28589.49,28038.36,29912.28,31986.91,33821.26,35294.93,30453.46,32207.42,32768.73,31876.65,31305.35,32127.23,31916.75,31395.56,31716.29,28970.28,31606.04,32858.95,31575.97,30683.96,28579.47,27517.32,31886.68,29571.55,30523.61,31405.58,29802.04,29411.21,29942.34,24972.5,25102.74,28328.95,30032.54,29331.04,28759.84,29621.65,28489.28,29391.16,27316.92
23910.63,25042.63,26134.64,27998.28,27627.54,28228.75,27056.41,27136.57,27296.88,27597.48,26896.1,27046.39,26435.21,25042.63,26435.21,26314.98,25743.91,25864.14,26264.89,26775.87,26164.7,25874.15,26926.16,27246.78,26335.02,28549.41,25964.32,27577.44,27046.39,27587.46,26314.98,27076.45,27336.96,27437.16,26785.89,26475.29,27346.98,26104.59,26284.93,27567.42,26605.54,27677.64,27156.61,28348.99,27457.2,26815.94,27727.74,26835.98,26966.23,27587.46,28629.57,27226.75,28008.3,27507.3,26525.39,27757.8,26294.95,26795.91,25994.38,27847.98,26465.27,30002.47,28308.91,27126.55,27767.82,28238.77,25583.62,25242.99,30263.04,29942.34,28138.57,31996.93,34793.66,31495.79,34122.0,33289.98,32518.14,32688.54,30343.21,30253.02,31415.6,32237.49,33179.71,31806.49,29180.72,31936.79,31666.17,31686.22,28579.47,31766.4,33059.42,32478.05,32337.72,32999.28,32548.21,33841.31,31315.38,30393.32,27146.59,25152.83,25984.36,29020.38,30443.43,29972.41,30202.91,30904.46,29451.29,29280.93,28248.79
25733.89,26665.65,26735.79,28429.16,27387.06,26114.61,27777.84,26725.77,28048.38,26635.6,26465.27,27457.2,27156.61,28338.97,25884.17,27417.12,27447.18,25383.25,26004.4,27086.47,27777.84,26745.81,26745.81,26976.25,26695.71,26876.06,28619.55,28669.65,28248.79,27457.2,27898.08,26615.56,26084.55,25934.27,27627.54,26715.75,27036.37,27898.08,27607.5,28238.77,28218.73,28348.99,27086.47,27878.04,26785.89,26976.25,27968.22,27567.42,29220.81,27367.02,28128.54,28599.51,26976.25,27687.66,27787.86,26725.77,26996.29,28188.67,26775.87,27827.94,27537.36,28188.67,28278.85,28228.75,28409.12,24872.32,25242.99,27006.32,28268.83,29020.38,28318.93,30844.32,26685.69,30543.65,33600.72,34122.0,34753.56,31195.1,33751.09,32939.14,30283.08,32057.07,30633.85,30704.01,29110.57,30804.23,32788.78,31165.04,29952.37,30814.25,29150.66,32919.09,28479.26,31876.65,33079.47,32257.53,31776.43,30122.73,25743.91,25683.8,26505.35,29300.97,28449.2,29381.14,30122.73,28890.11,30323.17,29040.43,26084.55
31706.26,26144.66,25944.29,27687.66,26485.31,27547.38,27747.78,26936.18,28168.63,27216.73,27397.08,27878.04,27296.88,26765.85,26194.76,26545.42,27086.47,27537.36,27126.55,26335.02,26575.48,26345.04,28328.95,27367.02,27246.78,27166.63,28479.26,26846.0,26264.89,26675.68,26755.83,26805.92,25453.38,25433.34,27086.47,26455.25,26425.19,26545.42,27467.22,27326.94,28599.51,26224.81,27306.9,27286.86,27497.28,26715.75,27306.9,27066.43,27136.57,28118.52,27407.1,27336.96,27968.22,27116.53,27667.62,27367.02,27657.6,27066.43,27667.62,27487.26,27026.35,27467.22,27497.28,26906.12,27737.76,27517.32,24141.03,24651.93,26184.74,28078.44,28108.51,30092.67,31666.17,34853.82,33821.26,38112.39,33390.22,32748.69,30864.36,30754.12,31886.68,30814.25,31325.4,31335.42,31425.63,30453.46,34252.32,29922.3,28729.78,32016.98,31225.17,32878.99,33059.42,34061.85,32798.81,32748.69,30513.59,28689.69,25874.15,25172.86,29341.06,29671.76,28950.24,29331.04,28809.94,28369.04,29952.37,29711.85,26525.39
24271.25,25613.67,27156.61,27727.74,26565.46,28008.3,27747.78,26695.71,26665.65,27577.44,26615.56,27096.49,27367.02,26525.39,25703.84,26545.42,27136.57,25994.38,27276.84,26936.18,26465.27,26124.62,27457.2,27908.1,27407.1,27677.64,27537.36,27086.47,27166.63,26304.97,25964.32,26565.46,27427.14,26435.21,28399.1,27367.02,26264.89,26465.27,26956.22,27888.06,27717.72,26785.89,27306.9,27116.53,27026.35,27166.63,28389.08,27467.22,27617.52,27126.55,27587.46,27827.94,26024.44,26595.52,28258.81,29421.23,27797.88,26405.16,27517.32,27246.78,27126.55,27106.51,27637.56,27336.96,28369.04,25884.17,24401.48,25713.86,27106.51,29060.47,25202.92,28920.18,32157.3,33149.64,36678.52,33570.65,34272.37,31345.44,32959.19,32508.12,33650.85,31505.81,31355.47,30293.11,30062.6,31305.35,32107.19,29411.21,32889.02,27717.72,32247.51,30212.93,32237.49,33600.72,30683.96,31185.08,31155.01,26916.14,25623.69,25673.78,29872.19,30493.54,30112.71,29822.08,30182.86,30363.26,30082.65,28719.76,27206.71
25303.1,26335.02,26825.96,26204.78,27116.53,27006.32,26785.89,27467.22,27276.84,26966.23,26715.75,27116.53,29040.43,27687.66,26655.63,26625.58,26525.39,26355.06,26956.22,26665.65,25834.08,27817.92,27617.52,26615.56,26254.87,26385.12,26274.91,27948.18,25543.54,26485.31,27477.24,27687.66,27647.58,27427.14,27847.98,27206.71,26535.4,27417.12,26655.63,26244.85,26936.18,27407.1,28108.51,28359.01,27336.96,27787.86,27517.32,27587.46,27246.78,26284.93,26635.6,26735.79,25894.19,26946.2,27236.76,26996.29,26755.83,26335.02,27286.86,26936.18,26966.23,27176.65,27477.24,25864.14,26435.21,26054.49,26876.06,24892.36,27747.78,28559.43,26745.81,28729.78,33199.76,35595.7,36447.91,34984.14,32317.68,31966.86,30232.98,31305.35,31335.42,30553.68,30212.93,29952.37,31776.43,27617.52,31756.38,30904.46,30182.86,30814.25,33550.6,31034.75,32778.76,32047.05,31676.2,31405.58,30714.03,26314.98,25172.86,25964.32,27847.98,30142.78,30353.24,29892.24,29681.78,29361.1,29381.14,29511.42,29070.49
23730.32,26415.18,26455.25,26004.4,27176.65,26345.04,26304.97,27617.52,26785.89,27116.53,28138.57,28078.44,29070.49,29341.06,29541.48,26976.25,27256.8,26335.02,26264.89,27016.34,26575.48,26996.29,26735.79,26886.08,27948.18,26846.0,26565.46,28298.89,28719.76,28268.83,27878.04,26395.14,26475.29,27026.35,26435.21,27046.39,26685.69,26825.96,28559.43,27767.82,26655.63,26515.37,27817.92,28178.65,26825.96,27757.8,27868.02,27096.49,27587.46,27998.28,27457.2,26715.75,26755.83,26805.92,26775.87,27226.75,27617.52,26986.27,28449.2,26966.23,27096.49,26635.6,27056.41,26775.87,27076.45,27868.02,27256.8,25092.72,28589.49,28168.63,26795.91,29321.02,34633.26,33510.51,34031.77,31225.17,33320.05,31205.13,29461.31,30553.68,31094.88,27717.72,30784.19,28629.57,32818.85,30253.02,31525.85,30563.7,31976.89,31295.33,29220.81,32909.06,33340.09,32959.19,31846.59,30964.59,26064.51,25763.95,24922.41,26445.23,28318.93,29601.61,29892.24,30263.04,30573.72,30864.36,30202.91,30022.52,25874.15
24521.7,25894.19,25212.94,27176.65,27006.32,26535.4,27086.47,27006.32,26124.62,26976.25,28529.36,28549.41,29210.78,27747.78,27597.48,27767.82,26204.78,26665.65,25633.71,27647.58,26605.54,25904.21,25393.27,26094.57,26545.42,26585.5,26505.35,28910.15,27908.1,27978.24,27026.35,25944.29,27106.51,27757.8,26655.63,26375.1,26445.23,27286.86,26515.37,26765.85,26655.63,28208.71,26405.16,26264.89,26825.96,27407.1,26194.76,27958.2,26996.29,27276.84,27637.56,26785.89,27437.16,26555.44,26154.68,25824.06,26886.08,27076.45,27186.67,27507.3,27296.88,26675.68,27266.82,26986.27,27387.06,26705.73,28058.4,27587.46,28258.81,28078.44,25864.14,27667.62,28369.04,31034.75,30122.73,30313.15,30573.72,29681.78,32458.0,30493.54,33019.33,29842.13,30313.15,32107.19,30744.1,30142.78,28338.97,30543.65,32568.26,32828.88,29010.36,28669.65,31585.99,32638.43,32107.19,28950.24,25343.18,24411.5,25633.71,26014.42,28198.69,29280.93,29952.37,31155.01,29651.72,27557.4,29190.74,25393.27,24601.84
24271.25,27006.32,25673.78,26294.95,26104.59,26355.06,27377.04,26455.25,26725.77,26695.71,27176.65,28088.46,26565.46,26815.94,25984.36,26565.46,26575.48,26645.61,26625.58,26314.98,26314.98,25904.21,24932.43,25162.85,25323.14,26415.18,26825.96,27206.71,27607.5,28058.4,27807.9,27066.43,27116.53,27968.22,27817.92,26294.95,26134.64,27717.72,27647.58,27517.32,26996.29,26765.85,26705.73,26415.18,26425.19,27657.6,27637.56,26445.23,27046.39,26775.87,27397.08,25814.04,27256.8,27106.51,25864.14,26615.56,27286.86,27367.02,26986.27,27918.12,27116.53,28148.59,28338.97,27276.84,27747.78,28118.52,28639.59,27246.78,27637.56,26846.0,27377.04,29882.21,27457.2,31094.88,31165.04,31355.47,29511.42,32868.97,31084.86,27898.08,31585.99,29240.85,31024.72,27737.76,29391.16,28779.88,30884.41,30573.72,31575.97,32287.61,32548.21,30343.21,31114.93,31375.51,30022.52,26144.66,23499.93,24932.43,25202.92,25122.77,29020.38,29691.8,30423.39,30824.27,28338.97,31355.47,27797.88,26164.7,25293.08
24110.98,25713.86,26204.78,25994.38,26555.44,27507.3,25763.95,26585.5,26555.44,26505.35,26986.27,26465.27,26846.0,27156.61,26184.74,25142.81,26325.0,26615.56,27046.39,26956.22,25222.96,25854.12,25453.38,26084.55,26565.46,26846.0,26976.25,25844.1,26325.0,26174.72,26335.02,26996.29,26515.37,25293.08,26435.21,26304.97,25904.21,27066.43,26415.18,26765.85,27657.6,26304.97,26134.64,26254.87,26465.27,26104.59,26124.62,25894.19,26946.2,26505.35,25783.99,27146.59,27136.57,27537.36,27326.94,26795.91,28278.85,27427.14,27226.75,27847.98,27667.62,28559.43,27627.54,27797.88,27908.1,28379.06,27597.48,28529.36,27286.86,29521.44,29792.02,30052.58,26936.18,31034.75,30142.78,31124.95,30683.96,32588.31,30563.7,30724.05,27998.28,37089.61,28920.18,29651.72,30122.73,34182.15,29020.38,30533.63,32598.33,31325.4,31315.38,30493.54,31565.94,31565.94,29882.21,25503.47,23910.63,24431.54,24331.36,28018.32,30122.73,29812.06,29892.24,27707.7,30202.91,30343.21,28870.07,26856.02,25112.75
24040.85,25563.58,35615.75,25974.34,27447.18,27206.71,26735.79,26345.04,25974.34,26214.79,26745.81,26485.31,27176.65,27016.34,25834.08,26264.89,26785.89,25974.34,26224.81,27056.41,26194.76,26154.68,26876.06,27226.75,26605.54,27106.51,26755.83,26024.44,27016.34,26715.75,25673.78,26906.12,26555.44,26314.98,27697.68,27076.45,27978.24,27607.5,27457.2,27968.22,25874.15,25934.27,26465.27,26615.56,26916.14,26154.68,26294.95,26314.98,26104.59,27196.69,26154.68,26044.47,27346.98,26244.85,26996.29,27016.34,28038.36,26976.25,25854.12,26876.06,26966.23,27747.78,25623.69,25553.56,25613.67,28258.81,27497.28,26725.77,27026.35,27948.18,31205.13,34041.8,36377.73,31626.08,31876.65,30593.77,31445.67,29190.74,28950.24,30824.27,28469.24,31575.97,30102.69,30152.8,33249.88,27477.24,31355.47,30774.16,31004.68,33169.69,32899.04,31746.35,30854.34,31104.9,26846.0,24902.38,25082.7,24251.22,26204.78,29491.38,29872.19,30182.86,26695.71,30283.08,29922.3,29190.74,25673.78,27717.72,25263.03
24201.13,25353.19,26184.74,26585.5,25152.83,27036.37,25834.08,26294.95,26114.61,26174.72,27066.43,26304.97,26254.87,26335.02,26615.56,25884.17,26825.96,26856.02,25834.08,26395.14,26655.63,26936.18,26264.89,26284.93,25623.69,25333.16,25683.8,25794.01,26866.04,26104.59,26184.74,25944.29,26745.81,26775.87,26805.92,26455.25,27206.71,25874.15,26705.73,26475.29,29030.4,26785.89,26365.08,26685.69,26074.53,25794.01,26585.5,26685.69,26605.54,26375.1,27326.94,27737.76,25924.25,26886.08,28549.41,26795.91,26695.71,25593.63,27036.37,25673.78,24832.25,25122.77,23870.56,24060.89,24110.98,24571.78,28970.28,26846.0,27617.52,29531.46,34402.69,34111.97,33650.85,33169.69,30152.8,30613.81,29180.72,28599.51,29892.24,29912.28,30914.48,29872.19,30333.19,29972.41,29100.55,32277.58,32147.28,30353.24,33320.05,33460.39,30122.73,30874.39,31505.81,29140.63,24762.12,23770.39,24872.32,24131.01,26805.92,27367.02,29040.43,29872.19,26635.6,27587.46,29341.06,27797.88,25723.88,24511.68,24020.82
24671.96,24872.32,25032.61,26445.23,26415.18,27346.98,27126.55,26385.12,26415.18,26775.87,26886.08,25242.99,25242.99,26615.56,27256.8,26635.6,26405.16,25533.53,25653.75,26475.29,25593.63,26505.35,25613.67,25944.29,26475.29,27777.84,26966.23,25964.32,27246.78,27046.39,25914.23,26946.2,26946.2,26555.44,26234.83,26745.81,26164.7,26846.0,26886.08,27216.73,27647.58,26575.48,26304.97,26545.42,26014.42,27527.34,25483.43,26084.55,27377.04,26645.61,26074.53,27146.59,27387.06,26234.83,27206.71,27858.0,25964.32,27878.04,27497.28,25002.56,25202.92,23960.72,24381.45,23429.81,23860.54,27427.14,28338.97,26505.35,27657.6,32157.3,32327.7,34573.11,34823.74,32508.12,34282.39,34061.85,29581.57,29220.81,29280.93,31906.72,29220.81,29782.0,28689.69,31315.38,30333.19,29611.63,30202.91,30964.59,31626.08,31305.35,32307.65,29912.28,30192.89,26415.18,25142.81,24892.36,24351.4,24641.91,26645.61,27717.72,29711.85,28078.44,25834.08,28559.43,27918.12,27467.22,25463.39,24882.34,24461.59
24732.07,25864.14,25683.8,26986.27,26525.39,26304.97,25393.27,26835.98,25763.95,25673.78,26575.48,27557.4,26535.4,27056.41,26605.54,26445.23,25834.08,26595.52,26595.52,25323.14,26565.46,26475.29,27246.78,26314.98,27517.32,26926.16,25483.43,25974.34,26084.55,25273.05,26765.85,26625.58,26565.46,26916.14,26034.46,26535.4,27938.16,27186.67,27296.88,27036.37,26525.39,26725.77,26775.87,26144.66,26615.56,27286.86,26395.14,25603.65,25553.56,26575.48,26244.85,25683.8,26194.76,26805.92,27387.06,27587.46,27186.67,27316.92,26775.87,26274.91,25353.19,24581.8,23740.34,24992.54,24131.01,26094.57,27146.59,27777.84,26294.95,31155.01,36217.31,35164.6,36678.52,41421.87,34122.0,30102.69,30082.65,30994.66,29621.65,29972.41,31144.99,31926.77,31034.75,31044.77,31896.7,32578.28,30283.08,30192.89,31144.99,31886.68,30463.48,30222.95,27737.76,25653.75,24090.94,26545.42,24922.41,25303.1,28338.97,30012.49,28789.9,29902.26,24641.91,25723.88,25984.36,26335.02,26084.55,25443.36,25834.08
24581.8,25443.36,26795.91,25954.3,27126.55,26074.53,26515.37,26765.85,25743.91,25934.27,26274.91,27096.49,27036.37,26495.33,26966.23,27176.65,25493.45,26505.35,25723.88,24351.4,26445.23,25874.15,25894.19,27186.67,27928.14,26024.44,25834.08,26314.98,25934.27,25984.36,26505.35,26304.97,27377.04,25152.83,27256.8,26104.59,25904.21,26525.39,26615.56,25723.88,25934.27,27306.9,26254.87,25874.15,26435.21,26535.4,27336.96,26104.59,25523.51,26505.35,26224.81,26515.37,25884.17,27016.34,27256.8,27036.37,27006.32,26284.93,27397.08,26936.18,27106.51,27106.51,28359.01,28539.39,26886.08,26114.61,42334.63,27647.58,27617.52,30794.21,32037.02,36317.57,31275.29,31716.29,31215.15,29842.13,29892.24,29310.99,31014.7,30032.54,30744.1,32297.63,32287.61,30704.01,28118.52,28719.76,30132.76,30864.36,33099.52,31555.92,29451.29,28098.48,25954.3,26154.68,23369.71,25142.81,24181.1,25753.93,28860.05,29381.14,28589.49,28789.9,25743.91,24481.63,24421.52,23930.66,23920.65,26505.35,25112.75
34272.37,37811.56,36768.76,37089.61,36327.6,36698.58,35485.42,35475.39,35966.66,36257.41,35074.37,37109.67,34693.42,35565.62,36147.13,35014.22,36127.07,34122.0,34533.01,35415.24,36688.55,36417.83,34412.71,35024.25,34041.8,34312.47,34332.52,34081.9,34412.71,33550.6,34061.85,34522.99,34753.56,33771.14,34913.97,34322.49,32297.63,33801.21,33490.46,34051.82,33580.68,33660.87,33660.87,34412.71,32357.77,33550.6,32558.24,33520.53,32909.06,32207.42,33310.02,34522.99,31676.2,34041.8,32067.09,32307.65,31806.49,30814.25,32909.06,33851.33,31305.35,31746.35,34843.79,33530.55,35385.16,32478.05,36437.89,32067.09,32808.83,37621.04,39295.69,39566.46,38232.72,39335.8,35495.44,34683.39,32237.49,37691.24,35736.06,37560.88,38373.11,35164.6,34783.64,35234.78,35565.62,35244.8,33851.33,35194.68,35174.63,36598.31,34492.91,31004.68,31926.77,28980.3,29551.51,27497.28,27878.04,27146.59,27126.55,27978.24,29501.4,29531.46,29812.06,27667.62,27707.7,27126.55,27296.88,32067.09,30984.63
27477.24,28018.32,28990.32,27827.94,28238.77,29411.21,29331.04,29481.35,28890.11,28409.12,28429.16,28970.28,29000.34,28689.69,28208.71,29170.7,28288.87,28308.91,28489.28,28829.98,27447.18,27306.9,29812.06,28168.63,27477.24,29371.12,29691.8,27036.37,27767.82,28078.44,28278.85,28689.69,28529.36,27357.0,28258.81,27868.02,29802.04,28058.4,27557.4,28719.76,28920.18,28819.97,28990.32,28910.15,27998.28,29100.55,27357.0,27878.04,27647.58,28409.12,29371.12,28288.87,27547.38,27657.6,27477.24,28659.63,27837.96,28218.73,29130.61,27497.28,28629.57,28599.51,28689.69,29641.7,28439.18,28348.99,27717.72,30243.0,30794.21,33791.19,34683.39,34392.67,30784.19,32718.62,31836.56,31786.45,31545.9,30483.52,32798.81,32608.36,32648.45,31565.94,32257.53,34663.34,30804.23,32207.42,32508.12,31345.44,31285.31,30523.61,28198.69,27537.36,27196.69,25142.81,25313.12,25333.16,27136.57,28268.83,27928.14,29681.78,27968.22,24942.45,24742.09,25723.88,25202.92,24471.61,29331.04,30343.21,29741.91
23890.6,24872.32,25924.25,25553.56,26495.33,26194.76,26735.79,25854.12,26264.89,26515.37,26715.75,27357.0,26174.72,26916.14,26785.89,27747.78,26795.91,27196.69,26345.04,26375.1,26545.42,26505.35,27417.12,25834.08,25443.36,27266.82,26385.12,25884.17,27206.71,26254.87,27256.8,26886.08,26074.53,26655.63,26535.4,27306.9,26435.21,26595.52,26856.02,25603.65,26475.29,27166.63,27336.96,27006.32,26425.19,27036.37,26375.1,26635.6,26345.04,27266.82,26846.0,27076.45,27226.75,26575.48,26435.21,26214.79,25463.39,28509.32,26415.18,27787.86,27216.73,26835.98,27016.34,27266.82,27306.9,26575.48,27577.44,26876.06,28118.52,32848.92,34302.44,30082.65,30904.46,31345.44,31205.13,28880.09,30353.24,29351.08,33450.36,31575.97,27918.12,31044.77,32427.93,30764.14,29701.83,28258.81,31646.13,31616.06,30994.66,29220.81,26425.19,28809.94,24521.7,24301.31,26204.78,29461.31,29972.41,29441.27,30553.68,28729.78,26014.42,25002.56,23529.98,24932.43,24581.8,29290.95,29982.43,30343.21,25313.12
24912.39,25633.71,25613.67,25874.15,26695.71,27196.69,26565.46,26555.44,26074.53,26685.69,26345.04,25924.25,25102.74,26304.97,25924.25,26996.29,27046.39,27557.4,27527.34,28499.3,26545.42,26645.61,25683.8,26204.78,26455.25,26495.33,26445.23,27006.32,26946.2,28759.84,27176.65,26555.44,26665.65,26695.71,26264.89,25994.38,25503.47,25894.19,26645.61,26174.72,27006.32,37600.99,26124.62,27487.26,26996.29,26785.89,26585.5,26976.25,27196.69,27026.35,27377.04,26966.23,27427.14,26735.79,27567.42,27437.16,28819.97,27397.08,27116.53,26575.48,27306.9,27206.71,26775.87,25984.36,26866.04,27938.16,27717.72,26835.98,30744.1,32828.88,32468.03,31335.42,28118.52,28799.92,28980.3,28449.2,31906.72,30563.7,31515.83,32147.28,30413.37,30222.95,29832.11,31305.35,30343.21,32147.28,30072.63,31686.22,30012.49,25964.32,29030.4,26465.27,24591.82,24191.12,28549.41,29771.98,29551.51,27797.88,27497.28,25363.21,25202.92,24000.79,24792.18,26876.06,28890.11,29802.04,30393.32,30002.47,29100.55
25142.81,26475.29,25753.93,26054.49,27086.47,27086.47,25242.99,26455.25,26595.52,27126.55,26495.33,25924.25,26154.68,26535.4,27457.2,26575.48,26625.58,26455.25,27407.1,26755.83,26595.52,26876.06,26445.23,25994.38,26154.68,26585.5,27026.35,26655.63,26575.48,27226.75,27176.65,26475.29,28058.4,27166.63,26695.71,26375.1,26395.14,26525.39,27737.76,27467.22,26976.25,25974.34,26214.79,27066.43,26024.44,26565.46,26184.74,26505.35,26765.85,26946.2,26946.2,27206.71,26455.25,26665.65,29200.76,28278.85,27346.98,26825.96,26785.89,27136.57,25964.32,26405.16,26645.61,27296.88,28158.61,26835.98,27226.75,29761.96,31185.08,32367.79,31435.65,29912.28,29852.15,30243.0,30643.88,31315.38,32097.17,31165.04,30493.54,30443.43,30693.99,31265.26,31004.68,30764.14,30052.58,31706.26,31525.85,32828.88,26805.92,28509.32,29130.61,24411.5,23790.42,26164.7,29341.06,28970.28,30593.77,26485.31,24401.48,25383.25,24762.12,24281.27,29080.51,29581.57,30132.76,29782.0,28308.91,29020.38,28509.32
25172.86,25273.05,25623.69,26174.72,27527.34,26645.61,25804.02,26846.0,27246.78,27026.35,27136.57,25834.08,26755.83,27507.3,26505.35,26575.48,26876.06,27988.26,29020.38,27216.73,27427.14,26856.02,26435.21,26074.53,28809.94,26304.97,26585.5,26876.06,26645.61,26575.48,25393.27,27467.22,27066.43,27056.41,26224.81,26946.2,26385.12,26966.23,28028.34,26555.44,26785.89,26755.83,27246.78,26465.27,26505.35,26194.76,27397.08,26645.61,26505.35,26034.46,25583.62,27296.88,26986.27,28860.05,27276.84,26104.59,28328.95,27106.51,26385.12,27387.06,27377.04,27336.96,27086.47,26916.14,27677.64,27677.64,28238.77,32247.51,31004.68,31806.49,28539.39,27727.74,29782.0,29711.85,31134.97,31415.6,31886.68,30112.71,31565.94,31054.79,30062.6,27928.14,30283.08,29962.39,32016.98,30273.06,30513.59,26675.68,27066.43,30954.57,24732.07,24401.48,24872.32,29110.57,28799.92,29170.7,26274.91,25092.72,24191.12,24070.91,25844.1,29331.04,30082.65,29160.68,29882.21,29381.14,28759.84,27437.16,26505.35
36307.55,36668.5,37129.72,37129.72,36578.26,37089.61,36778.79,37540.83,35776.16,35836.32,35786.19,35796.22,35224.75,36528.12,35856.37,34944.04,35214.73,35615.75,34332.52,35695.96,34402.69,35465.37,35214.73,35515.5,34322.49,34482.89,35104.45,33781.16,34713.46,35455.34,34111.97,34202.19,34041.8,34883.89,33861.36,33650.85,33891.43,34583.14,33049.4,33921.51,33620.77,33721.02,32768.73,33460.39,32899.04,32959.19,31736.33,32417.91,32848.92,33219.81,32047.05,32868.97,33330.07,34011.73,32197.39,32949.16,33079.47,30804.23,32417.91,30964.59,32447.98,32297.63,32658.47,33680.92,34282.39,34623.24,34041.8,36828.92,39315.74,37009.4,34522.99,35415.24,33710.99,34833.77,36558.21,37169.83,36347.65,37350.31,35595.7,40629.53,35776.16,34673.36,35224.75,35455.34,36357.68,34944.04,32197.39,31435.65,34192.17,28369.04,28669.65,28328.95,33310.02,31636.1,34041.8,29030.4,28419.14,28078.44,27627.54,30343.21,32758.71,33911.48,33690.94,32718.62,34202.19,31946.82,29681.78,33410.26,32848.92
27146.59,27988.26,27958.2,28659.63,28709.74,29381.14,29070.49,29351.08,29411.21,29551.51,29240.85,29541.48,29110.57,28338.97,27868.02,29611.63,29010.36,28689.69,29070.49,28809.94,29130.61,28348.99,28679.67,28138.57,28389.08,29491.38,29140.63,29260.89,29160.68,29210.78,27777.84,29010.36,27898.08,28178.65,28308.91,27747.78,27457.2,27076.45,28789.9,27547.38,28228.75,27988.26,28920.18,30343.21,27858.0,27888.06,28318.93,28619.55,28008.3,29040.43,27757.8,28288.87,28379.06,27888.06,27727.74,28248.79,27637.56,26735.79,27888.06,28068.42,27326.94,27587.46,27447.18,29030.4,30643.88,29451.29,29451.29,30603.79,31936.79,30253.02,32427.93,29822.08,30663.92,30473.5,29491.38,29862.17,32578.28,33861.36,29902.26,29882.21,31706.26,30774.16,32107.19,31636.1,31666.17,27988.26,29230.82,29060.47,25012.58,24782.16,25343.18,29090.53,27617.52,30924.5,28609.53,25373.23,25403.28,24962.48,28559.43,29982.43,30222.95,29110.57,29310.99,28369.04,25894.19,29310.99,30794.21,31585.99,30964.59
24201.13,25864.14,26835.98,27056.41,27567.42,27577.44,26735.79,26976.25,27547.38,26425.19,26815.94,27417.12,27266.82,26555.44,26615.56,26956.22,27206.71,26856.02,27747.78,26725.77,26856.02,27878.04,27146.59,26846.0,26174.72,27807.9,26846.0,27447.18,27136.57,26866.04,26725.77,26084.55,26104.59,28068.42,27156.61,26465.27,26765.85,26775.87,25984.36,26004.4,28198.69,27898.08,26124.62,26214.79,26815.94,26675.68,26735.79,26835.98,27196.69,27397.08,26565.46,26946.2,27617.52,25653.75,26575.48,27086.47,25994.38,26024.44,27407.1,27968.22,26605.54,26164.7,27587.46,27817.92,29100.55,27837.96,27617.52,28880.09,29220.81,29521.44,29020.38,28288.87,28809.94,28018.32,30363.26,29471.34,30593.77,28749.82,29982.43,31786.45,29852.15,30503.57,30343.21,29882.21,27086.47,27367.02,29250.87,25814.04,25002.56,25313.12,27407.1,27767.82,27777.84,28499.3,25062.66,24722.05,25212.94,26545.42,29621.65,29030.4,31004.68,29681.78,29962.39,25904.21,30012.49,29771.98,30523.61,30323.17,26284.93
24351.4,26665.65,26154.68,26655.63,27146.59,26214.79,27427.14,26735.79,27116.53,27537.36,27296.88,27186.67,27737.76,26835.98,27026.35,27687.66,27717.72,26745.81,27787.86,26635.6,26445.23,27587.46,27236.76,27697.68,27457.2,26896.1,26825.96,26805.92,26916.14,26996.29,28208.71,27196.69,26074.53,26335.02,27306.9,26294.95,27447.18,25703.84,26635.6,26154.68,26044.47,26926.16,26835.98,26395.14,26565.46,26675.68,26134.64,26264.89,26385.12,28008.3,26906.12,25854.12,26635.6,26004.4,25453.38,27166.63,26294.95,26375.1,26936.18,27286.86,27717.72,27156.61,27407.1,27286.86,27196.69,26866.04,28148.59,27697.68,28078.44,27156.61,28910.15,29751.93,29140.63,30553.68,28729.78,29150.66,28890.11,28970.28,31144.99,31165.04,30222.95,30413.37,29771.98,26184.74,26835.98,27767.82,24591.82,24010.8,24571.78,27417.12,29741.91,25683.8,27597.48,25463.39,24902.38,24391.47,25112.75,29120.59,26775.87,28950.24,30303.13,29982.43,28829.98,25062.66,28318.93,29942.34,30764.14,29080.51,30373.28
34623.24,36337.63,38092.33,36708.6,37189.88,37771.45,37059.54,36708.6,37129.72,35716.01,36568.23,36056.89,37069.56,36949.24,37009.4,35675.91,36859.0,36407.81,35525.52,36197.26,36237.36,37340.29,35084.4,35395.19,34332.52,33751.09,34593.16,34593.16,34312.47,33741.06,33600.72,34192.17,33259.9,34252.32,34723.49,32598.33,32959.19,33390.22,32488.07,32508.12,33400.24,32387.84,32167.33,32157.3,33400.24,32949.16,33851.33,34502.94,33179.71,32848.92,33690.94,32107.19,32317.68,31946.82,32207.42,32939.14,32738.66,33450.36,33209.78,32588.31,33400.24,32788.78,32949.16,32097.17,33109.54,32407.89,32658.47,32147.28,33119.57,33179.71,34152.07,34392.67,35314.98,35856.37,36628.39,36197.26,36026.81,37019.43,35455.34,34823.74,34152.07,32347.75,30212.93,34162.1,34613.21,28669.65,28348.99,29290.95,32277.58,35104.45,31395.56,28809.94,29531.46,28298.89,28759.84,28829.98,30112.71,30273.06,31736.33,33841.31,35084.4,32257.53,28719.76,29130.61,32387.84,33540.58,33269.93,34954.07,31786.45
27787.86,28459.22,28639.59,29731.89,30192.89,28739.8,29130.61,29190.74,29401.19,28629.57,29331.04,29802.04,28198.69,28850.03,28429.16,29200.76,30583.74,29842.13,29270.91,29411.21,30593.77,28409.12,28479.26,29100.55,28890.11,28529.36,28639.59,29541.48,28058.4,28379.06,28799.92,29120.59,29651.72,29090.53,29070.49,28318.93,27687.66,28689.69,28218.73,28649.61,27226.75,28599.51,27978.24,27757.8,28659.63,28769.86,27637.56,27567.42,28809.94,26906.12,28399.1,27457.2,28138.57,28559.43,29160.68,28369.04,28950.24,27787.86,27888.06,27878.04,27847.98,26625.58,25844.1,25653.75,25854.12,25773.97,26104.59,26675.68,26655.63,27767.82,28880.09,28679.67,30513.59,29521.44,30032.54,31004.68,31375.51,31606.04,31165.04,30313.15,27547.38,27467.22,31215.15,30824.27,26124.62,25613.67,24932.43,25172.86,31245.22,31626.08,26274.91,27116.53,24792.18,25914.23,27036.37,29902.26,30112.71,31114.93,31225.17,30904.46,30062.6,28930.19,29431.25,30834.3,31956.84,31646.13,31535.88,29992.45,28639.59
24141.03,25533.53,26375.1,28058.4,29170.7,27176.65,25794.01,26775.87,26535.4,27577.44,26515.37,28098.48,26835.98,27517.32,27697.68,27256.8,25553.56,26946.2,27517.32,26976.25,26595.52,27166.63,26986.27,27006.32,26695.71,27016.34,27296.88,26896.1,27827.94,27617.52,26234.83,26174.72,27417.12,26244.85,27357.0,26104.59,26505.35,26765.85,27417.12,27016.34,27036.37,27186.67,26715.75,27286.86,25703.84,26515.37,26685.69,26074.53,26274.91,26976.25,26415.18,26876.06,27166.63,26164.7,28028.34,26325.0,26515.37,25834.08,25964.32,24120.99,23970.73,25523.51,24040.85,24932.43,24862.3,24882.34,24571.78,24681.98,24571.78,25232.97,26074.53,26294.95,28068.42,27958.2,28359.01,29331.04,29160.68,26906.12,24932.43,25413.3,28980.3,31485.76,26655.63,24471.61,24882.34,25703.84,25773.97,27507.3,27747.78,26405.16,25202.92,23439.82,24912.39,27948.18,30804.23,30393.32,29130.61,27126.55,31104.9,31796.47,30423.39,29341.06,30704.01,30874.39,28739.8,30263.04,30483.52,31616.06,26164.7
24541.73,25944.29,25703.84,26996.29,27016.34,26345.04,26254.87,27988.26,25643.73,27387.06,27026.35,26254.87,28008.3,26214.79,27126.55,26705.73,27717.72,26966.23,26825.96,27647.58,26395.14,25904.21,27336.96,26365.08,25844.1,25904.21,26976.25,25794.01,26144.66,26224.81,26585.5,27797.88,26224.81,26846.0,27477.24,27036.37,26234.83,26284.93,26966.23,26745.81,26775.87,26926.16,27056.41,26635.6,26585.5,26635.6,26815.94,27627.54,27176.65,27216.73,27216.73,27527.34,28038.36,26906.12,26856.02,26284.93,25553.56,24932.43,23990.77,24822.23,24581.8,25463.39,24261.24,24621.87,25543.54,24591.82,24671.96,24060.89,24531.72,25022.59,25293.08,24171.08,24882.34,24651.93,24852.28,24451.57,24461.59,24251.22,27868.02,30944.54,31555.92,27627.54,27056.41,25022.59,25042.63,25984.36,28910.15,28138.57,25814.04,29130.61,29070.49,25433.34,25713.86,25363.21,30052.58,30974.61,28860.05,25383.25,30363.26,30202.91,30794.21,28038.36,30052.58,29581.57,26896.1,30794.21,30824.27,30092.67,27336.96
24882.34,26264.89,27116.53,26635.6,26084.55,26545.42,27336.96,26274.91,27657.6,26976.25,26465.27,25864.14,26164.7,27797.88,26906.12,26936.18,27567.42,27587.46,26294.95,26425.19,27367.02,26184.74,26395.14,26194.76,27116.53,26555.44,26815.94,27527.34,27246.78,27016.34,26044.47,25503.47,27607.5,26184.74,26174.72,27086.47,26465.27,26044.47,27316.92,27858.0,25944.29,27677.64,26475.29,27276.84,26104.59,27246.78,26805.92,26765.85,27026.35,26755.83,27246.78,26635.6,27958.2,25854.12,25303.1,25142.81,24802.2,25052.65,24231.19,24772.14,24922.41,25613.67,25142.81,24802.2,24872.32,23760.37,25824.06,24331.36,24020.82,24742.09,24010.8,24131.01,24110.98,25022.59,24732.07,24882.34,25944.29,29481.35,31475.74,31706.26,28930.19,30102.69,29531.46,24421.52,29471.34,29701.83,29351.08,29310.99,31906.72,32909.06,26104.59,25132.79,24872.32,27637.56,29060.47,30323.17,30323.17,29371.12,28389.08,31044.77,29581.57,28900.13,30263.04,28840.01,25593.63,30253.02,31706.26,30212.93,28308.91
24511.68,26054.49,26515.37,26234.83,26274.91,26946.2,26775.87,26866.04,26144.66,26625.58,27066.43,27617.52,26545.42,27076.45,26866.04,26304.97,27066.43,27196.69,26254.87,26154.68,27226.75,26715.75,25934.27,26525.39,25533.53,26835.98,26094.57,26735.79,26475.29,26345.04,26785.89,26966.23,26495.33,26775.87,27166.63,26455.25,27497.28,27447.18,27757.8,27487.26,25413.3,28008.3,27016.34,27206.71,26835.98,27106.51,26986.27,27026.35,27477.24,27016.34,27817.92,26815.94,25192.9,25333.16,25232.97,24671.96,24631.89,24822.23,26214.79,27888.06,29331.04,29711.85,26775.87,27477.24,27667.62,29782.0,29240.85,30794.21,28559.43,26174.72,24501.66,25713.86,27046.39,29020.38,29491.38,31736.33,31024.72,32468.03,29832.11,29421.23,29782.0,30693.99,28158.61,29711.85,29471.34,30243.0,28489.28,30463.48,28990.32,26876.06,24832.25,25473.41,25854.12,27397.08,29802.04,31265.26,27787.86,27657.6,30243.0,29862.17,30994.66,31255.24,31155.01,26525.39,28278.85,30964.59,30693.99,30393.32,27868.02
